Participant;reward;difficulty;Trial_ERP;Outlier;mean_N200;mean_P300;peak_N200;mean_to_mean_P300
sub-1_raw.fif;amotiv;hard;0;1.0;5.532;-1.007;-6.038;-6.539
sub-1_raw.fif;amotiv;hard;1;1.0;8.285;5.807;4.888;-2.478
sub-1_raw.fif;amotiv;hard;2;1.0;7.564;-14.393;2.743;-21.958
sub-1_raw.fif;amotiv;hard;3;1.0;-5.685;0.675;-9.21;6.36
sub-1_raw.fif;amotiv;hard;4;1.0;8.491;10.003;6.114;1.512
sub-1_raw.fif;amotiv;hard;5;1.0;1.022;2.645;-1.855;1.622
sub-1_raw.fif;amotiv;hard;6;1.0;-1.842;1.489;-7.32;3.331
sub-1_raw.fif;amotiv;hard;7;1.0;9.108;9.487;4.826;0.378
sub-1_raw.fif;amotiv;hard;8;1.0;3.74;1.493;0.001;-2.246
sub-1_raw.fif;amotiv;hard;9;1.0;-8.559;6.217;-10.875;14.776
sub-1_raw.fif;amotiv;hard;10;0.0;2.057;21.324;-1.517;19.267
sub-1_raw.fif;amotiv;hard;11;0.0;10.759;19.609;9.575;8.85
sub-1_raw.fif;amotiv;hard;12;1.0;-5.174;5.737;-8.458;10.912
sub-1_raw.fif;amotiv;hard;13;1.0;5.832;10.413;-0.475;4.58
sub-1_raw.fif;amotiv;hard;14;1.0;2.238;4.688;-1.234;2.45
sub-1_raw.fif;amotiv;hard;15;1.0;0.56;0.523;-4.618;-0.037
sub-1_raw.fif;amotiv;hard;16;1.0;12.787;-1.397;8.806;-14.184
sub-1_raw.fif;amotiv;hard;17;0.0;-14.877;-13.988;-21.271;0.889
sub-1_raw.fif;amotiv;hard;18;0.0;2.826;22.141;-3.38;19.315
sub-1_raw.fif;amotiv;hard;19;1.0;8.304;6.113;5.951;-2.19
sub-1_raw.fif;amotiv;hard;20;1.0;4.506;2.359;1.724;-2.147
sub-1_raw.fif;amotiv;hard;21;1.0;7.281;6.075;3.617;-1.206
sub-1_raw.fif;amotiv;hard;22;1.0;9.697;10.159;6.036;0.463
sub-1_raw.fif;amotiv;hard;23;0.0;18.205;13.091;11.296;-5.114
sub-1_raw.fif;amotiv;hard;24;1.0;9.905;6.847;5.474;-3.058
sub-1_raw.fif;amotiv;hard;25;1.0;-2.954;7.697;-6.758;10.651
sub-1_raw.fif;motiv;easy;26;1.0;18.693;-3.22;12.056;-21.913
sub-1_raw.fif;motiv;easy;27;1.0;-5.25;3.209;-13.483;8.459
sub-1_raw.fif;motiv;easy;28;1.0;1.496;1.439;-2.085;-0.057
sub-1_raw.fif;motiv;easy;29;1.0;-1.564;7.495;-4.48;9.059
sub-1_raw.fif;motiv;easy;30;1.0;-8.107;-6.37;-9.749;1.737
sub-1_raw.fif;motiv;easy;31;1.0;9.621;5.053;7.572;-4.568
sub-1_raw.fif;motiv;easy;32;1.0;5.818;3.527;0.411;-2.29
sub-1_raw.fif;motiv;easy;33;1.0;-3.178;4.222;-8.271;7.4
sub-1_raw.fif;motiv;easy;34;1.0;1.291;15.242;-3.789;13.951
sub-1_raw.fif;motiv;easy;35;1.0;-2.417;7.083;-10.282;9.5
sub-1_raw.fif;motiv;easy;36;1.0;-0.776;12.568;-4.225;13.344
sub-1_raw.fif;motiv;easy;37;1.0;-6.151;8.799;-11.785;14.951
sub-1_raw.fif;motiv;easy;38;1.0;8.215;1.934;2.181;-6.281
sub-1_raw.fif;motiv;easy;39;0.0;15.146;14.147;12.528;-0.999
sub-1_raw.fif;motiv;easy;40;0.0;0.902;23.789;-16.26;22.887
sub-1_raw.fif;motiv;easy;41;1.0;2.899;9.672;-2.328;6.773
sub-1_raw.fif;motiv;easy;42;1.0;14.493;10.006;10.367;-4.487
sub-1_raw.fif;motiv;easy;43;1.0;0.534;13.577;-4.992;13.042
sub-1_raw.fif;motiv;easy;44;0.0;-11.255;-10.488;-14.917;0.767
sub-1_raw.fif;motiv;easy;45;1.0;7.24;12.074;1.441;4.834
sub-1_raw.fif;motiv;easy;46;1.0;8.723;5.61;0.404;-3.113
sub-1_raw.fif;motiv;easy;47;1.0;3.704;2.848;1.012;-0.856
sub-1_raw.fif;motiv;easy;48;1.0;15.044;4.86;12.687;-10.185
sub-1_raw.fif;motiv;easy;49;0.0;-1.404;-10.806;-4.713;-9.402
sub-1_raw.fif;motiv;easy;50;0.0;6.853;21.076;2.975;14.224
sub-1_raw.fif;motiv;easy;51;1.0;-11.697;8.194;-15.994;19.891
sub-1_raw.fif;amotiv;extr;52;0.0;7.608;17.521;0.812;9.913
sub-1_raw.fif;amotiv;extr;53;0.0;-4.407;-9.302;-8.14;-4.896
sub-1_raw.fif;amotiv;extr;54;0.0;0.03;-1.852;-7.038;-1.882
sub-1_raw.fif;amotiv;extr;55;1.0;9.435;-5.575;2.33;-15.011
sub-1_raw.fif;amotiv;extr;56;1.0;2.403;0.689;-1.966;-1.715
sub-1_raw.fif;amotiv;extr;57;0.0;-17.857;11.52;-23.011;29.377
sub-1_raw.fif;amotiv;extr;58;1.0;1.43;2.841;-4.647;1.411
sub-1_raw.fif;amotiv;extr;59;1.0;4.178;9.554;-0.433;5.377
sub-1_raw.fif;amotiv;extr;60;1.0;-0.823;4.315;-7.993;5.138
sub-1_raw.fif;amotiv;extr;61;1.0;10.883;10.576;1.952;-0.307
sub-1_raw.fif;amotiv;extr;62;1.0;15.041;2.991;9.37;-12.05
sub-1_raw.fif;amotiv;extr;63;0.0;-2.338;5.369;-4.842;7.707
sub-1_raw.fif;amotiv;extr;64;1.0;-4.616;2.805;-7.248;7.42
sub-1_raw.fif;amotiv;extr;65;1.0;13.273;0.56;11.536;-12.712
sub-1_raw.fif;amotiv;extr;66;1.0;-8.05;12.289;-13.104;20.339
sub-1_raw.fif;amotiv;extr;67;1.0;11.357;5.394;2.164;-5.962
sub-1_raw.fif;amotiv;extr;68;0.0;-1.042;-11.845;-5.368;-10.803
sub-1_raw.fif;amotiv;extr;69;1.0;-12.359;7.441;-16.653;19.8
sub-1_raw.fif;amotiv;extr;70;0.0;4.65;1.606;-0.041;-3.044
sub-1_raw.fif;amotiv;extr;71;1.0;11.629;6.439;4.954;-5.191
sub-1_raw.fif;amotiv;extr;72;1.0;9.763;-0.864;3.477;-10.627
sub-1_raw.fif;amotiv;extr;73;1.0;-4.733;13.06;-8.236;17.793
sub-1_raw.fif;amotiv;extr;74;1.0;-8.93;7.073;-18.019;16.003
sub-1_raw.fif;amotiv;extr;75;1.0;2.34;5.711;-1.386;3.371
sub-1_raw.fif;amotiv;extr;76;1.0;1.66;7.1;-2.592;5.44
sub-1_raw.fif;amotiv;extr;77;1.0;0.502;2.117;-5.113;1.615
sub-1_raw.fif;motiv;hard;78;1.0;-1.889;0.873;-5.903;2.763
sub-1_raw.fif;motiv;hard;79;1.0;12.109;16.928;8.301;4.819
sub-1_raw.fif;motiv;hard;80;1.0;3.549;5.785;1.104;2.237
sub-1_raw.fif;motiv;hard;81;0.0;-0.881;-6.428;-4.443;-5.547
sub-1_raw.fif;motiv;hard;82;1.0;8.9;-5.456;4.835;-14.356
sub-1_raw.fif;motiv;hard;83;0.0;-15.978;-4.825;-20.239;11.153
sub-1_raw.fif;motiv;hard;84;1.0;1.187;1.537;-1.219;0.35
sub-1_raw.fif;motiv;hard;85;0.0;-0.654;-9.283;-4.457;-8.629
sub-1_raw.fif;motiv;hard;86;1.0;12.576;-2.348;2.991;-14.924
sub-1_raw.fif;motiv;hard;87;0.0;4.148;10.62;0.086;6.472
sub-1_raw.fif;motiv;hard;88;0.0;-6.644;-4.501;-11.972;2.144
sub-1_raw.fif;motiv;hard;89;1.0;3.968;-0.759;2.996;-4.727
sub-1_raw.fif;motiv;hard;90;1.0;7.022;11.011;3.756;3.988
sub-1_raw.fif;motiv;hard;91;1.0;9.212;10.408;5.402;1.197
sub-1_raw.fif;motiv;hard;92;1.0;-1.316;15.876;-5.779;17.192
sub-1_raw.fif;motiv;hard;93;1.0;11.626;7.073;10.209;-4.553
sub-1_raw.fif;motiv;hard;94;1.0;0.032;1.089;-3.4;1.057
sub-1_raw.fif;motiv;hard;95;0.0;4.343;19.134;1.959;14.791
sub-1_raw.fif;motiv;hard;96;1.0;2.044;17.868;-2.136;15.823
sub-1_raw.fif;motiv;hard;97;1.0;7.609;-0.799;1.953;-8.408
sub-1_raw.fif;motiv;hard;98;0.0;6.957;26.352;-1.476;19.394
sub-1_raw.fif;motiv;hard;99;1.0;-1.058;-1.765;-6.058;-0.707
sub-1_raw.fif;motiv;hard;100;1.0;-2.715;5.668;-9.717;8.383
sub-1_raw.fif;motiv;hard;101;1.0;-7.565;6.164;-13.144;13.729
sub-1_raw.fif;motiv;hard;102;0.0;-0.796;2.302;-5.341;3.098
sub-1_raw.fif;motiv;hard;103;1.0;-10.949;5.369;-16.55;16.318
sub-1_raw.fif;amotiv;easy;104;1.0;4.254;1.454;-0.145;-2.8
sub-1_raw.fif;amotiv;easy;105;1.0;-5.796;8.97;-14.716;14.766
sub-1_raw.fif;amotiv;easy;106;1.0;4.787;0.275;1.379;-4.512
sub-1_raw.fif;amotiv;easy;107;0.0;-18.419;-9.019;-21.934;9.399
sub-1_raw.fif;amotiv;easy;108;1.0;8.262;-2.633;1.162;-10.895
sub-1_raw.fif;amotiv;easy;109;0.0;-1.351;-11.096;-5.764;-9.745
sub-1_raw.fif;amotiv;easy;110;1.0;6.82;-1.291;2.824;-8.111
sub-1_raw.fif;amotiv;easy;111;1.0;5.193;9.02;2.801;3.828
sub-1_raw.fif;amotiv;easy;112;1.0;-1.94;19.2;-7.435;21.14
sub-1_raw.fif;amotiv;easy;113;1.0;-6.954;3.896;-13.56;10.85
sub-1_raw.fif;amotiv;easy;114;1.0;6.791;15.325;2.745;8.533
sub-1_raw.fif;amotiv;easy;115;1.0;8.921;9.124;5.381;0.203
sub-1_raw.fif;amotiv;easy;116;0.0;12.719;28.81;10.525;16.091
sub-1_raw.fif;amotiv;easy;117;1.0;-4.303;7.06;-6.284;11.362
sub-1_raw.fif;amotiv;easy;118;1.0;5.925;2.543;-2.278;-3.383
sub-1_raw.fif;amotiv;easy;119;1.0;0.116;8.584;-2.994;8.468
sub-1_raw.fif;amotiv;easy;120;1.0;-8.57;1.278;-18.001;9.848
sub-1_raw.fif;amotiv;easy;121;0.0;-10.421;-9.939;-16.222;0.481
sub-1_raw.fif;amotiv;easy;122;0.0;2.584;1.078;-0.818;-1.506
sub-1_raw.fif;amotiv;easy;123;0.0;-1.808;-8.828;-6.466;-7.02
sub-1_raw.fif;amotiv;easy;124;1.0;8.772;0.299;0.383;-8.472
sub-1_raw.fif;amotiv;easy;125;1.0;2.119;7.488;-7.115;5.368
sub-1_raw.fif;amotiv;easy;126;1.0;-4.141;4.85;-10.196;8.991
sub-1_raw.fif;amotiv;easy;127;0.0;11.758;16.153;7.927;4.395
sub-1_raw.fif;amotiv;easy;128;0.0;-9.219;0.594;-12.093;9.813
sub-1_raw.fif;amotiv;easy;129;1.0;7.166;2.26;0.786;-4.906
sub-1_raw.fif;motiv;extr;130;0.0;-22.836;3.902;-28.575;26.738
sub-1_raw.fif;motiv;extr;131;1.0;4.161;0.308;1.371;-3.852
sub-1_raw.fif;motiv;extr;132;1.0;-2.961;4.62;-7.422;7.582
sub-1_raw.fif;motiv;extr;133;1.0;-6.29;10.171;-15.755;16.461
sub-1_raw.fif;motiv;extr;134;1.0;16.296;8.377;11.689;-7.919
sub-1_raw.fif;motiv;extr;135;1.0;-12.454;17.801;-15.806;30.255
sub-1_raw.fif;motiv;extr;136;1.0;12.975;15.79;8.837;2.815
sub-1_raw.fif;motiv;extr;137;1.0;6.859;6.762;1.53;-0.096
sub-1_raw.fif;motiv;extr;138;1.0;1.414;8.593;-3.164;7.179
sub-1_raw.fif;motiv;extr;139;1.0;5.836;6.573;0.169;0.737
sub-1_raw.fif;motiv;extr;140;1.0;-8.966;0.579;-13.644;9.544
sub-1_raw.fif;motiv;extr;141;0.0;7.128;0.976;2.731;-6.153
sub-1_raw.fif;motiv;extr;142;1.0;15.513;18.722;10.672;3.21
sub-1_raw.fif;motiv;extr;143;1.0;-9.525;-6.816;-13.495;2.709
sub-1_raw.fif;motiv;extr;144;1.0;-2.26;2.937;-6.924;5.197
sub-1_raw.fif;motiv;extr;145;0.0;10.436;-12.482;5.045;-22.918
sub-1_raw.fif;motiv;extr;146;0.0;0.068;7.921;-2.903;7.853
sub-1_raw.fif;motiv;extr;147;0.0;-1.841;10.101;-4.053;11.941
sub-1_raw.fif;motiv;extr;148;1.0;-4.296;18.099;-9.18;22.395
sub-1_raw.fif;motiv;extr;149;1.0;-6.569;9.546;-10.061;16.115
sub-1_raw.fif;motiv;extr;150;1.0;2.503;8.512;-2.838;6.008
sub-1_raw.fif;motiv;extr;151;1.0;12.128;14.011;9.476;1.883
sub-1_raw.fif;motiv;extr;152;1.0;8.181;13.588;1.199;5.407
sub-1_raw.fif;motiv;extr;153;1.0;-8.392;6.429;-15.181;14.821
sub-1_raw.fif;motiv;extr;154;1.0;0.236;0.176;-6.08;-0.06
sub-1_raw.fif;motiv;extr;155;1.0;1.281;3.771;-1.476;2.49
sub-1_raw.fif;amotiv;hard;156;1.0;8.04;2.598;4.464;-5.443
sub-1_raw.fif;amotiv;hard;157;1.0;-2.614;1.148;-5.084;3.762
sub-1_raw.fif;amotiv;hard;158;1.0;0.099;4.383;-6.964;4.284
sub-1_raw.fif;amotiv;hard;159;0.0;5.757;9.762;2.482;4.006
sub-1_raw.fif;amotiv;hard;160;0.0;1.635;-0.31;-4.771;-1.945
sub-1_raw.fif;amotiv;hard;161;0.0;-2.515;17.076;-10.001;19.591
sub-1_raw.fif;amotiv;hard;162;1.0;12.349;-2.493;8.801;-14.842
sub-1_raw.fif;amotiv;hard;163;1.0;1.509;9.051;-2.486;7.542
sub-1_raw.fif;amotiv;hard;164;1.0;5.692;-1.636;-6.571;-7.328
sub-1_raw.fif;amotiv;hard;165;0.0;0.451;5.744;-8.802;5.293
sub-1_raw.fif;amotiv;hard;166;1.0;-1.851;3.625;-9.134;5.476
sub-1_raw.fif;amotiv;hard;167;1.0;-2.063;-3.808;-3.52;-1.745
sub-1_raw.fif;amotiv;hard;168;1.0;-7.995;7.516;-9.678;15.511
sub-1_raw.fif;amotiv;hard;169;1.0;8.332;-2.868;3.064;-11.2
sub-1_raw.fif;amotiv;hard;170;1.0;1.026;16.438;-4.35;15.412
sub-1_raw.fif;amotiv;hard;171;1.0;-1.34;5.505;-9.613;6.845
sub-1_raw.fif;amotiv;hard;172;1.0;12.315;-7.541;7.098;-19.856
sub-1_raw.fif;amotiv;hard;173;1.0;11.103;5.935;7.707;-5.168
sub-1_raw.fif;amotiv;hard;174;1.0;-3.458;4.533;-7.241;7.991
sub-1_raw.fif;amotiv;hard;175;1.0;8.722;-3.027;1.46;-11.749
sub-1_raw.fif;amotiv;hard;176;0.0;-7.559;12.847;-11.751;20.406
sub-1_raw.fif;amotiv;hard;177;1.0;-12.937;-7.317;-15.754;5.62
sub-1_raw.fif;amotiv;hard;178;1.0;2.753;1.178;-2.212;-1.574
sub-1_raw.fif;amotiv;hard;179;1.0;10.006;-3.955;7.795;-13.961
sub-1_raw.fif;amotiv;hard;180;1.0;18.182;6.038;14.621;-12.143
sub-1_raw.fif;amotiv;hard;181;1.0;0.596;-5.698;-6.224;-6.294
sub-1_raw.fif;amotiv;hard;182;1.0;-0.583;8.212;-3.023;8.795
sub-1_raw.fif;amotiv;hard;183;1.0;4.357;8.638;-5.123;4.281
sub-1_raw.fif;amotiv;hard;184;1.0;-3.933;10.898;-10.169;14.831
sub-1_raw.fif;amotiv;hard;185;0.0;2.688;9.595;-6.618;6.907
sub-1_raw.fif;motiv;easy;186;1.0;8.848;-6.87;5.236;-15.718
sub-1_raw.fif;motiv;easy;187;1.0;-3.087;5.775;-9.345;8.863
sub-1_raw.fif;motiv;easy;188;1.0;6.926;11.471;-1.325;4.546
sub-1_raw.fif;motiv;easy;189;1.0;-0.636;1.442;-3.068;2.079
sub-1_raw.fif;motiv;easy;190;1.0;12.934;0.864;7.629;-12.07
sub-1_raw.fif;motiv;easy;191;1.0;-4.965;1.742;-7.119;6.707
sub-1_raw.fif;motiv;easy;192;1.0;-3.029;10.886;-8.927;13.914
sub-1_raw.fif;motiv;easy;193;1.0;5.515;18.546;3.342;13.03
sub-1_raw.fif;motiv;easy;194;1.0;7.833;15.27;3.89;7.437
sub-1_raw.fif;motiv;easy;195;1.0;5.067;-0.444;3.213;-5.511
sub-1_raw.fif;motiv;easy;196;1.0;-0.344;10.933;-3.83;11.278
sub-1_raw.fif;motiv;easy;197;1.0;12.299;8.211;9.696;-4.087
sub-1_raw.fif;motiv;easy;198;1.0;5.298;12.084;-1.135;6.785
sub-1_raw.fif;motiv;easy;199;1.0;0.926;6.373;-4.098;5.447
sub-1_raw.fif;motiv;easy;200;1.0;-9.456;-3.128;-12.077;6.329
sub-1_raw.fif;motiv;easy;201;1.0;5.626;9.002;2.742;3.376
sub-1_raw.fif;motiv;easy;202;1.0;0.266;12.233;-3.012;11.967
sub-1_raw.fif;motiv;easy;203;1.0;6.132;9.994;3.647;3.862
sub-1_raw.fif;motiv;easy;204;1.0;1.135;0.969;-4.429;-0.166
sub-1_raw.fif;motiv;easy;205;1.0;5.418;8.09;2.008;2.672
sub-1_raw.fif;motiv;easy;206;1.0;1.816;24.697;-1.668;22.88
sub-1_raw.fif;motiv;easy;207;1.0;7.58;20.416;3.935;12.837
sub-1_raw.fif;motiv;easy;208;1.0;3.287;8.356;0.01;5.068
sub-1_raw.fif;motiv;easy;209;1.0;3.779;-6.043;1.391;-9.822
sub-1_raw.fif;motiv;easy;210;1.0;9.859;-4.25;7.547;-14.109
sub-1_raw.fif;motiv;easy;211;1.0;0.185;8.535;-5.934;8.35
sub-1_raw.fif;motiv;easy;212;0.0;8.214;76.796;-0.293;68.581
sub-1_raw.fif;motiv;easy;213;1.0;0.917;7.87;-3.636;6.953
sub-1_raw.fif;motiv;easy;214;1.0;1.275;-3.423;-5.747;-4.698
sub-1_raw.fif;motiv;easy;215;1.0;-0.605;6.409;-3.285;7.014
sub-1_raw.fif;amotiv;extr;216;1.0;7.741;13.44;4.929;5.699
sub-1_raw.fif;amotiv;extr;217;1.0;-2.472;2.513;-6.163;4.985
sub-1_raw.fif;amotiv;extr;218;0.0;-22.295;-9.145;-31.226;13.15
sub-1_raw.fif;amotiv;extr;219;1.0;1.128;7.849;-0.142;6.72
sub-1_raw.fif;amotiv;extr;220;1.0;7.828;9.504;5.692;1.676
sub-1_raw.fif;amotiv;extr;221;1.0;8.625;8.958;6.432;0.333
sub-1_raw.fif;amotiv;extr;222;0.0;13.702;18.544;8.926;4.841
sub-1_raw.fif;amotiv;extr;223;1.0;-2.883;6.963;-6.612;9.846
sub-1_raw.fif;amotiv;extr;224;1.0;10.799;-0.4;2.909;-11.199
sub-1_raw.fif;amotiv;extr;225;1.0;-9.393;5.946;-12.704;15.338
sub-1_raw.fif;amotiv;extr;226;1.0;1.474;-0.815;-0.191;-2.289
sub-1_raw.fif;amotiv;extr;227;1.0;-1.608;20.291;-6.338;21.899
sub-1_raw.fif;amotiv;extr;228;1.0;5.906;-2.64;-1.273;-8.546
sub-1_raw.fif;amotiv;extr;229;0.0;-8.883;8.764;-11.131;17.647
sub-1_raw.fif;amotiv;extr;230;0.0;-4.825;-14.411;-10.229;-9.587
sub-1_raw.fif;amotiv;extr;231;1.0;-0.171;3.832;-3.071;4.004
sub-1_raw.fif;amotiv;extr;232;1.0;8.031;4.606;3.293;-3.424
sub-1_raw.fif;amotiv;extr;233;1.0;-2.003;11.454;-7.565;13.457
sub-1_raw.fif;amotiv;extr;234;1.0;0.462;-1.185;-4.207;-1.646
sub-1_raw.fif;amotiv;extr;235;1.0;-4.291;-0.407;-7.53;3.883
sub-1_raw.fif;amotiv;extr;236;1.0;5.458;12.011;1.197;6.553
sub-1_raw.fif;amotiv;extr;237;1.0;-3.071;-2.899;-10.224;0.173
sub-1_raw.fif;amotiv;extr;238;1.0;0.743;3.838;-4.049;3.095
sub-1_raw.fif;amotiv;extr;239;1.0;10.744;15.717;7.433;4.974
sub-1_raw.fif;amotiv;extr;240;1.0;6.157;5.202;-3.378;-0.955
sub-1_raw.fif;amotiv;extr;241;1.0;1.243;13.072;-7.039;11.829
sub-1_raw.fif;amotiv;extr;242;1.0;1.995;5.114;-2.81;3.119
sub-1_raw.fif;amotiv;extr;243;1.0;3.13;19.337;0.214;16.207
sub-1_raw.fif;amotiv;extr;244;1.0;4.927;14.575;2.339;9.648
sub-1_raw.fif;amotiv;extr;245;1.0;-5.13;-2.365;-11.67;2.765
sub-1_raw.fif;motiv;hard;246;1.0;-4.632;5.079;-7.695;9.711
sub-1_raw.fif;motiv;hard;247;1.0;-14.613;5.397;-17.867;20.009
sub-1_raw.fif;motiv;hard;248;1.0;8.403;8.808;4.897;0.405
sub-1_raw.fif;motiv;hard;249;1.0;6.952;15.982;4.566;9.029
sub-1_raw.fif;motiv;hard;250;1.0;8.823;-0.957;1.879;-9.78
sub-1_raw.fif;motiv;hard;251;1.0;-6.498;11.885;-13.454;18.383
sub-1_raw.fif;motiv;hard;252;0.0;-4.08;23.837;-11.456;27.917
sub-1_raw.fif;motiv;hard;253;1.0;1.568;5.489;-2.354;3.921
sub-1_raw.fif;motiv;hard;254;0.0;16.801;21.762;6.344;4.96
sub-1_raw.fif;motiv;hard;255;1.0;7.432;5.724;0.369;-1.708
sub-1_raw.fif;motiv;hard;256;1.0;-1.511;-1.008;-5.663;0.503
sub-1_raw.fif;motiv;hard;257;1.0;-1.553;6.745;-6.015;8.297
sub-1_raw.fif;motiv;hard;258;1.0;10.315;13.036;5.712;2.721
sub-1_raw.fif;motiv;hard;259;1.0;-5.103;7.486;-8.4;12.589
sub-1_raw.fif;motiv;hard;260;1.0;-2.547;2.511;-8.467;5.058
sub-1_raw.fif;motiv;hard;261;1.0;-5.725;13.621;-13.687;19.345
sub-1_raw.fif;motiv;hard;262;1.0;-0.672;4.211;-3.038;4.883
sub-1_raw.fif;motiv;hard;263;1.0;4.731;-4.463;2.283;-9.194
sub-1_raw.fif;motiv;hard;264;0.0;8.021;13.095;4.444;5.073
sub-1_raw.fif;motiv;hard;265;1.0;-2.396;-4.851;-4.85;-2.456
sub-1_raw.fif;motiv;hard;266;1.0;-5.483;-0.508;-13.785;4.976
sub-1_raw.fif;motiv;hard;267;1.0;2.895;-0.335;-0.67;-3.231
sub-1_raw.fif;motiv;hard;268;1.0;-1.957;13.222;-11.411;15.179
sub-1_raw.fif;motiv;hard;269;1.0;-9.205;11.043;-11.307;20.248
sub-1_raw.fif;motiv;hard;270;0.0;7.99;11.721;3.997;3.73
sub-1_raw.fif;motiv;hard;271;1.0;-10.501;2.511;-12.954;13.012
sub-1_raw.fif;motiv;hard;272;1.0;-6.535;12.349;-9.466;18.884
sub-1_raw.fif;motiv;hard;273;1.0;-0.948;-0.978;-4.642;-0.029
sub-1_raw.fif;motiv;hard;274;0.0;14.258;23.09;8.888;8.832
sub-1_raw.fif;motiv;hard;275;1.0;-2.836;-2.064;-9.338;0.772
sub-1_raw.fif;amotiv;easy;276;0.0;-8.705;-7.587;-10.52;1.118
sub-1_raw.fif;amotiv;easy;277;1.0;11.812;0.524;7.323;-11.288
sub-1_raw.fif;amotiv;easy;278;1.0;13.114;1.519;10.753;-11.595
sub-1_raw.fif;amotiv;easy;279;1.0;23.425;-0.683;20.367;-24.108
sub-1_raw.fif;amotiv;easy;280;1.0;0.814;3.132;-5.846;2.318
sub-1_raw.fif;amotiv;easy;281;1.0;1.612;4.391;-2.814;2.778
sub-1_raw.fif;amotiv;easy;282;1.0;4.172;-3.173;-0.704;-7.345
sub-1_raw.fif;amotiv;easy;283;1.0;-0.894;4.598;-6.38;5.492
sub-1_raw.fif;amotiv;easy;284;1.0;-2.172;13.482;-5.426;15.655
sub-1_raw.fif;amotiv;easy;285;0.0;12.036;8.194;8.174;-3.842
sub-1_raw.fif;amotiv;easy;286;1.0;4.764;2.421;0.992;-2.343
sub-1_raw.fif;amotiv;easy;287;1.0;2.006;18.441;-1.529;16.435
sub-1_raw.fif;amotiv;easy;288;1.0;-7.371;7.192;-10.617;14.563
sub-1_raw.fif;amotiv;easy;289;1.0;-1.475;6.199;-3.96;7.674
sub-1_raw.fif;amotiv;easy;290;0.0;-12.382;-10.782;-15.236;1.599
sub-1_raw.fif;amotiv;easy;291;1.0;1.909;-2.856;-4.656;-4.765
sub-1_raw.fif;amotiv;easy;292;1.0;8.792;3.73;1.991;-5.061
sub-1_raw.fif;amotiv;easy;293;1.0;9.895;2.619;-0.002;-7.276
sub-1_raw.fif;amotiv;easy;294;1.0;-5.089;-2.67;-9.768;2.419
sub-1_raw.fif;amotiv;easy;295;1.0;5.989;10.02;5.145;4.031
sub-1_raw.fif;amotiv;easy;296;1.0;-2.825;1.461;-7.341;4.287
sub-1_raw.fif;amotiv;easy;297;1.0;1.545;9.585;-5.614;8.039
sub-1_raw.fif;amotiv;easy;298;1.0;-12.825;-0.146;-17.54;12.679
sub-1_raw.fif;amotiv;easy;299;1.0;17.418;10.236;10.741;-7.182
sub-1_raw.fif;amotiv;easy;300;1.0;0.814;6.303;-3.175;5.489
sub-1_raw.fif;amotiv;easy;301;1.0;7.586;-5.29;5.389;-12.876
sub-1_raw.fif;amotiv;easy;302;0.0;-3.301;18.575;-9.909;21.876
sub-1_raw.fif;amotiv;easy;303;1.0;1.025;6.72;-1.291;5.695
sub-1_raw.fif;amotiv;easy;304;1.0;2.684;12.804;-2.933;10.12
sub-1_raw.fif;amotiv;easy;305;1.0;-11.528;13.061;-15.175;24.589
sub-1_raw.fif;motiv;extr;306;1.0;6.756;4.675;4.873;-2.081
sub-1_raw.fif;motiv;extr;307;1.0;2.312;1.056;-1.492;-1.255
sub-1_raw.fif;motiv;extr;308;1.0;-3.047;8.218;-9.427;11.265
sub-1_raw.fif;motiv;extr;309;0.0;10.808;-7.07;9.197;-17.878
sub-1_raw.fif;motiv;extr;310;1.0;4.976;-0.71;0.782;-5.686
sub-1_raw.fif;motiv;extr;311;1.0;-2.672;17.761;-8.783;20.433
sub-1_raw.fif;motiv;extr;312;0.0;-4.027;5.404;-6.827;9.431
sub-1_raw.fif;motiv;extr;313;0.0;6.769;11.517;3.656;4.748
sub-1_raw.fif;motiv;extr;314;1.0;-1.907;12.88;-5.507;14.787
sub-1_raw.fif;motiv;extr;315;1.0;5.847;8.076;1.476;2.23
sub-1_raw.fif;motiv;extr;316;0.0;3.473;5.973;0.659;2.5
sub-1_raw.fif;motiv;extr;317;1.0;0.475;17.109;-3.14;16.634
sub-1_raw.fif;motiv;extr;318;1.0;10.396;9.009;3.376;-1.387
sub-1_raw.fif;motiv;extr;319;1.0;12.362;-3.167;6.946;-15.529
sub-1_raw.fif;motiv;extr;320;0.0;21.702;30.544;12.684;8.842
sub-1_raw.fif;motiv;extr;321;1.0;-8.74;-3.847;-12.005;4.893
sub-1_raw.fif;motiv;extr;322;1.0;8.501;4.287;2.992;-4.214
sub-1_raw.fif;motiv;extr;323;1.0;1.41;4.231;-2.318;2.821
sub-1_raw.fif;motiv;extr;324;1.0;2.784;10.471;-4.531;7.687
sub-1_raw.fif;motiv;extr;325;1.0;-1.979;15.231;-6.865;17.21
sub-1_raw.fif;motiv;extr;326;1.0;-4.819;4.414;-8.155;9.233
sub-1_raw.fif;motiv;extr;327;1.0;-1.094;12.503;-10.429;13.598
sub-1_raw.fif;motiv;extr;328;1.0;3.962;11.283;1.324;7.321
sub-1_raw.fif;motiv;extr;329;1.0;-4.044;13.547;-8.452;17.591
sub-1_raw.fif;motiv;extr;330;0.0;1.981;37.038;-1.523;35.056
sub-1_raw.fif;motiv;extr;331;0.0;14.848;6.658;12.687;-8.189
sub-1_raw.fif;motiv;extr;332;1.0;3.453;16.473;-0.06;13.02
sub-1_raw.fif;motiv;extr;333;1.0;-5.808;-6.564;-8.825;-0.756
sub-1_raw.fif;motiv;extr;334;1.0;3.869;1.884;-1.489;-1.985
sub-1_raw.fif;motiv;extr;335;1.0;-2.854;5.835;-7.308;8.689
sub-2_raw.fif;amotiv;hard;0;1.0;8.827;6.29;5.632;-2.538
sub-2_raw.fif;amotiv;hard;1;1.0;2.567;6.396;-1.83;3.829
sub-2_raw.fif;amotiv;hard;2;1.0;6.132;-0.055;2.767;-6.187
sub-2_raw.fif;amotiv;hard;3;1.0;11.133;-11.902;5.288;-23.035
sub-2_raw.fif;amotiv;hard;4;1.0;9.678;-0.367;-0.862;-10.045
sub-2_raw.fif;amotiv;hard;5;1.0;0.714;7.625;-2.707;6.91
sub-2_raw.fif;amotiv;hard;6;1.0;4.928;5.887;-2.88;0.959
sub-2_raw.fif;amotiv;hard;7;1.0;-7.019;2.756;-12.123;9.775
sub-2_raw.fif;amotiv;hard;8;1.0;-1.025;-0.295;-7.294;0.731
sub-2_raw.fif;amotiv;hard;9;0.0;11.411;15.147;4.503;3.735
sub-2_raw.fif;amotiv;hard;10;1.0;-3.367;16.038;-9.523;19.405
sub-2_raw.fif;amotiv;hard;11;1.0;-6.56;2.598;-13.316;9.158
sub-2_raw.fif;amotiv;hard;12;1.0;0.157;-4.231;-5.218;-4.389
sub-2_raw.fif;amotiv;hard;13;1.0;4.013;6.318;-0.76;2.305
sub-2_raw.fif;amotiv;hard;14;1.0;8.97;11.676;5.141;2.706
sub-2_raw.fif;amotiv;hard;15;0.0;10.112;15.917;5.101;5.805
sub-2_raw.fif;amotiv;hard;16;1.0;0.578;-3.016;-3.715;-3.594
sub-2_raw.fif;amotiv;hard;17;1.0;-10.189;-4.11;-15.043;6.079
sub-2_raw.fif;amotiv;hard;18;1.0;-0.518;10.574;-6.167;11.091
sub-2_raw.fif;amotiv;hard;19;1.0;0.774;7.614;-2.913;6.84
sub-2_raw.fif;amotiv;hard;20;0.0;6.004;21.852;3.788;15.847
sub-2_raw.fif;amotiv;hard;21;1.0;-1.957;-0.969;-7.059;0.988
sub-2_raw.fif;amotiv;hard;22;1.0;-0.169;-1.339;-5.456;-1.17
sub-2_raw.fif;amotiv;hard;23;1.0;4.307;3.976;0.732;-0.331
sub-2_raw.fif;amotiv;hard;24;0.0;7.396;18.277;6.128;10.88
sub-2_raw.fif;amotiv;hard;25;1.0;3.078;14.49;-1.827;11.412
sub-2_raw.fif;amotiv;hard;26;0.0;9.724;-9.212;3.734;-18.936
sub-2_raw.fif;amotiv;hard;27;1.0;-1.037;4.039;-8.188;5.076
sub-2_raw.fif;amotiv;hard;28;1.0;-6.04;9.062;-14.952;15.102
sub-2_raw.fif;amotiv;hard;29;1.0;-1.684;-9.11;-5.411;-7.426
sub-2_raw.fif;motiv;hard;30;1.0;0.651;-17.915;-3.938;-18.566
sub-2_raw.fif;motiv;hard;31;1.0;-9.595;2.471;-14.119;12.065
sub-2_raw.fif;motiv;hard;32;1.0;-1.103;16.033;-6.574;17.136
sub-2_raw.fif;motiv;hard;33;1.0;-4.329;3.529;-9.107;7.858
sub-2_raw.fif;motiv;hard;34;1.0;1.92;15.261;-4.221;13.341
sub-2_raw.fif;motiv;hard;35;1.0;-9.044;-1.524;-16.477;7.52
sub-2_raw.fif;motiv;hard;36;1.0;-2.213;2.022;-7.817;4.234
sub-2_raw.fif;motiv;hard;37;1.0;-4.539;1.753;-8.13;6.292
sub-2_raw.fif;motiv;hard;38;1.0;-8.288;1.193;-14.194;9.48
sub-2_raw.fif;motiv;hard;39;1.0;2.386;16.509;-4.314;14.123
sub-2_raw.fif;motiv;hard;40;0.0;-11.353;7.33;-19.943;18.683
sub-2_raw.fif;motiv;hard;41;1.0;-8.581;5.762;-15.034;14.343
sub-2_raw.fif;motiv;hard;42;1.0;-2.742;7.359;-12.409;10.101
sub-2_raw.fif;motiv;hard;43;1.0;0.413;-6.109;-4.584;-6.522
sub-2_raw.fif;motiv;hard;44;0.0;-10.555;-3.532;-18.638;7.023
sub-2_raw.fif;motiv;hard;45;1.0;-10.322;3.565;-13.666;13.887
sub-2_raw.fif;motiv;hard;46;1.0;4.282;5.544;-2.831;1.262
sub-2_raw.fif;motiv;hard;47;1.0;-5.206;14.451;-16.591;19.657
sub-2_raw.fif;motiv;hard;48;1.0;-9.195;7.813;-11.415;17.008
sub-2_raw.fif;motiv;hard;49;1.0;5.291;3.19;1.793;-2.101
sub-2_raw.fif;motiv;hard;50;0.0;-20.866;3.179;-24.613;24.045
sub-2_raw.fif;motiv;hard;51;1.0;-2.461;2.667;-7.329;5.128
sub-2_raw.fif;motiv;hard;52;0.0;-0.686;21.269;-4.253;21.955
sub-2_raw.fif;motiv;hard;53;1.0;-0.38;17.047;-4.245;17.427
sub-2_raw.fif;motiv;hard;54;1.0;-9.722;14.858;-17.716;24.58
sub-2_raw.fif;motiv;hard;55;1.0;-5.255;-3.725;-12.002;1.53
sub-2_raw.fif;motiv;hard;56;1.0;0.704;14.378;-3.302;13.675
sub-2_raw.fif;motiv;hard;57;1.0;-9.013;15.037;-15.231;24.05
sub-2_raw.fif;motiv;hard;58;1.0;1.284;11.246;-3.16;9.962
sub-2_raw.fif;motiv;hard;59;1.0;1.062;9.548;-7.051;8.486
sub-2_raw.fif;motiv;extr;60;1.0;5.132;9.629;-3.803;4.497
sub-2_raw.fif;motiv;extr;61;1.0;-2.61;4.702;-11.688;7.312
sub-2_raw.fif;motiv;extr;62;1.0;9.027;8.632;3.743;-0.394
sub-2_raw.fif;motiv;extr;63;1.0;-2.351;3.286;-6.338;5.637
sub-2_raw.fif;motiv;extr;64;1.0;-6.037;18.379;-8.093;24.416
sub-2_raw.fif;motiv;extr;65;1.0;-2.044;15.439;-4.801;17.484
sub-2_raw.fif;motiv;extr;66;1.0;-3.054;-2.423;-4.196;0.631
sub-2_raw.fif;motiv;extr;67;1.0;-1.089;3.22;-5.878;4.309
sub-2_raw.fif;motiv;extr;68;1.0;-2.354;6.05;-6.643;8.404
sub-2_raw.fif;motiv;extr;69;1.0;12.003;5.429;9.699;-6.574
sub-2_raw.fif;motiv;extr;70;1.0;-8.084;-12.38;-13.968;-4.296
sub-2_raw.fif;motiv;extr;71;1.0;7.896;3.54;3.244;-4.356
sub-2_raw.fif;motiv;extr;72;0.0;16.483;12.653;12.53;-3.83
sub-2_raw.fif;motiv;extr;73;1.0;-7.225;0.22;-12.702;7.445
sub-2_raw.fif;motiv;extr;74;1.0;2.803;9.775;-1.728;6.971
sub-2_raw.fif;motiv;extr;75;0.0;-20.551;-34.341;-25.505;-13.79
sub-2_raw.fif;motiv;extr;76;1.0;0.387;-1.758;-8.826;-2.145
sub-2_raw.fif;motiv;extr;77;1.0;-6.043;16.375;-11.723;22.419
sub-2_raw.fif;motiv;extr;78;1.0;-6.004;2.176;-10.807;8.18
sub-2_raw.fif;motiv;extr;79;1.0;4.382;14.177;-0.388;9.795
sub-2_raw.fif;motiv;extr;80;1.0;10.221;12.216;1.452;1.995
sub-2_raw.fif;motiv;extr;81;1.0;4.694;6.249;-0.295;1.555
sub-2_raw.fif;motiv;extr;82;1.0;3.161;19.649;-2.96;16.487
sub-2_raw.fif;motiv;extr;83;1.0;-2.726;-0.491;-6.555;2.234
sub-2_raw.fif;motiv;extr;84;1.0;8.999;2.334;6.363;-6.665
sub-2_raw.fif;motiv;extr;85;1.0;1.11;-6.422;-2.154;-7.532
sub-2_raw.fif;motiv;extr;86;1.0;-0.878;-1.541;-6.347;-0.664
sub-2_raw.fif;motiv;extr;87;1.0;0.887;1.697;-3.657;0.81
sub-2_raw.fif;motiv;extr;88;0.0;4.77;17.774;-3.824;13.004
sub-2_raw.fif;motiv;extr;89;1.0;-0.085;7.68;-6.56;7.765
sub-2_raw.fif;amotiv;easy;90;1.0;8.8;2.961;5.322;-5.839
sub-2_raw.fif;amotiv;easy;91;1.0;2.331;13.878;-0.905;11.547
sub-2_raw.fif;amotiv;easy;92;1.0;6.615;4.556;1.501;-2.059
sub-2_raw.fif;amotiv;easy;93;0.0;-0.497;-6.004;-4.298;-5.507
sub-2_raw.fif;amotiv;easy;94;0.0;1.891;24.547;-2.808;22.656
sub-2_raw.fif;amotiv;easy;95;1.0;-5.188;4.523;-12.822;9.711
sub-2_raw.fif;amotiv;easy;96;1.0;0.418;2.972;-3.41;2.554
sub-2_raw.fif;amotiv;easy;97;1.0;7.738;14.576;-1.137;6.838
sub-2_raw.fif;amotiv;easy;98;1.0;-11.854;4.352;-16.493;16.206
sub-2_raw.fif;amotiv;easy;99;1.0;0.429;3.262;-4.16;2.834
sub-2_raw.fif;amotiv;easy;100;1.0;-5.278;7.703;-11.298;12.981
sub-2_raw.fif;amotiv;easy;101;1.0;4.81;15.508;-4.915;10.698
sub-2_raw.fif;amotiv;easy;102;1.0;-5.02;11.656;-7.233;16.676
sub-2_raw.fif;amotiv;easy;103;1.0;8.947;-10.474;5.685;-19.421
sub-2_raw.fif;amotiv;easy;104;1.0;7.515;6.104;-3.42;-1.411
sub-2_raw.fif;amotiv;easy;105;1.0;6.428;3.285;1.66;-3.143
sub-2_raw.fif;amotiv;easy;106;1.0;-3.169;2.093;-8.723;5.262
sub-2_raw.fif;amotiv;easy;107;1.0;-11.464;0.117;-17.934;11.581
sub-2_raw.fif;amotiv;easy;108;1.0;-7.616;-4.128;-13.083;3.487
sub-2_raw.fif;amotiv;easy;109;1.0;2.506;-3.408;-6.327;-5.914
sub-2_raw.fif;amotiv;easy;110;1.0;1.614;7.573;-1.663;5.959
sub-2_raw.fif;amotiv;easy;111;1.0;-15.848;6.904;-21.477;22.752
sub-2_raw.fif;amotiv;easy;112;1.0;-3.887;-8.15;-10.215;-4.263
sub-2_raw.fif;amotiv;easy;113;1.0;0.078;1.898;-6.461;1.82
sub-2_raw.fif;amotiv;easy;114;1.0;-7.53;-1.987;-12.162;5.543
sub-2_raw.fif;amotiv;easy;115;1.0;5.277;-8.15;0.075;-13.427
sub-2_raw.fif;amotiv;easy;116;1.0;-4.819;5.431;-6.159;10.25
sub-2_raw.fif;amotiv;easy;117;1.0;-0.572;6.556;-4.97;7.127
sub-2_raw.fif;amotiv;easy;118;1.0;4.741;-8.415;-2.397;-13.156
sub-2_raw.fif;amotiv;easy;119;1.0;-2.785;-8.14;-4.633;-5.355
sub-2_raw.fif;motiv;easy;120;1.0;11.49;4.147;8.932;-7.343
sub-2_raw.fif;motiv;easy;121;1.0;-1.643;3.515;-9.355;5.158
sub-2_raw.fif;motiv;easy;122;1.0;0.303;5.806;-14.527;5.503
sub-2_raw.fif;motiv;easy;123;1.0;5.192;5.571;-0.412;0.38
sub-2_raw.fif;motiv;easy;124;1.0;-10.983;3.768;-14.935;14.751
sub-2_raw.fif;motiv;easy;125;1.0;4.087;7.042;1.496;2.954
sub-2_raw.fif;motiv;easy;126;1.0;-14.325;-4.178;-20.35;10.147
sub-2_raw.fif;motiv;easy;127;1.0;-1.227;3.614;-4.558;4.841
sub-2_raw.fif;motiv;easy;128;1.0;4.553;4.942;-0.533;0.389
sub-2_raw.fif;motiv;easy;129;1.0;-0.981;12.684;-4.268;13.666
sub-2_raw.fif;motiv;easy;130;1.0;-2.227;8.404;-7.551;10.631
sub-2_raw.fif;motiv;easy;131;1.0;3.201;3.184;-1.442;-0.017
sub-2_raw.fif;motiv;easy;132;0.0;-1.602;13.558;-7.789;15.159
sub-2_raw.fif;motiv;easy;133;1.0;-7.634;-4.991;-10.659;2.643
sub-2_raw.fif;motiv;easy;134;1.0;-3.425;-5.713;-9.597;-2.288
sub-2_raw.fif;motiv;easy;135;1.0;1.974;9.244;-5.225;7.27
sub-2_raw.fif;motiv;easy;136;1.0;-8.811;-3.254;-11.763;5.557
sub-2_raw.fif;motiv;easy;137;1.0;0.418;15.128;-2.047;14.71
sub-2_raw.fif;motiv;easy;138;0.0;8.133;11.327;4.394;3.194
sub-2_raw.fif;motiv;easy;139;1.0;0.525;8.77;-3.51;8.245
sub-2_raw.fif;motiv;easy;140;1.0;-3.63;5.906;-7.23;9.536
sub-2_raw.fif;motiv;easy;141;1.0;3.731;-0.687;-1.193;-4.418
sub-2_raw.fif;motiv;easy;142;1.0;5.471;2.725;-8.599;-2.746
sub-2_raw.fif;motiv;easy;143;1.0;-12.488;-3.323;-19.655;9.165
sub-2_raw.fif;motiv;easy;144;1.0;1.884;7.168;-3.391;5.284
sub-2_raw.fif;motiv;easy;145;1.0;-9.573;-1.013;-14.737;8.56
sub-2_raw.fif;motiv;easy;146;0.0;12.099;21.975;8.995;9.876
sub-2_raw.fif;motiv;easy;147;1.0;-4.168;3.787;-13.557;7.955
sub-2_raw.fif;motiv;easy;148;1.0;4.318;0.522;-2.181;-3.796
sub-2_raw.fif;motiv;easy;149;1.0;0.721;7.97;-7.939;7.248
sub-2_raw.fif;amotiv;extr;150;1.0;-1.566;4.403;-7.973;5.969
sub-2_raw.fif;amotiv;extr;151;1.0;-0.77;3.883;-3.572;4.653
sub-2_raw.fif;amotiv;extr;152;1.0;-1.404;7.433;-7.67;8.837
sub-2_raw.fif;amotiv;extr;153;1.0;-4.011;3.9;-6.011;7.911
sub-2_raw.fif;amotiv;extr;154;1.0;-3.837;-2.932;-8.671;0.905
sub-2_raw.fif;amotiv;extr;155;1.0;-10.16;2.638;-20.983;12.798
sub-2_raw.fif;amotiv;extr;156;1.0;-6.764;0.766;-13.926;7.53
sub-2_raw.fif;amotiv;extr;157;1.0;4.659;0.273;-4.182;-4.385
sub-2_raw.fif;amotiv;extr;158;1.0;0.024;7.271;-2.722;7.246
sub-2_raw.fif;amotiv;extr;159;0.0;-7.938;-12.99;-15.072;-5.051
sub-2_raw.fif;amotiv;extr;160;1.0;-22.308;-2.108;-29.051;20.2
sub-2_raw.fif;amotiv;extr;161;1.0;-3.237;10.416;-12.157;13.653
sub-2_raw.fif;amotiv;extr;162;1.0;7.977;12.603;-0.378;4.626
sub-2_raw.fif;amotiv;extr;163;0.0;95.199;194.339;64.593;99.14
sub-2_raw.fif;amotiv;extr;164;1.0;-15.312;13.695;-17.892;29.006
sub-2_raw.fif;amotiv;extr;165;1.0;4.463;5.448;1.292;0.985
sub-2_raw.fif;amotiv;extr;166;1.0;5.982;-12.047;2.146;-18.029
sub-2_raw.fif;amotiv;extr;167;1.0;0.004;2.239;-6.56;2.235
sub-2_raw.fif;amotiv;extr;168;1.0;-2.437;-1.578;-7.15;0.859
sub-2_raw.fif;amotiv;extr;169;1.0;5.772;-9.945;0.814;-15.718
sub-2_raw.fif;amotiv;extr;170;1.0;0.455;7.597;-5.006;7.141
sub-2_raw.fif;amotiv;extr;171;1.0;-4.613;8.595;-13.434;13.209
sub-2_raw.fif;amotiv;extr;172;1.0;5.592;18.157;-3.812;12.564
sub-2_raw.fif;amotiv;extr;173;1.0;3.024;18.023;-3.219;14.999
sub-2_raw.fif;amotiv;extr;174;1.0;-5.736;8.776;-10.01;14.511
sub-2_raw.fif;amotiv;extr;175;1.0;-1.836;-5.896;-2.452;-4.06
sub-2_raw.fif;amotiv;extr;176;1.0;-5.993;11.081;-8.317;17.074
sub-2_raw.fif;amotiv;extr;177;1.0;-0.443;7.946;-4.15;8.39
sub-2_raw.fif;amotiv;extr;178;1.0;18.489;6.972;8.693;-11.517
sub-2_raw.fif;amotiv;extr;179;1.0;-2.501;2.216;-8.248;4.716
sub-2_raw.fif;amotiv;hard;180;1.0;2.738;12.825;-0.384;10.088
sub-2_raw.fif;amotiv;hard;181;0.0;-2.812;-8.665;-7.186;-5.853
sub-2_raw.fif;amotiv;hard;182;1.0;11.258;6.496;-0.769;-4.762
sub-2_raw.fif;amotiv;hard;183;1.0;5.544;17.87;-1.541;12.326
sub-2_raw.fif;amotiv;hard;184;1.0;17.596;-0.511;12.748;-18.106
sub-2_raw.fif;amotiv;hard;185;1.0;8.25;7.324;1.053;-0.926
sub-2_raw.fif;amotiv;hard;186;1.0;6.756;-4.977;-0.589;-11.733
sub-2_raw.fif;amotiv;hard;187;1.0;-4.041;10.814;-11.12;14.855
sub-2_raw.fif;amotiv;hard;188;1.0;5.702;2.162;2.815;-3.54
sub-2_raw.fif;amotiv;hard;189;1.0;-0.838;11.148;-6.227;11.986
sub-2_raw.fif;amotiv;hard;190;1.0;-0.013;-5.761;-5.862;-5.748
sub-2_raw.fif;amotiv;hard;191;0.0;5.571;10.362;2.323;4.791
sub-2_raw.fif;amotiv;hard;192;1.0;-1.131;-10.026;-4.22;-8.896
sub-2_raw.fif;amotiv;hard;193;1.0;-9.853;8.788;-13.626;18.641
sub-2_raw.fif;amotiv;hard;194;1.0;-6.454;4.593;-10.754;11.047
sub-2_raw.fif;amotiv;hard;195;1.0;-8.928;13.011;-14.566;21.938
sub-2_raw.fif;amotiv;hard;196;1.0;4.639;11.806;-0.006;7.167
sub-2_raw.fif;amotiv;hard;197;1.0;6.366;-4.384;1.285;-10.75
sub-2_raw.fif;amotiv;hard;198;0.0;9.088;16.406;4.216;7.319
sub-2_raw.fif;amotiv;hard;199;0.0;1.415;16.185;-3.858;14.77
sub-2_raw.fif;amotiv;hard;200;1.0;-6.452;1.358;-14.412;7.809
sub-2_raw.fif;amotiv;hard;201;1.0;6.689;-9.376;-2.741;-16.064
sub-2_raw.fif;amotiv;hard;202;1.0;-0.193;-6.54;-5.661;-6.347
sub-2_raw.fif;amotiv;hard;203;0.0;-11.59;-15.0;-14.5;-3.41
sub-2_raw.fif;amotiv;hard;204;1.0;-3.826;1.945;-8.482;5.771
sub-2_raw.fif;amotiv;hard;205;1.0;-12.064;-4.48;-17.763;7.584
sub-2_raw.fif;motiv;hard;206;0.0;15.738;9.581;7.653;-6.157
sub-2_raw.fif;motiv;hard;207;1.0;0.088;2.554;-3.313;2.467
sub-2_raw.fif;motiv;hard;208;1.0;4.285;4.755;-2.303;0.47
sub-2_raw.fif;motiv;hard;209;1.0;3.902;-5.389;-1.731;-9.29
sub-2_raw.fif;motiv;hard;210;1.0;-2.006;9.73;-8.749;11.736
sub-2_raw.fif;motiv;hard;211;1.0;-4.614;1.573;-10.653;6.187
sub-2_raw.fif;motiv;hard;212;1.0;-6.381;-0.028;-9.253;6.353
sub-2_raw.fif;motiv;hard;213;1.0;-4.488;-5.162;-7.665;-0.674
sub-2_raw.fif;motiv;hard;214;1.0;13.49;9.219;6.501;-4.271
sub-2_raw.fif;motiv;hard;215;1.0;-3.459;6.76;-5.225;10.219
sub-2_raw.fif;motiv;hard;216;0.0;-5.953;-23.471;-11.737;-17.518
sub-2_raw.fif;motiv;hard;217;1.0;5.096;2.146;1.554;-2.95
sub-2_raw.fif;motiv;hard;218;1.0;10.061;5.279;4.834;-4.782
sub-2_raw.fif;motiv;hard;219;1.0;-4.992;2.702;-9.626;7.694
sub-2_raw.fif;motiv;hard;220;1.0;1.785;-10.592;-9.036;-12.377
sub-2_raw.fif;motiv;hard;221;1.0;-2.916;8.81;-7.357;11.726
sub-2_raw.fif;motiv;hard;222;1.0;8.794;13.664;4.004;4.869
sub-2_raw.fif;motiv;hard;223;1.0;-8.071;-3.652;-11.944;4.419
sub-2_raw.fif;motiv;hard;224;1.0;3.539;4.957;0.834;1.419
sub-2_raw.fif;motiv;hard;225;1.0;-6.296;-11.793;-18.14;-5.498
sub-2_raw.fif;motiv;hard;226;1.0;-7.985;5.888;-10.33;13.872
sub-2_raw.fif;motiv;hard;227;1.0;-12.526;14.107;-15.007;26.633
sub-2_raw.fif;motiv;hard;228;1.0;-10.871;4.206;-16.136;15.077
sub-2_raw.fif;motiv;hard;229;1.0;-7.013;-3.782;-11.125;3.231
sub-2_raw.fif;motiv;hard;230;1.0;10.726;9.1;-8.054;-1.626
sub-2_raw.fif;motiv;hard;231;1.0;-1.637;18.239;-11.013;19.876
sub-2_raw.fif;motiv;extr;232;1.0;6.49;-1.515;3.495;-8.005
sub-2_raw.fif;motiv;extr;233;1.0;-12.612;8.83;-14.572;21.442
sub-2_raw.fif;motiv;extr;234;1.0;-8.719;-3.639;-17.261;5.08
sub-2_raw.fif;motiv;extr;235;1.0;1.6;-1.189;-3.029;-2.789
sub-2_raw.fif;motiv;extr;236;1.0;-15.811;1.381;-24.688;17.193
sub-2_raw.fif;motiv;extr;237;0.0;-15.044;-4.447;-27.783;10.597
sub-2_raw.fif;motiv;extr;238;0.0;-7.142;-13.813;-11.183;-6.671
sub-2_raw.fif;motiv;extr;239;1.0;-3.178;5.243;-10.341;8.421
sub-2_raw.fif;motiv;extr;240;1.0;-4.752;-3.375;-9.885;1.377
sub-2_raw.fif;motiv;extr;241;1.0;-10.791;13.398;-31.098;24.19
sub-2_raw.fif;motiv;extr;242;1.0;-4.339;-3.883;-13.086;0.456
sub-2_raw.fif;motiv;extr;243;1.0;-0.485;-1.81;-7.209;-1.325
sub-2_raw.fif;motiv;extr;244;0.0;-9.25;-2.214;-12.548;7.036
sub-2_raw.fif;motiv;extr;245;0.0;-14.621;4.238;-20.942;18.859
sub-2_raw.fif;motiv;extr;246;1.0;5.052;6.247;-1.2;1.195
sub-2_raw.fif;motiv;extr;247;0.0;6.015;19.227;-0.792;13.212
sub-2_raw.fif;motiv;extr;248;1.0;-14.389;-0.814;-18.965;13.575
sub-2_raw.fif;motiv;extr;249;1.0;-10.182;9.594;-19.336;19.776
sub-2_raw.fif;motiv;extr;250;0.0;2.217;-4.915;-5.254;-7.132
sub-2_raw.fif;motiv;extr;251;1.0;-9.391;-5.061;-15.488;4.33
sub-2_raw.fif;motiv;extr;252;1.0;3.863;8.855;-1.496;4.992
sub-2_raw.fif;motiv;extr;253;1.0;4.086;-5.475;-4.706;-9.561
sub-2_raw.fif;motiv;extr;254;1.0;-3.022;5.295;-8.861;8.317
sub-2_raw.fif;motiv;extr;255;1.0;2.512;0.247;-0.545;-2.264
sub-2_raw.fif;motiv;extr;256;0.0;-8.993;-8.337;-11.975;0.656
sub-2_raw.fif;motiv;extr;257;1.0;-1.114;10.623;-8.247;11.737
sub-2_raw.fif;amotiv;easy;258;1.0;5.328;8.985;0.197;3.657
sub-2_raw.fif;amotiv;easy;259;1.0;3.199;8.198;-3.575;4.999
sub-2_raw.fif;amotiv;easy;260;0.0;-4.035;-2.697;-6.822;1.338
sub-2_raw.fif;amotiv;easy;261;1.0;-5.521;3.019;-13.753;8.54
sub-2_raw.fif;amotiv;easy;262;1.0;-13.938;-2.48;-19.69;11.458
sub-2_raw.fif;amotiv;easy;263;1.0;-4.446;-9.38;-7.425;-4.934
sub-2_raw.fif;amotiv;easy;264;1.0;-0.882;9.342;-5.431;10.224
sub-2_raw.fif;amotiv;easy;265;0.0;4.015;-29.472;-8.978;-33.487
sub-2_raw.fif;amotiv;easy;266;1.0;-1.674;5.445;-8.716;7.119
sub-2_raw.fif;amotiv;easy;267;1.0;0.578;-20.693;-4.389;-21.271
sub-2_raw.fif;amotiv;easy;268;1.0;2.888;2.161;0.426;-0.726
sub-2_raw.fif;amotiv;easy;269;1.0;-8.428;-1.751;-11.011;6.677
sub-2_raw.fif;amotiv;easy;270;1.0;-6.533;0.719;-18.21;7.252
sub-2_raw.fif;amotiv;easy;271;1.0;-5.65;4.31;-13.779;9.959
sub-2_raw.fif;amotiv;easy;272;1.0;7.979;-0.796;-0.332;-8.775
sub-2_raw.fif;amotiv;easy;273;0.0;15.418;18.85;11.22;3.432
sub-2_raw.fif;amotiv;easy;274;0.0;-4.714;-3.137;-14.396;1.577
sub-2_raw.fif;amotiv;easy;275;1.0;8.725;-3.707;1.108;-12.431
sub-2_raw.fif;amotiv;easy;276;1.0;-11.672;6.127;-20.382;17.799
sub-2_raw.fif;amotiv;easy;277;1.0;-1.285;-0.726;-4.866;0.559
sub-2_raw.fif;amotiv;easy;278;1.0;-0.414;-5.142;-6.357;-4.728
sub-2_raw.fif;amotiv;easy;279;1.0;-2.31;5.787;-10.405;8.098
sub-2_raw.fif;amotiv;easy;280;0.0;-7.852;10.046;-13.0;17.898
sub-2_raw.fif;amotiv;easy;281;1.0;-2.394;3.419;-14.199;5.813
sub-2_raw.fif;amotiv;easy;282;1.0;0.991;-1.441;-6.519;-2.432
sub-2_raw.fif;amotiv;easy;283;0.0;-6.452;16.912;-20.767;23.364
sub-2_raw.fif;motiv;easy;284;1.0;-3.658;3.788;-8.521;7.446
sub-2_raw.fif;motiv;easy;285;1.0;-8.156;5.8;-18.194;13.955
sub-2_raw.fif;motiv;easy;286;1.0;-13.506;-2.928;-18.909;10.578
sub-2_raw.fif;motiv;easy;287;0.0;1.733;19.858;-6.844;18.125
sub-2_raw.fif;motiv;easy;288;1.0;-16.746;6.032;-27.728;22.777
sub-2_raw.fif;motiv;easy;289;1.0;2.89;-7.75;-0.403;-10.64
sub-2_raw.fif;motiv;easy;290;1.0;2.992;-0.738;-1.509;-3.73
sub-2_raw.fif;motiv;easy;291;0.0;-24.186;-9.335;-33.214;14.851
sub-2_raw.fif;motiv;easy;292;0.0;-11.471;2.129;-18.583;13.6
sub-2_raw.fif;motiv;easy;293;1.0;3.998;-0.118;-0.02;-4.117
sub-2_raw.fif;motiv;easy;294;1.0;-10.288;-1.692;-17.703;8.596
sub-2_raw.fif;motiv;easy;295;1.0;-7.986;6.065;-15.161;14.051
sub-2_raw.fif;motiv;easy;296;1.0;1.604;4.487;-8.12;2.883
sub-2_raw.fif;motiv;easy;297;0.0;-1.76;-26.793;-6.074;-25.033
sub-2_raw.fif;motiv;easy;298;1.0;-0.591;3.701;-7.946;4.292
sub-2_raw.fif;motiv;easy;299;1.0;9.262;8.886;-6.847;-0.376
sub-2_raw.fif;motiv;easy;300;1.0;3.488;-7.028;-3.81;-10.516
sub-2_raw.fif;motiv;easy;301;0.0;3.702;18.081;-4.547;14.379
sub-2_raw.fif;motiv;easy;302;1.0;-5.506;4.009;-18.201;9.515
sub-2_raw.fif;motiv;easy;303;1.0;10.576;2.772;5.519;-7.804
sub-2_raw.fif;motiv;easy;304;1.0;-1.85;0.668;-5.806;2.518
sub-2_raw.fif;motiv;easy;305;1.0;-0.576;9.587;-5.299;10.163
sub-2_raw.fif;motiv;easy;306;1.0;8.633;6.63;2.836;-2.003
sub-2_raw.fif;motiv;easy;307;0.0;-22.55;-3.784;-35.331;18.766
sub-2_raw.fif;motiv;easy;308;1.0;0.111;5.592;-2.715;5.481
sub-2_raw.fif;motiv;easy;309;1.0;-5.605;-1.643;-15.374;3.962
sub-2_raw.fif;amotiv;extr;310;1.0;-7.116;-3.798;-13.138;3.318
sub-2_raw.fif;amotiv;extr;311;1.0;0.972;18.938;-1.894;17.967
sub-2_raw.fif;amotiv;extr;312;1.0;-5.451;5.656;-10.347;11.107
sub-2_raw.fif;amotiv;extr;313;0.0;-2.973;7.96;-7.221;10.933
sub-2_raw.fif;amotiv;extr;314;1.0;-5.785;6.008;-12.248;11.793
sub-2_raw.fif;amotiv;extr;315;0.0;11.142;18.361;6.77;7.219
sub-2_raw.fif;amotiv;extr;316;1.0;-8.663;-3.178;-12.03;5.485
sub-2_raw.fif;amotiv;extr;317;0.0;1.056;-31.76;-2.432;-32.816
sub-2_raw.fif;amotiv;extr;318;0.0;-5.867;17.87;-27.626;23.737
sub-2_raw.fif;amotiv;extr;319;1.0;-1.752;4.14;-6.614;5.892
sub-2_raw.fif;amotiv;extr;320;1.0;-2.013;8.528;-7.979;10.54
sub-2_raw.fif;amotiv;extr;321;0.0;-3.164;8.546;-12.129;11.71
sub-2_raw.fif;amotiv;extr;322;1.0;-11.14;-19.534;-22.401;-8.394
sub-2_raw.fif;amotiv;extr;323;0.0;15.446;26.985;8.0;11.539
sub-2_raw.fif;amotiv;extr;324;1.0;-3.572;0.362;-12.79;3.934
sub-2_raw.fif;amotiv;extr;325;1.0;1.153;13.765;-5.324;12.612
sub-2_raw.fif;amotiv;extr;326;1.0;3.245;-5.947;-1.358;-9.192
sub-2_raw.fif;amotiv;extr;327;1.0;-6.707;6.546;-15.008;13.254
sub-2_raw.fif;amotiv;extr;328;1.0;8.385;17.964;-6.721;9.579
sub-2_raw.fif;amotiv;extr;329;1.0;0.936;-1.782;-8.59;-2.718
sub-2_raw.fif;amotiv;extr;330;1.0;5.507;1.484;-3.168;-4.024
sub-2_raw.fif;amotiv;extr;331;1.0;-1.164;3.152;-6.059;4.316
sub-2_raw.fif;amotiv;extr;332;1.0;-3.078;4.756;-9.175;7.834
sub-2_raw.fif;amotiv;extr;333;1.0;3.615;0.777;-6.752;-2.838
sub-2_raw.fif;amotiv;extr;334;1.0;1.791;-4.707;-9.252;-6.498
sub-2_raw.fif;amotiv;extr;335;1.0;4.499;14.317;0.849;9.818
sub-3_raw.fif;motiv;extr;0;1.0;-5.713;2.181;-9.763;7.894
sub-3_raw.fif;motiv;extr;1;0.0;6.134;14.919;0.546;8.785
sub-3_raw.fif;motiv;extr;2;0.0;5.579;13.825;3.772;8.246
sub-3_raw.fif;motiv;extr;3;1.0;3.49;6.69;-4.173;3.2
sub-3_raw.fif;motiv;extr;4;0.0;9.013;17.154;2.702;8.141
sub-3_raw.fif;motiv;extr;5;1.0;-9.712;13.654;-13.108;23.366
sub-3_raw.fif;motiv;extr;6;1.0;-8.931;3.198;-12.581;12.129
sub-3_raw.fif;motiv;extr;7;1.0;-10.281;7.431;-16.441;17.712
sub-3_raw.fif;motiv;extr;8;1.0;0.615;1.415;-4.619;0.799
sub-3_raw.fif;motiv;extr;9;1.0;-12.365;10.328;-18.294;22.692
sub-3_raw.fif;motiv;extr;10;1.0;-4.013;-4.888;-7.026;-0.875
sub-3_raw.fif;motiv;extr;11;0.0;-7.657;13.223;-12.678;20.88
sub-3_raw.fif;motiv;extr;12;1.0;-7.388;-5.044;-16.218;2.344
sub-3_raw.fif;motiv;extr;13;1.0;-4.642;5.157;-12.974;9.799
sub-3_raw.fif;motiv;extr;14;1.0;-9.653;-1.646;-17.493;8.008
sub-3_raw.fif;motiv;extr;15;1.0;-4.158;-4.659;-8.335;-0.502
sub-3_raw.fif;motiv;extr;16;1.0;-6.03;3.812;-12.689;9.842
sub-3_raw.fif;motiv;extr;17;0.0;-15.401;-11.063;-19.939;4.337
sub-3_raw.fif;motiv;extr;18;1.0;-0.248;-11.578;-8.535;-11.331
sub-3_raw.fif;motiv;extr;19;1.0;4.643;1.061;1.416;-3.582
sub-3_raw.fif;motiv;extr;20;1.0;-8.754;11.757;-11.327;20.51
sub-3_raw.fif;motiv;extr;21;0.0;-17.499;2.477;-23.682;19.977
sub-3_raw.fif;motiv;extr;22;1.0;-13.215;3.077;-18.325;16.292
sub-3_raw.fif;motiv;extr;23;0.0;-9.491;-7.751;-13.57;1.74
sub-3_raw.fif;motiv;extr;24;1.0;-11.537;-8.98;-16.83;2.558
sub-3_raw.fif;amotiv;hard;25;1.0;-7.221;2.584;-13.677;9.805
sub-3_raw.fif;amotiv;hard;26;0.0;-23.987;15.458;-30.841;39.445
sub-3_raw.fif;amotiv;hard;27;1.0;-14.567;0.169;-19.871;14.736
sub-3_raw.fif;amotiv;hard;28;1.0;-7.549;-1.179;-13.764;6.37
sub-3_raw.fif;amotiv;hard;29;1.0;-12.825;5.614;-23.355;18.439
sub-3_raw.fif;amotiv;hard;30;1.0;2.445;-1.677;-0.442;-4.121
sub-3_raw.fif;amotiv;hard;31;1.0;-3.949;25.093;-12.752;29.042
sub-3_raw.fif;amotiv;hard;32;1.0;-1.965;7.032;-5.343;8.997
sub-3_raw.fif;amotiv;hard;33;1.0;-0.85;-8.089;-5.01;-7.24
sub-3_raw.fif;amotiv;hard;34;1.0;-8.662;-13.512;-11.75;-4.85
sub-3_raw.fif;amotiv;hard;35;0.0;-19.247;-9.865;-26.607;9.381
sub-3_raw.fif;amotiv;hard;36;1.0;-7.655;-12.052;-12.562;-4.397
sub-3_raw.fif;amotiv;hard;37;1.0;-26.432;3.42;-30.439;29.852
sub-3_raw.fif;amotiv;hard;38;1.0;-10.104;-3.4;-14.899;6.704
sub-3_raw.fif;amotiv;hard;39;1.0;-0.15;12.979;-4.259;13.129
sub-3_raw.fif;amotiv;hard;40;1.0;-11.316;2.394;-15.995;13.71
sub-3_raw.fif;amotiv;hard;41;1.0;-13.871;-0.09;-19.539;13.781
sub-3_raw.fif;amotiv;hard;42;0.0;-11.561;5.991;-19.287;17.552
sub-3_raw.fif;amotiv;hard;43;1.0;-1.851;13.136;-4.185;14.986
sub-3_raw.fif;amotiv;hard;44;1.0;-4.619;8.777;-8.122;13.396
sub-3_raw.fif;amotiv;hard;45;1.0;-2.251;-4.584;-10.185;-2.333
sub-3_raw.fif;amotiv;hard;46;1.0;-9.118;-6.22;-15.432;2.898
sub-3_raw.fif;amotiv;hard;47;0.0;-10.125;-8.974;-13.851;1.151
sub-3_raw.fif;amotiv;hard;48;0.0;-15.366;-4.457;-20.971;10.909
sub-3_raw.fif;amotiv;hard;49;0.0;-22.609;-3.411;-25.201;19.198
sub-3_raw.fif;amotiv;hard;50;1.0;-14.85;15.613;-19.849;30.462
sub-3_raw.fif;amotiv;easy;51;1.0;-15.269;13.475;-18.355;28.744
sub-3_raw.fif;amotiv;easy;52;0.0;3.863;4.094;-2.402;0.231
sub-3_raw.fif;amotiv;easy;53;1.0;-7.585;-11.532;-15.437;-3.947
sub-3_raw.fif;amotiv;easy;54;1.0;-1.023;9.522;-7.521;10.545
sub-3_raw.fif;amotiv;easy;55;1.0;-12.917;7.218;-22.595;20.136
sub-3_raw.fif;amotiv;easy;56;1.0;-18.987;9.367;-29.029;28.354
sub-3_raw.fif;amotiv;easy;57;0.0;-18.167;-5.905;-20.642;12.262
sub-3_raw.fif;amotiv;easy;58;1.0;-5.531;3.34;-7.822;8.871
sub-3_raw.fif;amotiv;easy;59;1.0;-3.798;3.733;-8.846;7.532
sub-3_raw.fif;amotiv;easy;60;1.0;-13.871;-2.547;-21.248;11.325
sub-3_raw.fif;amotiv;easy;61;1.0;-17.282;1.415;-20.396;18.698
sub-3_raw.fif;amotiv;easy;62;1.0;-14.395;4.806;-21.757;19.201
sub-3_raw.fif;amotiv;easy;63;1.0;-15.12;17.625;-17.312;32.745
sub-3_raw.fif;amotiv;easy;64;1.0;-4.239;16.072;-12.449;20.311
sub-3_raw.fif;amotiv;easy;65;0.0;-7.929;16.797;-11.45;24.726
sub-3_raw.fif;amotiv;easy;66;1.0;-15.052;3.846;-17.428;18.899
sub-3_raw.fif;amotiv;easy;67;1.0;-23.553;5.648;-26.332;29.202
sub-3_raw.fif;amotiv;easy;68;1.0;-19.207;-6.439;-27.386;12.768
sub-3_raw.fif;amotiv;easy;69;1.0;-7.858;-0.919;-14.674;6.939
sub-3_raw.fif;amotiv;easy;70;0.0;-11.927;-14.827;-19.729;-2.901
sub-3_raw.fif;amotiv;easy;71;0.0;-4.243;15.525;-14.038;19.769
sub-3_raw.fif;amotiv;easy;72;1.0;-8.805;0.138;-11.5;8.943
sub-3_raw.fif;amotiv;easy;73;1.0;-8.078;10.676;-11.128;18.754
sub-3_raw.fif;amotiv;easy;74;0.0;-9.859;-15.933;-15.179;-6.074
sub-3_raw.fif;amotiv;easy;75;1.0;12.583;5.36;3.833;-7.223
sub-3_raw.fif;amotiv;easy;76;1.0;6.59;-8.932;-3.641;-15.522
sub-3_raw.fif;motiv;hard;77;1.0;-16.339;9.297;-22.643;25.635
sub-3_raw.fif;motiv;hard;78;0.0;-13.337;-12.83;-18.163;0.507
sub-3_raw.fif;motiv;hard;79;1.0;-9.959;8.631;-17.193;18.59
sub-3_raw.fif;motiv;hard;80;1.0;-2.434;0.163;-7.068;2.597
sub-3_raw.fif;motiv;hard;81;0.0;-2.759;3.569;-5.751;6.328
sub-3_raw.fif;motiv;hard;82;1.0;-8.382;13.401;-17.469;21.783
sub-3_raw.fif;motiv;hard;83;0.0;-6.511;7.492;-14.316;14.003
sub-3_raw.fif;motiv;hard;84;0.0;3.095;9.249;-8.463;6.153
sub-3_raw.fif;motiv;hard;85;1.0;-17.171;8.037;-20.777;25.208
sub-3_raw.fif;motiv;hard;86;1.0;-23.87;6.845;-30.568;30.714
sub-3_raw.fif;motiv;hard;87;1.0;-17.235;2.399;-21.836;19.635
sub-3_raw.fif;motiv;hard;88;0.0;17.186;19.821;14.559;2.635
sub-3_raw.fif;motiv;hard;89;1.0;-14.04;2.689;-17.009;16.728
sub-3_raw.fif;motiv;hard;90;1.0;-7.103;4.318;-10.829;11.421
sub-3_raw.fif;motiv;hard;91;1.0;-10.393;9.614;-20.556;20.007
sub-3_raw.fif;motiv;hard;92;0.0;-2.466;5.665;-6.253;8.131
sub-3_raw.fif;motiv;hard;93;0.0;-7.879;26.274;-13.837;34.153
sub-3_raw.fif;motiv;hard;94;0.0;3.655;23.957;-10.581;20.302
sub-3_raw.fif;motiv;hard;95;0.0;-7.889;-7.572;-13.518;0.317
sub-3_raw.fif;motiv;hard;96;1.0;5.968;1.643;0.265;-4.325
sub-3_raw.fif;motiv;hard;97;1.0;-8.483;-4.597;-16.761;3.886
sub-3_raw.fif;motiv;hard;98;1.0;-10.57;2.636;-16.546;13.207
sub-3_raw.fif;motiv;hard;99;1.0;5.386;0.027;-1.23;-5.359
sub-3_raw.fif;motiv;hard;100;1.0;-3.499;12.167;-6.718;15.666
sub-3_raw.fif;motiv;hard;101;1.0;-2.475;-11.944;-7.879;-9.469
sub-3_raw.fif;motiv;hard;102;1.0;1.102;16.382;-7.638;15.28
sub-3_raw.fif;amotiv;extr;103;1.0;-3.592;-1.489;-11.526;2.103
sub-3_raw.fif;amotiv;extr;104;1.0;-5.979;18.334;-13.027;24.313
sub-3_raw.fif;amotiv;extr;105;1.0;-11.394;20.92;-14.08;32.314
sub-3_raw.fif;amotiv;extr;106;0.0;-3.838;-3.978;-7.819;-0.14
sub-3_raw.fif;amotiv;extr;107;1.0;-4.044;8.255;-7.698;12.299
sub-3_raw.fif;amotiv;extr;108;1.0;0.653;-5.289;-3.492;-5.942
sub-3_raw.fif;amotiv;extr;109;0.0;-9.047;-7.615;-12.396;1.433
sub-3_raw.fif;amotiv;extr;110;1.0;-14.12;11.343;-22.807;25.463
sub-3_raw.fif;amotiv;extr;111;1.0;-23.945;1.637;-29.024;25.582
sub-3_raw.fif;amotiv;extr;112;1.0;-9.772;4.388;-13.849;14.16
sub-3_raw.fif;amotiv;extr;113;1.0;-5.338;-6.482;-14.514;-1.145
sub-3_raw.fif;amotiv;extr;114;1.0;6.137;12.712;4.037;6.575
sub-3_raw.fif;amotiv;extr;115;1.0;-9.756;14.11;-14.145;23.866
sub-3_raw.fif;amotiv;extr;116;0.0;-9.533;-2.766;-14.281;6.767
sub-3_raw.fif;amotiv;extr;117;1.0;-9.917;-5.044;-13.783;4.873
sub-3_raw.fif;amotiv;extr;118;1.0;-2.953;-7.103;-11.321;-4.15
sub-3_raw.fif;amotiv;extr;119;1.0;4.298;6.595;-6.647;2.297
sub-3_raw.fif;amotiv;extr;120;1.0;-5.466;-3.973;-14.107;1.493
sub-3_raw.fif;amotiv;extr;121;1.0;-9.645;-2.762;-20.57;6.883
sub-3_raw.fif;amotiv;extr;122;1.0;-16.764;-0.346;-24.446;16.418
sub-3_raw.fif;amotiv;extr;123;1.0;-14.589;7.848;-19.577;22.438
sub-3_raw.fif;amotiv;extr;124;1.0;-2.862;16.326;-8.807;19.188
sub-3_raw.fif;amotiv;extr;125;0.0;-11.371;-25.028;-14.916;-13.657
sub-3_raw.fif;amotiv;extr;126;1.0;-17.161;1.529;-26.696;18.691
sub-3_raw.fif;amotiv;extr;127;1.0;-16.647;-2.266;-18.327;14.381
sub-3_raw.fif;amotiv;extr;128;0.0;6.169;12.319;1.219;6.15
sub-3_raw.fif;motiv;easy;129;0.0;1.713;20.874;-1.045;19.161
sub-3_raw.fif;motiv;easy;130;0.0;4.535;7.522;0.413;2.986
sub-3_raw.fif;motiv;easy;131;1.0;-4.407;6.757;-8.952;11.164
sub-3_raw.fif;motiv;easy;132;1.0;2.504;-1.181;-5.05;-3.685
sub-3_raw.fif;motiv;easy;133;0.0;-7.911;-21.168;-19.414;-13.257
sub-3_raw.fif;motiv;easy;134;0.0;-23.401;-18.236;-27.655;5.165
sub-3_raw.fif;motiv;easy;135;0.0;-24.182;-13.894;-31.725;10.288
sub-3_raw.fif;motiv;easy;136;1.0;-7.394;4.875;-14.729;12.269
sub-3_raw.fif;motiv;easy;137;0.0;12.296;0.802;4.862;-11.494
sub-3_raw.fif;motiv;easy;138;1.0;-7.336;-9.901;-13.894;-2.565
sub-3_raw.fif;motiv;easy;139;1.0;0.828;8.161;-7.825;7.333
sub-3_raw.fif;motiv;easy;140;1.0;1.847;9.246;-1.966;7.399
sub-3_raw.fif;motiv;easy;141;0.0;-14.842;-2.838;-17.556;12.004
sub-3_raw.fif;motiv;easy;142;1.0;-11.974;-3.389;-16.681;8.584
sub-3_raw.fif;motiv;easy;143;0.0;3.755;3.666;-2.406;-0.088
sub-3_raw.fif;motiv;easy;144;1.0;6.824;-9.836;0.962;-16.66
sub-3_raw.fif;motiv;easy;145;0.0;-9.13;-10.11;-14.998;-0.981
sub-3_raw.fif;motiv;easy;146;0.0;-5.619;-1.191;-10.317;4.428
sub-3_raw.fif;motiv;easy;147;0.0;-18.511;-13.846;-21.223;4.665
sub-3_raw.fif;motiv;easy;148;1.0;-4.596;-13.571;-6.706;-8.975
sub-3_raw.fif;motiv;easy;149;0.0;-7.207;-5.485;-12.524;1.722
sub-3_raw.fif;motiv;easy;150;0.0;-12.9;-9.867;-18.667;3.033
sub-3_raw.fif;motiv;easy;151;1.0;-9.624;-5.362;-15.409;4.262
sub-3_raw.fif;motiv;easy;152;1.0;-13.051;-3.862;-19.723;9.188
sub-3_raw.fif;motiv;easy;153;0.0;-21.766;-2.676;-35.056;19.089
sub-3_raw.fif;motiv;easy;154;1.0;-3.305;6.657;-5.704;9.962
sub-3_raw.fif;motiv;extr;155;1.0;-1.178;-1.368;-10.184;-0.191
sub-3_raw.fif;motiv;extr;156;1.0;10.976;0.335;5.157;-10.641
sub-3_raw.fif;motiv;extr;157;1.0;7.773;4.554;-6.465;-3.219
sub-3_raw.fif;motiv;extr;158;1.0;-5.433;-3.719;-9.944;1.714
sub-3_raw.fif;motiv;extr;159;1.0;-4.2;0.873;-9.042;5.072
sub-3_raw.fif;motiv;extr;160;1.0;-8.408;-4.688;-14.206;3.72
sub-3_raw.fif;motiv;extr;161;1.0;7.894;-6.298;5.486;-14.192
sub-3_raw.fif;motiv;extr;162;1.0;12.551;-0.538;6.446;-13.089
sub-3_raw.fif;motiv;extr;163;0.0;-18.682;-1.831;-26.128;16.85
sub-3_raw.fif;motiv;extr;164;1.0;1.716;-4.954;-1.774;-6.67
sub-3_raw.fif;motiv;extr;165;1.0;-6.048;-6.069;-8.941;-0.021
sub-3_raw.fif;motiv;extr;166;1.0;2.885;-3.531;-1.316;-6.415
sub-3_raw.fif;motiv;extr;167;0.0;5.872;-2.046;4.357;-7.918
sub-3_raw.fif;motiv;extr;168;1.0;-8.548;8.65;-12.04;17.198
sub-3_raw.fif;motiv;extr;169;0.0;4.877;-19.286;2.298;-24.163
sub-3_raw.fif;motiv;extr;170;1.0;-7.115;-6.396;-17.889;0.72
sub-3_raw.fif;motiv;extr;171;1.0;-3.021;-4.354;-15.467;-1.333
sub-3_raw.fif;motiv;extr;172;1.0;-4.286;0.015;-8.566;4.301
sub-3_raw.fif;motiv;extr;173;1.0;5.887;-1.587;-5.147;-7.474
sub-3_raw.fif;motiv;extr;174;1.0;-0.723;-9.241;-7.525;-8.517
sub-3_raw.fif;motiv;extr;175;0.0;-22.762;-4.604;-28.321;18.158
sub-3_raw.fif;motiv;extr;176;0.0;5.393;10.944;-1.18;5.551
sub-3_raw.fif;motiv;extr;177;1.0;4.3;-7.088;-0.324;-11.388
sub-3_raw.fif;motiv;extr;178;0.0;12.085;6.962;7.183;-5.123
sub-3_raw.fif;motiv;extr;179;1.0;1.951;-5.136;-3.574;-7.087
sub-3_raw.fif;motiv;extr;180;0.0;6.298;2.964;-3.507;-3.334
sub-3_raw.fif;motiv;extr;181;1.0;-10.593;-4.095;-16.488;6.499
sub-3_raw.fif;motiv;extr;182;0.0;-8.613;-9.196;-12.906;-0.582
sub-3_raw.fif;motiv;extr;183;1.0;-0.523;10.137;-5.414;10.661
sub-3_raw.fif;motiv;extr;184;0.0;-11.992;-9.206;-16.859;2.786
sub-3_raw.fif;amotiv;hard;185;1.0;2.877;-3.779;-4.707;-6.656
sub-3_raw.fif;amotiv;hard;186;0.0;1.112;16.126;-7.659;15.015
sub-3_raw.fif;amotiv;hard;187;1.0;-0.744;-1.194;-3.714;-0.45
sub-3_raw.fif;amotiv;hard;188;1.0;-12.351;-4.135;-20.155;8.216
sub-3_raw.fif;amotiv;hard;189;1.0;3.218;12.74;0.572;9.522
sub-3_raw.fif;amotiv;hard;190;1.0;-12.339;2.596;-18.318;14.936
sub-3_raw.fif;amotiv;hard;191;1.0;6.083;-1.193;4.292;-7.276
sub-3_raw.fif;amotiv;hard;192;1.0;-3.967;9.886;-7.907;13.853
sub-3_raw.fif;amotiv;hard;193;1.0;-9.0;12.501;-15.896;21.501
sub-3_raw.fif;amotiv;hard;194;1.0;1.365;20.859;-4.051;19.494
sub-3_raw.fif;amotiv;hard;195;0.0;-8.023;-6.209;-11.678;1.814
sub-3_raw.fif;amotiv;hard;196;0.0;5.984;16.194;1.196;10.21
sub-3_raw.fif;amotiv;hard;197;0.0;-5.644;15.49;-10.13;21.135
sub-3_raw.fif;amotiv;hard;198;0.0;-5.665;-15.641;-11.988;-9.976
sub-3_raw.fif;amotiv;hard;199;1.0;-3.053;7.123;-9.333;10.175
sub-3_raw.fif;amotiv;hard;200;1.0;1.619;9.074;-0.855;7.455
sub-3_raw.fif;amotiv;hard;201;1.0;-2.489;13.762;-12.292;16.25
sub-3_raw.fif;amotiv;hard;202;1.0;-10.117;4.914;-13.67;15.031
sub-3_raw.fif;amotiv;hard;203;1.0;-3.969;-2.475;-8.465;1.494
sub-3_raw.fif;amotiv;hard;204;0.0;-3.694;-14.767;-10.901;-11.073
sub-3_raw.fif;amotiv;hard;205;1.0;-9.129;5.853;-12.194;14.981
sub-3_raw.fif;amotiv;hard;206;1.0;-11.245;-5.991;-15.167;5.254
sub-3_raw.fif;amotiv;hard;207;1.0;8.559;5.441;0.922;-3.118
sub-3_raw.fif;amotiv;hard;208;1.0;-7.544;14.474;-12.311;22.018
sub-3_raw.fif;amotiv;hard;209;0.0;-2.299;11.757;-6.496;14.056
sub-3_raw.fif;amotiv;hard;210;0.0;-0.292;11.791;-28.162;12.083
sub-3_raw.fif;amotiv;hard;211;0.0;-6.852;24.481;-13.804;31.333
sub-3_raw.fif;amotiv;hard;212;1.0;-11.001;-6.789;-17.976;4.212
sub-3_raw.fif;amotiv;hard;213;1.0;-7.459;13.323;-11.966;20.782
sub-3_raw.fif;amotiv;hard;214;1.0;-9.642;-2.102;-13.641;7.539
sub-3_raw.fif;amotiv;easy;215;1.0;-9.605;-3.059;-17.736;6.546
sub-3_raw.fif;amotiv;easy;216;1.0;2.121;-6.823;-0.736;-8.944
sub-3_raw.fif;amotiv;easy;217;1.0;-15.677;0.733;-20.73;16.41
sub-3_raw.fif;amotiv;easy;218;1.0;-16.708;1.359;-21.937;18.067
sub-3_raw.fif;amotiv;easy;219;1.0;1.284;12.776;-1.655;11.493
sub-3_raw.fif;amotiv;easy;220;1.0;-3.952;-2.788;-9.449;1.163
sub-3_raw.fif;amotiv;easy;221;1.0;7.106;-5.242;-0.407;-12.348
sub-3_raw.fif;amotiv;easy;222;1.0;-12.156;1.037;-18.347;13.192
sub-3_raw.fif;amotiv;easy;223;1.0;-7.642;5.897;-13.696;13.539
sub-3_raw.fif;amotiv;easy;224;1.0;-11.532;-6.804;-13.151;4.728
sub-3_raw.fif;amotiv;easy;225;1.0;-4.285;-2.247;-6.932;2.037
sub-3_raw.fif;amotiv;easy;226;1.0;3.994;-7.786;-4.951;-11.78
sub-3_raw.fif;amotiv;easy;227;1.0;7.276;3.109;3.417;-4.167
sub-3_raw.fif;amotiv;easy;228;1.0;-17.215;0.539;-20.975;17.753
sub-3_raw.fif;amotiv;easy;229;0.0;-4.013;-6.145;-19.144;-2.132
sub-3_raw.fif;amotiv;easy;230;1.0;2.362;7.561;-3.018;5.199
sub-3_raw.fif;amotiv;easy;231;1.0;-18.106;-1.764;-21.294;16.342
sub-3_raw.fif;amotiv;easy;232;1.0;-7.971;-0.998;-14.578;6.974
sub-3_raw.fif;amotiv;easy;233;0.0;10.261;10.443;5.818;0.182
sub-3_raw.fif;amotiv;easy;234;0.0;-16.366;-20.13;-24.337;-3.763
sub-3_raw.fif;amotiv;easy;235;0.0;-27.627;-14.933;-41.891;12.695
sub-3_raw.fif;amotiv;easy;236;1.0;-5.964;-0.606;-9.117;5.358
sub-3_raw.fif;amotiv;easy;237;0.0;0.314;31.036;-7.779;30.722
sub-3_raw.fif;amotiv;easy;238;0.0;-14.617;-29.016;-18.123;-14.399
sub-3_raw.fif;amotiv;easy;239;1.0;-7.145;3.019;-9.652;10.164
sub-3_raw.fif;amotiv;easy;240;1.0;-10.719;6.722;-13.854;17.441
sub-3_raw.fif;amotiv;easy;241;1.0;2.753;10.61;-1.131;7.857
sub-3_raw.fif;amotiv;easy;242;1.0;-0.15;-12.443;-4.809;-12.293
sub-3_raw.fif;amotiv;easy;243;1.0;-12.57;5.135;-15.993;17.705
sub-3_raw.fif;amotiv;easy;244;0.0;11.314;4.046;8.117;-7.268
sub-3_raw.fif;motiv;hard;245;1.0;-1.656;-1.9;-7.044;-0.245
sub-3_raw.fif;motiv;hard;246;1.0;-9.351;-0.89;-13.843;8.461
sub-3_raw.fif;motiv;hard;247;1.0;4.7;6.878;1.589;2.178
sub-3_raw.fif;motiv;hard;248;1.0;-11.745;7.045;-17.47;18.79
sub-3_raw.fif;motiv;hard;249;1.0;-7.615;-0.972;-14.396;6.644
sub-3_raw.fif;motiv;hard;250;0.0;-5.306;16.162;-10.978;21.469
sub-3_raw.fif;motiv;hard;251;1.0;3.851;1.924;0.448;-1.927
sub-3_raw.fif;motiv;hard;252;1.0;7.887;4.651;3.037;-3.236
sub-3_raw.fif;motiv;hard;253;1.0;-7.279;-2.149;-10.847;5.13
sub-3_raw.fif;motiv;hard;254;1.0;1.546;-10.634;-16.394;-12.18
sub-3_raw.fif;motiv;hard;255;0.0;-4.947;11.928;-9.655;16.875
sub-3_raw.fif;motiv;hard;256;0.0;-13.547;6.049;-18.091;19.596
sub-3_raw.fif;motiv;hard;257;1.0;-0.08;2.556;-6.909;2.637
sub-3_raw.fif;motiv;hard;258;0.0;-6.169;1.761;-11.836;7.929
sub-3_raw.fif;motiv;hard;259;0.0;-3.64;17.031;-7.891;20.671
sub-3_raw.fif;motiv;hard;260;0.0;0.781;12.855;-7.817;12.074
sub-3_raw.fif;motiv;hard;261;1.0;0.95;-3.078;-7.262;-4.029
sub-3_raw.fif;motiv;hard;262;1.0;-3.739;12.43;-25.982;16.169
sub-3_raw.fif;motiv;hard;263;0.0;-3.309;19.981;-11.784;23.291
sub-3_raw.fif;motiv;hard;264;0.0;4.444;14.576;-0.77;10.132
sub-3_raw.fif;motiv;hard;265;1.0;-14.771;-1.756;-20.368;13.015
sub-3_raw.fif;motiv;hard;266;1.0;-9.444;19.133;-17.087;28.577
sub-3_raw.fif;motiv;hard;267;1.0;2.743;3.518;-0.12;0.775
sub-3_raw.fif;motiv;hard;268;1.0;-2.238;3.199;-11.958;5.436
sub-3_raw.fif;motiv;hard;269;1.0;-3.94;7.709;-9.469;11.648
sub-3_raw.fif;motiv;hard;270;1.0;2.324;3.11;-5.856;0.786
sub-3_raw.fif;motiv;hard;271;0.0;-1.154;24.095;-9.822;25.249
sub-3_raw.fif;motiv;hard;272;1.0;-2.786;-5.141;-5.81;-2.355
sub-3_raw.fif;motiv;hard;273;0.0;-10.031;-19.983;-11.886;-9.952
sub-3_raw.fif;motiv;hard;274;1.0;-2.979;14.874;-6.202;17.853
sub-3_raw.fif;amotiv;extr;275;1.0;-3.409;-1.453;-8.551;1.956
sub-3_raw.fif;amotiv;extr;276;0.0;0.249;8.582;-4.256;8.333
sub-3_raw.fif;amotiv;extr;277;1.0;-10.945;-0.532;-14.399;10.412
sub-3_raw.fif;amotiv;extr;278;1.0;-5.363;9.899;-15.18;15.262
sub-3_raw.fif;amotiv;extr;279;1.0;1.211;-3.256;-8.335;-4.467
sub-3_raw.fif;amotiv;extr;280;0.0;0.892;-21.019;-7.032;-21.911
sub-3_raw.fif;amotiv;extr;281;1.0;6.638;5.321;2.697;-1.317
sub-3_raw.fif;amotiv;extr;282;1.0;-12.745;-8.877;-21.472;3.868
sub-3_raw.fif;amotiv;extr;283;1.0;0.509;1.023;-3.94;0.514
sub-3_raw.fif;amotiv;extr;284;1.0;-8.94;7.546;-13.598;16.487
sub-3_raw.fif;amotiv;extr;285;1.0;-15.382;-3.03;-18.603;12.352
sub-3_raw.fif;amotiv;extr;286;0.0;-5.353;15.993;-9.766;21.346
sub-3_raw.fif;amotiv;extr;287;1.0;-21.476;-4.666;-23.208;16.81
sub-3_raw.fif;amotiv;extr;288;0.0;-4.956;4.659;-10.623;9.614
sub-3_raw.fif;amotiv;extr;289;0.0;-3.77;16.304;-7.573;20.074
sub-3_raw.fif;amotiv;extr;290;1.0;-6.739;-7.496;-15.449;-0.757
sub-3_raw.fif;amotiv;extr;291;1.0;-17.187;-1.468;-21.077;15.719
sub-3_raw.fif;amotiv;extr;292;1.0;3.616;-4.133;-3.564;-7.748
sub-3_raw.fif;amotiv;extr;293;1.0;-4.005;3.916;-5.99;7.922
sub-3_raw.fif;amotiv;extr;294;1.0;-12.415;14.832;-16.58;27.247
sub-3_raw.fif;amotiv;extr;295;0.0;8.461;-23.835;3.889;-32.296
sub-3_raw.fif;amotiv;extr;296;1.0;10.969;-3.989;5.36;-14.958
sub-3_raw.fif;amotiv;extr;297;1.0;-7.665;1.117;-9.993;8.782
sub-3_raw.fif;amotiv;extr;298;1.0;5.059;-4.556;-0.134;-9.615
sub-3_raw.fif;amotiv;extr;299;0.0;-20.791;-11.361;-23.694;9.43
sub-3_raw.fif;amotiv;extr;300;1.0;-1.323;-9.712;-7.125;-8.39
sub-3_raw.fif;amotiv;extr;301;1.0;7.968;-7.171;0.159;-15.139
sub-3_raw.fif;amotiv;extr;302;1.0;-15.378;-1.174;-21.803;14.204
sub-3_raw.fif;amotiv;extr;303;1.0;-10.015;0.902;-11.767;10.917
sub-3_raw.fif;amotiv;extr;304;1.0;5.291;-6.408;-0.48;-11.698
sub-3_raw.fif;motiv;easy;305;1.0;-0.615;-7.031;-10.65;-6.416
sub-3_raw.fif;motiv;easy;306;0.0;-4.723;10.692;-11.518;15.415
sub-3_raw.fif;motiv;easy;307;1.0;-4.717;-6.548;-10.166;-1.831
sub-3_raw.fif;motiv;easy;308;1.0;-17.241;-9.358;-28.984;7.883
sub-3_raw.fif;motiv;easy;309;0.0;-2.539;11.317;-10.446;13.856
sub-3_raw.fif;motiv;easy;310;1.0;-2.11;4.768;-6.505;6.878
sub-3_raw.fif;motiv;easy;311;1.0;-9.54;-7.121;-16.553;2.419
sub-3_raw.fif;motiv;easy;312;1.0;12.637;3.78;4.018;-8.857
sub-3_raw.fif;motiv;easy;313;1.0;0.76;-5.279;-2.329;-6.04
sub-3_raw.fif;motiv;easy;314;1.0;-10.319;7.588;-18.141;17.908
sub-3_raw.fif;motiv;easy;315;1.0;1.435;-6.815;-2.488;-8.25
sub-3_raw.fif;motiv;easy;316;1.0;-1.808;2.819;-10.771;4.627
sub-3_raw.fif;motiv;easy;317;1.0;-17.488;-7.006;-21.396;10.482
sub-3_raw.fif;motiv;easy;318;1.0;2.737;-2.118;-4.184;-4.855
sub-3_raw.fif;motiv;easy;319;1.0;1.878;7.758;-1.759;5.88
sub-3_raw.fif;motiv;easy;320;1.0;-4.284;-2.361;-14.873;1.923
sub-3_raw.fif;motiv;easy;321;0.0;-13.822;-9.452;-17.834;4.37
sub-3_raw.fif;motiv;easy;322;1.0;-5.68;2.168;-9.262;7.849
sub-3_raw.fif;motiv;easy;323;0.0;1.59;-14.752;-3.415;-16.342
sub-3_raw.fif;motiv;easy;324;1.0;-3.349;-0.532;-13.891;2.816
sub-3_raw.fif;motiv;easy;325;1.0;1.732;-3.126;-4.327;-4.858
sub-3_raw.fif;motiv;easy;326;1.0;-17.801;6.741;-19.404;24.542
sub-3_raw.fif;motiv;easy;327;1.0;2.242;-0.169;-3.658;-2.411
sub-3_raw.fif;motiv;easy;328;1.0;-2.71;-5.258;-7.45;-2.548
sub-3_raw.fif;motiv;easy;329;1.0;-3.454;-15.115;-6.991;-11.661
sub-3_raw.fif;motiv;easy;330;1.0;-7.253;11.161;-12.257;18.414
sub-3_raw.fif;motiv;easy;331;0.0;-5.064;-11.27;-11.301;-6.206
sub-3_raw.fif;motiv;easy;332;1.0;-16.919;4.913;-21.518;21.832
sub-3_raw.fif;motiv;easy;333;1.0;3.21;-0.855;-1.218;-4.065
sub-3_raw.fif;motiv;easy;334;1.0;-0.918;-0.523;-9.036;0.395
sub-4_raw.fif;amotiv;hard;0;1.0;-0.823;3.482;-2.783;4.305
sub-4_raw.fif;amotiv;hard;1;1.0;-2.882;5.631;-4.326;8.513
sub-4_raw.fif;amotiv;hard;2;1.0;0.593;5.605;-8.568;5.012
sub-4_raw.fif;amotiv;hard;3;1.0;13.029;-1.192;7.982;-14.221
sub-4_raw.fif;amotiv;hard;4;1.0;2.363;8.036;-10.989;5.672
sub-4_raw.fif;amotiv;hard;5;1.0;2.247;1.451;-2.42;-0.796
sub-4_raw.fif;amotiv;hard;6;0.0;3.573;20.608;0.354;17.035
sub-4_raw.fif;amotiv;hard;7;1.0;4.629;2.03;1.626;-2.599
sub-4_raw.fif;amotiv;hard;8;1.0;0.985;-8.812;-1.953;-9.797
sub-4_raw.fif;amotiv;hard;9;1.0;2.506;5.794;-1.579;3.288
sub-4_raw.fif;amotiv;hard;10;1.0;-0.838;7.603;-7.896;8.442
sub-4_raw.fif;amotiv;hard;11;1.0;-7.947;20.816;-12.631;28.762
sub-4_raw.fif;amotiv;hard;12;1.0;1.134;15.168;-2.939;14.034
sub-4_raw.fif;amotiv;hard;13;1.0;-5.044;13.88;-8.392;18.923
sub-4_raw.fif;amotiv;hard;14;1.0;8.939;16.931;4.213;7.992
sub-4_raw.fif;amotiv;hard;15;0.0;11.428;35.296;8.372;23.868
sub-4_raw.fif;amotiv;hard;16;1.0;12.436;12.132;4.67;-0.304
sub-4_raw.fif;amotiv;hard;17;1.0;1.031;3.146;-2.663;2.115
sub-4_raw.fif;amotiv;hard;18;1.0;7.793;11.306;4.94;3.513
sub-4_raw.fif;amotiv;hard;19;1.0;11.731;10.739;9.817;-0.992
sub-4_raw.fif;amotiv;hard;20;1.0;2.407;13.55;-7.845;11.143
sub-4_raw.fif;amotiv;hard;21;1.0;3.84;10.641;1.255;6.8
sub-4_raw.fif;amotiv;hard;22;1.0;-3.912;19.952;-9.312;23.864
sub-4_raw.fif;amotiv;hard;23;1.0;-2.446;3.813;-17.718;6.259
sub-4_raw.fif;amotiv;hard;24;1.0;-2.237;-1.747;-5.943;0.491
sub-4_raw.fif;amotiv;hard;25;1.0;-1.142;7.253;-2.444;8.395
sub-4_raw.fif;amotiv;hard;26;1.0;-3.914;22.631;-7.63;26.546
sub-4_raw.fif;amotiv;hard;27;1.0;-7.131;10.512;-14.894;17.642
sub-4_raw.fif;amotiv;hard;28;1.0;5.59;-0.607;1.34;-6.198
sub-4_raw.fif;amotiv;hard;29;1.0;11.755;-3.882;8.696;-15.637
sub-4_raw.fif;amotiv;extr;30;1.0;5.199;0.345;3.1;-4.854
sub-4_raw.fif;amotiv;extr;31;1.0;9.957;-1.289;6.243;-11.246
sub-4_raw.fif;amotiv;extr;32;1.0;-3.903;-2.722;-11.58;1.18
sub-4_raw.fif;amotiv;extr;33;1.0;1.655;7.013;-1.324;5.357
sub-4_raw.fif;amotiv;extr;34;0.0;49.017;8.421;42.488;-40.596
sub-4_raw.fif;amotiv;extr;35;1.0;3.796;4.541;-0.55;0.745
sub-4_raw.fif;amotiv;extr;36;1.0;11.903;7.384;8.786;-4.519
sub-4_raw.fif;amotiv;extr;37;1.0;18.512;3.946;15.28;-14.567
sub-4_raw.fif;amotiv;extr;38;1.0;-0.527;4.461;-3.406;4.988
sub-4_raw.fif;amotiv;extr;39;1.0;-8.32;11.756;-10.645;20.076
sub-4_raw.fif;amotiv;extr;40;1.0;8.13;2.239;5.752;-5.891
sub-4_raw.fif;amotiv;extr;41;1.0;1.751;9.153;-2.089;7.402
sub-4_raw.fif;amotiv;extr;42;1.0;4.707;-0.361;1.517;-5.069
sub-4_raw.fif;amotiv;extr;43;1.0;1.013;-0.565;-3.178;-1.578
sub-4_raw.fif;amotiv;extr;44;1.0;-0.579;-1.061;-3.68;-0.482
sub-4_raw.fif;amotiv;extr;45;1.0;2.745;6.756;-1.334;4.011
sub-4_raw.fif;amotiv;extr;46;1.0;4.086;16.572;-0.449;12.486
sub-4_raw.fif;amotiv;extr;47;1.0;5.891;4.694;4.13;-1.197
sub-4_raw.fif;amotiv;extr;48;1.0;7.4;18.848;-1.157;11.448
sub-4_raw.fif;amotiv;extr;49;1.0;7.83;2.68;4.195;-5.15
sub-4_raw.fif;amotiv;extr;50;0.0;13.054;13.364;6.755;0.311
sub-4_raw.fif;amotiv;extr;51;1.0;-1.399;-1.187;-6.624;0.211
sub-4_raw.fif;amotiv;extr;52;1.0;5.596;17.133;0.755;11.537
sub-4_raw.fif;amotiv;extr;53;1.0;4.982;3.28;1.424;-1.702
sub-4_raw.fif;amotiv;extr;54;1.0;16.02;10.04;12.78;-5.98
sub-4_raw.fif;amotiv;extr;55;1.0;5.674;1.281;-0.879;-4.393
sub-4_raw.fif;amotiv;extr;56;1.0;13.063;10.475;9.453;-2.588
sub-4_raw.fif;amotiv;extr;57;1.0;2.553;0.31;-4.907;-2.243
sub-4_raw.fif;amotiv;extr;58;1.0;0.727;14.264;-4.166;13.537
sub-4_raw.fif;amotiv;extr;59;1.0;8.719;-0.639;4.5;-9.358
sub-4_raw.fif;motiv;hard;60;1.0;10.513;8.213;6.711;-2.3
sub-4_raw.fif;motiv;hard;61;1.0;0.059;9.283;-5.303;9.224
sub-4_raw.fif;motiv;hard;62;1.0;3.041;17.36;-3.975;14.319
sub-4_raw.fif;motiv;hard;63;1.0;0.885;4.855;-1.931;3.969
sub-4_raw.fif;motiv;hard;64;1.0;6.707;10.544;-1.206;3.837
sub-4_raw.fif;motiv;hard;65;1.0;-0.099;2.38;-5.74;2.479
sub-4_raw.fif;motiv;hard;66;0.0;-13.5;-0.569;-15.724;12.931
sub-4_raw.fif;motiv;hard;67;1.0;5.218;-3.414;0.263;-8.632
sub-4_raw.fif;motiv;hard;68;1.0;1.302;5.889;-0.011;4.587
sub-4_raw.fif;motiv;hard;69;1.0;4.214;21.345;-2.584;17.131
sub-4_raw.fif;motiv;hard;70;1.0;3.244;7.911;-1.402;4.667
sub-4_raw.fif;motiv;hard;71;1.0;4.207;4.701;3.036;0.494
sub-4_raw.fif;motiv;hard;72;1.0;-0.369;16.357;-3.902;16.725
sub-4_raw.fif;motiv;hard;73;1.0;0.868;20.378;-6.491;19.51
sub-4_raw.fif;motiv;hard;74;1.0;2.782;8.045;0.323;5.262
sub-4_raw.fif;motiv;hard;75;0.0;-2.106;13.654;-7.57;15.76
sub-4_raw.fif;motiv;hard;76;1.0;7.783;6.181;5.292;-1.602
sub-4_raw.fif;motiv;hard;77;1.0;6.274;-3.323;-3.037;-9.597
sub-4_raw.fif;motiv;hard;78;1.0;4.84;9.625;0.226;4.785
sub-4_raw.fif;motiv;hard;79;1.0;10.727;8.753;5.33;-1.974
sub-4_raw.fif;motiv;hard;80;1.0;7.794;11.764;3.914;3.97
sub-4_raw.fif;motiv;hard;81;1.0;2.971;9.76;-6.271;6.789
sub-4_raw.fif;motiv;hard;82;1.0;7.593;8.269;2.328;0.676
sub-4_raw.fif;motiv;hard;83;1.0;3.221;5.246;0.431;2.025
sub-4_raw.fif;motiv;hard;84;1.0;-1.911;2.171;-5.206;4.081
sub-4_raw.fif;motiv;hard;85;1.0;-1.532;8.459;-3.197;9.99
sub-4_raw.fif;motiv;hard;86;1.0;3.771;7.045;0.936;3.274
sub-4_raw.fif;motiv;hard;87;1.0;-5.242;7.892;-8.657;13.135
sub-4_raw.fif;motiv;hard;88;1.0;5.219;6.637;1.134;1.418
sub-4_raw.fif;motiv;hard;89;1.0;6.162;8.211;1.546;2.05
sub-4_raw.fif;amotiv;easy;90;0.0;1.778;22.415;-1.331;20.637
sub-4_raw.fif;amotiv;easy;91;1.0;12.275;10.885;5.933;-1.39
sub-4_raw.fif;amotiv;easy;92;1.0;11.11;2.324;8.49;-8.785
sub-4_raw.fif;amotiv;easy;93;1.0;-2.209;2.399;-4.013;4.607
sub-4_raw.fif;amotiv;easy;94;1.0;-5.238;12.089;-10.959;17.327
sub-4_raw.fif;amotiv;easy;95;1.0;1.197;-0.057;-1.824;-1.254
sub-4_raw.fif;amotiv;easy;96;1.0;3.434;9.035;-6.329;5.602
sub-4_raw.fif;amotiv;easy;97;1.0;4.134;4.855;2.136;0.721
sub-4_raw.fif;amotiv;easy;98;1.0;2.835;10.381;-1.167;7.545
sub-4_raw.fif;amotiv;easy;99;1.0;8.217;5.141;4.06;-3.076
sub-4_raw.fif;amotiv;easy;100;1.0;8.1;-1.878;5.465;-9.977
sub-4_raw.fif;amotiv;easy;101;1.0;0.436;-5.296;-2.549;-5.732
sub-4_raw.fif;amotiv;easy;102;1.0;5.678;10.758;1.89;5.081
sub-4_raw.fif;amotiv;easy;103;1.0;11.07;10.348;5.62;-0.722
sub-4_raw.fif;amotiv;easy;104;1.0;15.762;11.166;8.808;-4.596
sub-4_raw.fif;amotiv;easy;105;1.0;3.566;12.652;1.039;9.086
sub-4_raw.fif;amotiv;easy;106;1.0;7.854;7.723;2.79;-0.132
sub-4_raw.fif;amotiv;easy;107;1.0;9.451;6.677;5.46;-2.774
sub-4_raw.fif;amotiv;easy;108;1.0;-6.39;3.575;-9.067;9.965
sub-4_raw.fif;amotiv;easy;109;1.0;0.897;-13.039;-4.631;-13.936
sub-4_raw.fif;amotiv;easy;110;1.0;13.938;4.724;9.165;-9.215
sub-4_raw.fif;amotiv;easy;111;0.0;-12.448;-3.05;-14.937;9.398
sub-4_raw.fif;amotiv;easy;112;1.0;-10.019;5.025;-13.126;15.044
sub-4_raw.fif;amotiv;easy;113;0.0;6.443;14.663;-0.046;8.22
sub-4_raw.fif;amotiv;easy;114;1.0;8.132;3.475;2.875;-4.657
sub-4_raw.fif;amotiv;easy;115;1.0;0.491;-7.254;-3.342;-7.746
sub-4_raw.fif;amotiv;easy;116;0.0;9.686;11.085;8.428;1.399
sub-4_raw.fif;amotiv;easy;117;1.0;10.819;7.113;7.651;-3.706
sub-4_raw.fif;amotiv;easy;118;1.0;-3.263;3.615;-4.594;6.878
sub-4_raw.fif;amotiv;easy;119;1.0;-2.91;4.978;-5.447;7.888
sub-4_raw.fif;motiv;extr;120;0.0;-13.188;-12.295;-20.258;0.893
sub-4_raw.fif;motiv;extr;121;1.0;-2.936;20.939;-6.153;23.875
sub-4_raw.fif;motiv;extr;122;0.0;-13.761;-15.432;-18.815;-1.671
sub-4_raw.fif;motiv;extr;123;1.0;13.555;14.479;7.631;0.924
sub-4_raw.fif;motiv;extr;124;1.0;-0.87;16.284;-4.128;17.154
sub-4_raw.fif;motiv;extr;125;1.0;-5.393;13.999;-8.95;19.392
sub-4_raw.fif;motiv;extr;126;1.0;0.459;0.055;-1.564;-0.403
sub-4_raw.fif;motiv;extr;127;1.0;-11.027;7.01;-13.967;18.037
sub-4_raw.fif;motiv;extr;128;1.0;11.589;6.16;7.161;-5.429
sub-4_raw.fif;motiv;extr;129;1.0;4.763;12.369;-4.04;7.606
sub-4_raw.fif;motiv;extr;130;1.0;2.241;1.304;-1.119;-0.937
sub-4_raw.fif;motiv;extr;131;1.0;-0.342;-3.402;-1.451;-3.061
sub-4_raw.fif;motiv;extr;132;1.0;4.261;16.027;-3.25;11.766
sub-4_raw.fif;motiv;extr;133;1.0;12.683;11.82;8.686;-0.863
sub-4_raw.fif;motiv;extr;134;1.0;-3.409;-1.416;-8.302;1.992
sub-4_raw.fif;motiv;extr;135;1.0;-4.313;10.253;-7.935;14.566
sub-4_raw.fif;motiv;extr;136;1.0;-7.591;2.75;-10.83;10.341
sub-4_raw.fif;motiv;extr;137;1.0;6.38;7.281;3.593;0.901
sub-4_raw.fif;motiv;extr;138;1.0;-1.757;-4.828;-5.276;-3.072
sub-4_raw.fif;motiv;extr;139;1.0;4.131;4.537;-0.052;0.406
sub-4_raw.fif;motiv;extr;140;0.0;-3.862;-10.751;-7.619;-6.89
sub-4_raw.fif;motiv;extr;141;1.0;4.994;0.247;2.182;-4.746
sub-4_raw.fif;motiv;extr;142;1.0;-3.647;-6.15;-5.207;-2.503
sub-4_raw.fif;motiv;extr;143;1.0;11.174;16.11;4.368;4.936
sub-4_raw.fif;motiv;extr;144;1.0;-3.443;-4.361;-12.272;-0.918
sub-4_raw.fif;motiv;extr;145;1.0;13.618;-6.878;10.989;-20.496
sub-4_raw.fif;motiv;extr;146;1.0;12.28;8.073;3.504;-4.207
sub-4_raw.fif;motiv;extr;147;1.0;7.207;10.682;1.87;3.475
sub-4_raw.fif;motiv;extr;148;1.0;-12.998;7.988;-17.93;20.986
sub-4_raw.fif;motiv;extr;149;1.0;8.34;1.88;4.633;-6.459
sub-4_raw.fif;motiv;easy;150;0.0;115.29;116.082;111.149;0.793
sub-4_raw.fif;motiv;easy;151;1.0;3.911;8.568;-0.561;4.656
sub-4_raw.fif;motiv;easy;152;1.0;7.857;7.956;5.883;0.099
sub-4_raw.fif;motiv;easy;153;1.0;-1.208;-2.198;-2.986;-0.99
sub-4_raw.fif;motiv;easy;154;1.0;12.109;8.933;7.926;-3.176
sub-4_raw.fif;motiv;easy;155;1.0;-0.177;-4.383;-4.678;-4.205
sub-4_raw.fif;motiv;easy;156;1.0;-0.204;10.85;-5.792;11.055
sub-4_raw.fif;motiv;easy;157;1.0;12.053;-2.503;1.504;-14.556
sub-4_raw.fif;motiv;easy;158;1.0;8.357;1.193;3.938;-7.164
sub-4_raw.fif;motiv;easy;159;1.0;2.053;-0.765;-3.799;-2.818
sub-4_raw.fif;motiv;easy;160;1.0;1.8;11.676;-4.666;9.875
sub-4_raw.fif;motiv;easy;161;1.0;-2.173;2.877;-4.391;5.05
sub-4_raw.fif;motiv;easy;162;1.0;-3.911;5.929;-6.813;9.84
sub-4_raw.fif;motiv;easy;163;1.0;0.363;11.56;-0.695;11.196
sub-4_raw.fif;motiv;easy;164;1.0;-8.102;-3.475;-8.617;4.627
sub-4_raw.fif;motiv;easy;165;1.0;5.768;-3.15;1.29;-8.918
sub-4_raw.fif;motiv;easy;166;1.0;6.879;1.852;0.257;-5.026
sub-4_raw.fif;motiv;easy;167;1.0;10.195;8.483;4.47;-1.713
sub-4_raw.fif;motiv;easy;168;1.0;1.073;-9.121;-2.08;-10.194
sub-4_raw.fif;motiv;easy;169;1.0;0.903;14.52;-1.0;13.618
sub-4_raw.fif;motiv;easy;170;1.0;9.209;-9.061;6.043;-18.27
sub-4_raw.fif;motiv;easy;171;1.0;4.07;-0.418;1.037;-4.488
sub-4_raw.fif;motiv;easy;172;0.0;-4.603;21.354;-13.682;25.958
sub-4_raw.fif;motiv;easy;173;1.0;-2.524;15.338;-7.52;17.863
sub-4_raw.fif;motiv;easy;174;1.0;-7.284;-2.157;-13.861;5.127
sub-4_raw.fif;motiv;easy;175;1.0;12.374;17.663;8.055;5.289
sub-4_raw.fif;motiv;easy;176;0.0;-23.913;-9.216;-26.77;14.697
sub-4_raw.fif;motiv;easy;177;1.0;-6.668;-4.511;-11.303;2.157
sub-4_raw.fif;motiv;easy;178;1.0;3.213;5.456;0.114;2.243
sub-4_raw.fif;motiv;easy;179;1.0;-1.372;23.967;-5.299;25.338
sub-4_raw.fif;amotiv;hard;180;0.0;-12.484;-10.609;-23.138;1.875
sub-4_raw.fif;amotiv;hard;181;1.0;-5.721;1.963;-9.332;7.684
sub-4_raw.fif;amotiv;hard;182;1.0;0.188;-3.723;-5.227;-3.912
sub-4_raw.fif;amotiv;hard;183;1.0;3.394;-2.368;0.274;-5.762
sub-4_raw.fif;amotiv;hard;184;1.0;6.493;3.858;4.51;-2.635
sub-4_raw.fif;amotiv;hard;185;1.0;0.145;-9.787;-2.635;-9.932
sub-4_raw.fif;amotiv;hard;186;1.0;8.781;-7.343;5.469;-16.124
sub-4_raw.fif;amotiv;hard;187;1.0;11.077;-1.314;5.717;-12.391
sub-4_raw.fif;amotiv;hard;188;1.0;-1.631;17.528;-5.956;19.159
sub-4_raw.fif;amotiv;hard;189;1.0;10.765;5.336;7.352;-5.429
sub-4_raw.fif;amotiv;hard;190;1.0;-10.575;13.986;-13.215;24.561
sub-4_raw.fif;amotiv;hard;191;1.0;9.32;-5.881;0.077;-15.201
sub-4_raw.fif;amotiv;hard;192;1.0;9.836;15.079;7.538;5.243
sub-4_raw.fif;amotiv;hard;193;0.0;1.001;35.775;-8.073;34.774
sub-4_raw.fif;amotiv;hard;194;1.0;-5.113;7.642;-8.477;12.755
sub-4_raw.fif;amotiv;hard;195;1.0;-4.62;4.666;-5.986;9.286
sub-4_raw.fif;amotiv;hard;196;0.0;4.246;30.641;-18.512;26.395
sub-4_raw.fif;amotiv;hard;197;1.0;-15.842;1.646;-19.311;17.487
sub-4_raw.fif;amotiv;hard;198;1.0;14.254;5.748;7.809;-8.505
sub-4_raw.fif;amotiv;hard;199;0.0;-5.582;-8.251;-13.293;-2.67
sub-4_raw.fif;amotiv;hard;200;1.0;10.945;8.003;6.688;-2.941
sub-4_raw.fif;amotiv;hard;201;1.0;1.946;-3.541;-1.732;-5.487
sub-4_raw.fif;amotiv;hard;202;1.0;-7.034;-1.282;-13.248;5.753
sub-4_raw.fif;amotiv;hard;203;1.0;-5.746;7.966;-11.213;13.712
sub-4_raw.fif;amotiv;hard;204;0.0;8.602;18.895;1.49;10.293
sub-4_raw.fif;amotiv;hard;205;0.0;5.666;14.036;-1.231;8.37
sub-4_raw.fif;amotiv;extr;206;1.0;1.601;1.603;-5.913;0.002
sub-4_raw.fif;amotiv;extr;207;1.0;14.949;8.594;13.243;-6.354
sub-4_raw.fif;amotiv;extr;208;1.0;9.503;-1.766;3.987;-11.269
sub-4_raw.fif;amotiv;extr;209;1.0;2.418;3.565;-2.882;1.146
sub-4_raw.fif;amotiv;extr;210;1.0;-11.801;3.142;-14.81;14.944
sub-4_raw.fif;amotiv;extr;211;1.0;-0.871;15.58;-3.634;16.451
sub-4_raw.fif;amotiv;extr;212;1.0;3.062;7.424;0.494;4.363
sub-4_raw.fif;amotiv;extr;213;1.0;2.938;1.673;-1.236;-1.265
sub-4_raw.fif;amotiv;extr;214;1.0;-5.247;-2.02;-9.623;3.228
sub-4_raw.fif;amotiv;extr;215;1.0;-9.689;16.057;-12.129;25.746
sub-4_raw.fif;amotiv;extr;216;0.0;15.994;28.064;12.682;12.07
sub-4_raw.fif;amotiv;extr;217;0.0;20.529;31.271;10.088;10.742
sub-4_raw.fif;amotiv;extr;218;0.0;-1.836;-13.76;-6.097;-11.924
sub-4_raw.fif;amotiv;extr;219;1.0;-0.005;10.351;-2.755;10.357
sub-4_raw.fif;amotiv;extr;220;1.0;1.717;16.744;0.763;15.027
sub-4_raw.fif;amotiv;extr;221;1.0;-2.62;14.321;-8.842;16.941
sub-4_raw.fif;amotiv;extr;222;1.0;-7.548;2.898;-13.353;10.446
sub-4_raw.fif;amotiv;extr;223;1.0;-8.259;9.022;-15.813;17.28
sub-4_raw.fif;amotiv;extr;224;1.0;14.142;9.98;11.342;-4.162
sub-4_raw.fif;amotiv;extr;225;1.0;2.653;-3.356;-2.585;-6.01
sub-4_raw.fif;amotiv;extr;226;1.0;0.747;5.792;-9.501;5.045
sub-4_raw.fif;amotiv;extr;227;0.0;-8.368;33.165;-11.201;41.533
sub-4_raw.fif;amotiv;extr;228;1.0;2.615;7.653;-2.844;5.038
sub-4_raw.fif;amotiv;extr;229;1.0;-3.217;-6.711;-6.357;-3.494
sub-4_raw.fif;amotiv;extr;230;1.0;1.757;11.165;-3.464;9.408
sub-4_raw.fif;amotiv;extr;231;1.0;16.011;15.793;9.085;-0.218
sub-4_raw.fif;motiv;hard;232;1.0;-4.645;5.786;-9.814;10.431
sub-4_raw.fif;motiv;hard;233;1.0;3.048;-2.566;-0.271;-5.614
sub-4_raw.fif;motiv;hard;234;1.0;-4.038;7.067;-13.357;11.105
sub-4_raw.fif;motiv;hard;235;0.0;11.298;21.938;6.408;10.64
sub-4_raw.fif;motiv;hard;236;1.0;1.742;12.636;-3.777;10.894
sub-4_raw.fif;motiv;hard;237;1.0;9.032;1.542;7.05;-7.491
sub-4_raw.fif;motiv;hard;238;1.0;0.29;22.321;-2.873;22.031
sub-4_raw.fif;motiv;hard;239;0.0;1.504;22.514;-1.378;21.01
sub-4_raw.fif;motiv;hard;240;1.0;-7.608;7.157;-9.1;14.765
sub-4_raw.fif;motiv;hard;241;1.0;7.76;1.838;4.367;-5.921
sub-4_raw.fif;motiv;hard;242;1.0;3.214;-4.935;-2.655;-8.15
sub-4_raw.fif;motiv;hard;243;1.0;-3.475;-0.275;-7.747;3.199
sub-4_raw.fif;motiv;hard;244;1.0;3.168;11.458;-2.994;8.29
sub-4_raw.fif;motiv;hard;245;1.0;8.999;-5.125;0.864;-14.124
sub-4_raw.fif;motiv;hard;246;1.0;8.865;13.829;5.02;4.964
sub-4_raw.fif;motiv;hard;247;0.0;-12.685;-14.198;-19.721;-1.513
sub-4_raw.fif;motiv;hard;248;1.0;-2.074;-0.753;-14.623;1.322
sub-4_raw.fif;motiv;hard;249;1.0;-10.161;4.113;-14.788;14.273
sub-4_raw.fif;motiv;hard;250;0.0;24.676;7.359;20.135;-17.317
sub-4_raw.fif;motiv;hard;251;1.0;-3.865;3.559;-8.35;7.424
sub-4_raw.fif;motiv;hard;252;1.0;-8.513;19.069;-11.114;27.583
sub-4_raw.fif;motiv;hard;253;1.0;2.85;3.059;-2.689;0.209
sub-4_raw.fif;motiv;hard;254;1.0;0.711;6.01;-4.479;5.299
sub-4_raw.fif;motiv;hard;255;1.0;-4.244;1.541;-8.743;5.786
sub-4_raw.fif;motiv;hard;256;1.0;1.363;15.132;-0.435;13.769
sub-4_raw.fif;motiv;hard;257;1.0;7.735;0.387;3.364;-7.348
sub-4_raw.fif;amotiv;easy;258;1.0;-0.805;0.136;-5.658;0.941
sub-4_raw.fif;amotiv;easy;259;1.0;-14.783;0.369;-18.467;15.152
sub-4_raw.fif;amotiv;easy;260;1.0;3.286;-6.304;1.06;-9.59
sub-4_raw.fif;amotiv;easy;261;1.0;5.19;5.194;3.535;0.004
sub-4_raw.fif;amotiv;easy;262;1.0;-3.267;10.655;-6.095;13.922
sub-4_raw.fif;amotiv;easy;263;1.0;2.272;-2.1;-1.58;-4.371
sub-4_raw.fif;amotiv;easy;264;1.0;0.817;17.145;-6.437;16.329
sub-4_raw.fif;amotiv;easy;265;1.0;-4.608;3.871;-9.163;8.479
sub-4_raw.fif;amotiv;easy;266;1.0;17.232;9.238;13.559;-7.994
sub-4_raw.fif;amotiv;easy;267;1.0;-8.652;4.047;-13.997;12.7
sub-4_raw.fif;amotiv;easy;268;1.0;-0.878;6.242;-5.036;7.12
sub-4_raw.fif;amotiv;easy;269;1.0;-0.338;1.378;-6.024;1.715
sub-4_raw.fif;amotiv;easy;270;1.0;4.908;0.397;2.385;-4.511
sub-4_raw.fif;amotiv;easy;271;1.0;11.456;-0.853;6.311;-12.309
sub-4_raw.fif;amotiv;easy;272;0.0;58.663;94.351;54.116;35.687
sub-4_raw.fif;amotiv;easy;273;1.0;9.282;4.568;2.872;-4.713
sub-4_raw.fif;amotiv;easy;274;0.0;-13.679;-19.645;-16.103;-5.965
sub-4_raw.fif;amotiv;easy;275;1.0;4.926;-1.674;0.748;-6.599
sub-4_raw.fif;amotiv;easy;276;1.0;-5.113;19.095;-10.736;24.208
sub-4_raw.fif;amotiv;easy;277;1.0;9.467;8.658;7.309;-0.809
sub-4_raw.fif;amotiv;easy;278;1.0;-2.003;-6.269;-7.135;-4.266
sub-4_raw.fif;amotiv;easy;279;1.0;-0.851;-3.907;-7.61;-3.056
sub-4_raw.fif;amotiv;easy;280;1.0;-1.805;6.909;-7.402;8.713
sub-4_raw.fif;amotiv;easy;281;1.0;-0.348;16.12;-6.917;16.468
sub-4_raw.fif;amotiv;easy;282;1.0;13.354;-4.89;9.291;-18.244
sub-4_raw.fif;amotiv;easy;283;1.0;4.996;14.843;2.323;9.847
sub-4_raw.fif;motiv;extr;284;1.0;-7.075;6.227;-10.304;13.302
sub-4_raw.fif;motiv;extr;285;1.0;3.153;10.61;0.841;7.457
sub-4_raw.fif;motiv;extr;286;1.0;-0.092;-1.108;-3.232;-1.015
sub-4_raw.fif;motiv;extr;287;1.0;-7.154;9.461;-8.679;16.616
sub-4_raw.fif;motiv;extr;288;1.0;6.736;-7.429;2.317;-14.165
sub-4_raw.fif;motiv;extr;289;1.0;4.459;-9.659;-7.438;-14.119
sub-4_raw.fif;motiv;extr;290;1.0;-9.672;-6.902;-13.72;2.77
sub-4_raw.fif;motiv;extr;291;1.0;-5.045;5.5;-7.388;10.545
sub-4_raw.fif;motiv;extr;292;1.0;11.221;13.896;8.067;2.675
sub-4_raw.fif;motiv;extr;293;1.0;9.523;10.18;4.604;0.657
sub-4_raw.fif;motiv;extr;294;1.0;3.765;7.012;-1.749;3.247
sub-4_raw.fif;motiv;extr;295;1.0;3.838;1.13;0.248;-2.708
sub-4_raw.fif;motiv;extr;296;1.0;7.49;14.303;1.609;6.813
sub-4_raw.fif;motiv;extr;297;1.0;1.173;0.28;-2.843;-0.894
sub-4_raw.fif;motiv;extr;298;0.0;4.26;-6.087;-19.563;-10.347
sub-4_raw.fif;motiv;extr;299;0.0;22.145;40.884;11.854;18.739
sub-4_raw.fif;motiv;extr;300;0.0;18.759;26.215;15.203;7.456
sub-4_raw.fif;motiv;extr;301;1.0;1.28;9.272;-4.412;7.992
sub-4_raw.fif;motiv;extr;302;1.0;12.121;-7.573;6.098;-19.694
sub-4_raw.fif;motiv;extr;303;0.0;-1.138;-3.963;-7.178;-2.825
sub-4_raw.fif;motiv;extr;304;1.0;-7.745;12.186;-16.821;19.931
sub-4_raw.fif;motiv;extr;305;1.0;4.516;10.406;-1.336;5.889
sub-4_raw.fif;motiv;extr;306;1.0;-3.026;0.696;-6.013;3.722
sub-4_raw.fif;motiv;extr;307;1.0;10.121;3.902;2.837;-6.219
sub-4_raw.fif;motiv;extr;308;1.0;5.547;13.961;0.622;8.414
sub-4_raw.fif;motiv;extr;309;1.0;8.1;8.378;4.449;0.278
sub-4_raw.fif;motiv;easy;310;0.0;-10.684;-10.657;-18.606;0.027
sub-4_raw.fif;motiv;easy;311;1.0;-10.6;0.749;-13.006;11.349
sub-4_raw.fif;motiv;easy;312;1.0;3.076;3.122;-0.382;0.046
sub-4_raw.fif;motiv;easy;313;1.0;-0.678;7.924;-4.997;8.601
sub-4_raw.fif;motiv;easy;314;1.0;-1.986;-3.68;-5.084;-1.694
sub-4_raw.fif;motiv;easy;315;1.0;1.819;7.195;-1.929;5.375
sub-4_raw.fif;motiv;easy;316;0.0;-8.814;-22.416;-21.865;-13.601
sub-4_raw.fif;motiv;easy;317;1.0;3.457;-3.513;2.259;-6.971
sub-4_raw.fif;motiv;easy;318;1.0;6.426;10.039;-0.776;3.613
sub-4_raw.fif;motiv;easy;319;1.0;3.116;2.15;-1.077;-0.966
sub-4_raw.fif;motiv;easy;320;1.0;13.202;-8.846;10.512;-22.048
sub-4_raw.fif;motiv;easy;321;1.0;-3.754;8.387;-5.639;12.142
sub-4_raw.fif;motiv;easy;322;1.0;-3.963;7.811;-6.856;11.774
sub-4_raw.fif;motiv;easy;323;1.0;-0.749;9.094;-5.26;9.843
sub-4_raw.fif;motiv;easy;324;1.0;3.959;0.705;0.517;-3.253
sub-4_raw.fif;motiv;easy;325;1.0;-1.902;-0.36;-3.881;1.542
sub-4_raw.fif;motiv;easy;326;1.0;8.078;11.663;1.492;3.585
sub-4_raw.fif;motiv;easy;327;1.0;-5.55;6.535;-10.47;12.085
sub-4_raw.fif;motiv;easy;328;0.0;-9.854;-7.848;-15.739;2.007
sub-4_raw.fif;motiv;easy;329;0.0;13.682;22.627;10.916;8.944
sub-4_raw.fif;motiv;easy;330;1.0;3.532;7.214;-2.085;3.682
sub-4_raw.fif;motiv;easy;331;1.0;-0.153;0.843;-5.683;0.996
sub-4_raw.fif;motiv;easy;332;1.0;16.554;4.597;9.002;-11.957
sub-4_raw.fif;motiv;easy;333;1.0;1.044;-5.773;-2.157;-6.816
sub-4_raw.fif;motiv;easy;334;1.0;-0.745;10.789;-5.962;11.533
sub-4_raw.fif;motiv;easy;335;1.0;1.905;0.495;0.642;-1.41
sub-5_raw.fif;amotiv;hard;0;0.0;8.541;6.965;5.525;-1.577
sub-5_raw.fif;amotiv;hard;1;1.0;-6.436;-3.504;-11.11;2.932
sub-5_raw.fif;amotiv;hard;2;1.0;-4.53;9.294;-9.094;13.825
sub-5_raw.fif;amotiv;hard;3;1.0;-8.525;4.278;-15.845;12.803
sub-5_raw.fif;amotiv;hard;4;1.0;-8.799;-3.385;-14.027;5.415
sub-5_raw.fif;amotiv;hard;5;1.0;-10.69;9.384;-14.318;20.073
sub-5_raw.fif;amotiv;hard;6;1.0;-4.183;2.158;-7.614;6.341
sub-5_raw.fif;amotiv;hard;7;0.0;12.092;3.212;6.786;-8.88
sub-5_raw.fif;amotiv;hard;8;1.0;-11.157;-7.75;-18.678;3.407
sub-5_raw.fif;amotiv;hard;9;1.0;1.157;-5.419;-4.172;-6.576
sub-5_raw.fif;amotiv;hard;10;1.0;0.354;1.716;-4.684;1.362
sub-5_raw.fif;amotiv;hard;11;0.0;-3.878;3.447;-9.442;7.325
sub-5_raw.fif;amotiv;hard;12;1.0;-1.92;7.899;-5.807;9.819
sub-5_raw.fif;amotiv;hard;13;1.0;-11.268;-9.23;-15.274;2.038
sub-5_raw.fif;amotiv;hard;14;1.0;-0.715;8.777;-7.827;9.492
sub-5_raw.fif;amotiv;hard;15;0.0;10.613;7.083;4.659;-3.53
sub-5_raw.fif;amotiv;hard;16;1.0;5.266;5.544;1.447;0.278
sub-5_raw.fif;amotiv;hard;17;1.0;1.027;0.964;-6.275;-0.063
sub-5_raw.fif;amotiv;hard;18;1.0;-5.145;0.975;-8.915;6.119
sub-5_raw.fif;amotiv;hard;19;1.0;1.562;-1.003;-3.976;-2.566
sub-5_raw.fif;amotiv;hard;20;1.0;3.693;12.755;-0.593;9.062
sub-5_raw.fif;amotiv;hard;21;1.0;-9.04;-11.724;-11.865;-2.684
sub-5_raw.fif;amotiv;hard;22;1.0;4.883;6.515;3.27;1.632
sub-5_raw.fif;amotiv;hard;23;1.0;-7.95;1.251;-12.819;9.201
sub-5_raw.fif;amotiv;hard;24;1.0;-0.059;3.274;-4.511;3.333
sub-5_raw.fif;amotiv;hard;25;1.0;-1.888;3.08;-6.799;4.968
sub-5_raw.fif;amotiv;easy;26;1.0;-4.875;0.171;-8.64;5.046
sub-5_raw.fif;amotiv;easy;27;1.0;-8.069;5.32;-12.965;13.389
sub-5_raw.fif;amotiv;easy;28;1.0;-1.573;-3.231;-4.915;-1.658
sub-5_raw.fif;amotiv;easy;29;1.0;-21.369;-12.85;-24.776;8.519
sub-5_raw.fif;amotiv;easy;30;1.0;-0.293;4.408;-2.55;4.701
sub-5_raw.fif;amotiv;easy;31;1.0;-4.586;-2.383;-8.517;2.203
sub-5_raw.fif;amotiv;easy;32;0.0;-13.183;-0.721;-18.563;12.462
sub-5_raw.fif;amotiv;easy;33;1.0;4.557;-4.313;-0.452;-8.871
sub-5_raw.fif;amotiv;easy;34;0.0;-11.502;-4.817;-16.505;6.685
sub-5_raw.fif;amotiv;easy;35;1.0;-0.875;-1.508;-3.548;-0.634
sub-5_raw.fif;amotiv;easy;36;1.0;0.118;-5.4;-2.434;-5.519
sub-5_raw.fif;amotiv;easy;37;0.0;6.028;7.037;0.729;1.009
sub-5_raw.fif;amotiv;easy;38;1.0;-3.509;-0.142;-7.696;3.367
sub-5_raw.fif;amotiv;easy;39;0.0;17.534;-1.064;14.741;-18.597
sub-5_raw.fif;amotiv;easy;40;1.0;3.562;5.28;-3.046;1.719
sub-5_raw.fif;amotiv;easy;41;1.0;-8.339;-0.313;-12.53;8.026
sub-5_raw.fif;amotiv;easy;42;1.0;-7.756;-0.746;-14.046;7.01
sub-5_raw.fif;amotiv;easy;43;1.0;-11.37;5.137;-16.824;16.507
sub-5_raw.fif;amotiv;easy;44;1.0;3.062;2.966;-3.033;-0.096
sub-5_raw.fif;amotiv;easy;45;1.0;-3.741;-1.975;-9.178;1.767
sub-5_raw.fif;amotiv;easy;46;0.0;5.207;7.943;-0.215;2.736
sub-5_raw.fif;amotiv;easy;47;1.0;6.872;-1.099;-2.243;-7.972
sub-5_raw.fif;amotiv;easy;48;1.0;-5.218;2.943;-9.654;8.161
sub-5_raw.fif;amotiv;easy;49;1.0;4.289;2.241;-4.203;-2.047
sub-5_raw.fif;amotiv;easy;50;0.0;6.631;4.805;3.184;-1.826
sub-5_raw.fif;amotiv;easy;51;1.0;17.012;7.011;14.184;-10.0
sub-5_raw.fif;motiv;easy;52;1.0;-3.172;1.105;-6.648;4.277
sub-5_raw.fif;motiv;easy;53;1.0;-7.788;-1.299;-14.637;6.488
sub-5_raw.fif;motiv;easy;54;1.0;1.41;2.082;-6.298;0.673
sub-5_raw.fif;motiv;easy;55;1.0;-16.894;-1.83;-21.457;15.064
sub-5_raw.fif;motiv;easy;56;1.0;0.162;1.937;-3.905;1.776
sub-5_raw.fif;motiv;easy;57;1.0;-9.029;5.584;-11.08;14.614
sub-5_raw.fif;motiv;easy;58;1.0;-3.159;3.334;-12.231;6.493
sub-5_raw.fif;motiv;easy;59;1.0;-0.168;-1.648;-4.35;-1.481
sub-5_raw.fif;motiv;easy;60;1.0;-5.686;-7.678;-10.196;-1.992
sub-5_raw.fif;motiv;easy;61;0.0;8.238;4.446;5.44;-3.792
sub-5_raw.fif;motiv;easy;62;1.0;-6.034;6.485;-8.464;12.519
sub-5_raw.fif;motiv;easy;63;1.0;-10.126;-10.275;-14.354;-0.149
sub-5_raw.fif;motiv;easy;64;1.0;-1.124;9.86;-8.18;10.985
sub-5_raw.fif;motiv;easy;65;0.0;-9.019;-3.388;-11.116;5.631
sub-5_raw.fif;motiv;easy;66;1.0;-1.158;1.919;-3.333;3.077
sub-5_raw.fif;motiv;easy;67;1.0;-4.508;-9.992;-10.343;-5.484
sub-5_raw.fif;motiv;easy;68;1.0;0.948;-6.638;-4.26;-7.586
sub-5_raw.fif;motiv;easy;69;1.0;-3.149;-0.336;-5.676;2.813
sub-5_raw.fif;motiv;easy;70;1.0;1.775;-1.346;0.031;-3.121
sub-5_raw.fif;motiv;easy;71;1.0;-1.505;-3.095;-5.451;-1.589
sub-5_raw.fif;motiv;easy;72;0.0;-10.472;-7.128;-14.722;3.344
sub-5_raw.fif;motiv;easy;73;1.0;-4.52;-1.876;-8.203;2.644
sub-5_raw.fif;motiv;easy;74;1.0;1.38;4.983;-3.647;3.603
sub-5_raw.fif;motiv;easy;75;1.0;-14.805;-12.443;-19.686;2.362
sub-5_raw.fif;motiv;easy;76;1.0;0.44;3.73;-5.455;3.289
sub-5_raw.fif;motiv;easy;77;1.0;-0.809;11.353;-9.686;12.162
sub-5_raw.fif;amotiv;extr;78;1.0;-6.552;-3.978;-10.94;2.574
sub-5_raw.fif;amotiv;extr;79;1.0;1.598;-5.83;-0.201;-7.428
sub-5_raw.fif;amotiv;extr;80;1.0;-6.592;2.586;-8.938;9.178
sub-5_raw.fif;amotiv;extr;81;1.0;9.44;-1.261;2.655;-10.701
sub-5_raw.fif;amotiv;extr;82;1.0;-8.107;-9.822;-14.291;-1.715
sub-5_raw.fif;amotiv;extr;83;0.0;2.534;12.175;-1.713;9.64
sub-5_raw.fif;amotiv;extr;84;1.0;10.041;-5.161;3.886;-15.201
sub-5_raw.fif;amotiv;extr;85;1.0;3.559;-2.917;-0.428;-6.476
sub-5_raw.fif;amotiv;extr;86;1.0;-9.078;-8.073;-11.543;1.006
sub-5_raw.fif;amotiv;extr;87;0.0;4.508;18.429;-5.931;13.921
sub-5_raw.fif;amotiv;extr;88;1.0;-5.572;-5.971;-8.115;-0.398
sub-5_raw.fif;amotiv;extr;89;1.0;1.713;-2.895;-5.566;-4.609
sub-5_raw.fif;amotiv;extr;90;0.0;9.555;12.422;0.556;2.868
sub-5_raw.fif;amotiv;extr;91;1.0;-3.797;-2.505;-10.129;1.292
sub-5_raw.fif;amotiv;extr;92;1.0;7.157;-1.067;3.193;-8.224
sub-5_raw.fif;amotiv;extr;93;1.0;0.357;-3.871;-3.31;-4.227
sub-5_raw.fif;amotiv;extr;94;1.0;-0.819;1.937;-9.838;2.757
sub-5_raw.fif;amotiv;extr;95;1.0;-2.77;2.453;-6.214;5.223
sub-5_raw.fif;amotiv;extr;96;1.0;-1.505;2.065;-5.08;3.57
sub-5_raw.fif;amotiv;extr;97;1.0;-6.93;0.249;-11.085;7.179
sub-5_raw.fif;amotiv;extr;98;1.0;1.93;3.187;0.124;1.257
sub-5_raw.fif;amotiv;extr;99;1.0;4.259;-3.767;0.766;-8.026
sub-5_raw.fif;amotiv;extr;100;1.0;-4.218;2.732;-7.472;6.95
sub-5_raw.fif;amotiv;extr;101;1.0;0.294;3.054;-4.69;2.76
sub-5_raw.fif;amotiv;extr;102;1.0;-0.267;1.353;-3.587;1.62
sub-5_raw.fif;amotiv;extr;103;1.0;-1.724;8.447;-8.333;10.172
sub-5_raw.fif;motiv;hard;104;1.0;-6.887;8.375;-10.948;15.262
sub-5_raw.fif;motiv;hard;105;1.0;-1.215;0.017;-7.273;1.232
sub-5_raw.fif;motiv;hard;106;1.0;-1.643;-3.291;-4.065;-1.648
sub-5_raw.fif;motiv;hard;107;1.0;-0.679;2.22;-4.949;2.899
sub-5_raw.fif;motiv;hard;108;1.0;6.724;-7.511;0.377;-14.235
sub-5_raw.fif;motiv;hard;109;1.0;-1.644;-0.189;-9.495;1.455
sub-5_raw.fif;motiv;hard;110;1.0;-0.162;-4.943;-4.608;-4.78
sub-5_raw.fif;motiv;hard;111;1.0;0.85;9.365;-11.094;8.515
sub-5_raw.fif;motiv;hard;112;0.0;15.768;26.868;-5.885;11.101
sub-5_raw.fif;motiv;hard;113;1.0;-0.175;-4.42;-8.7;-4.245
sub-5_raw.fif;motiv;hard;114;1.0;-0.98;-7.419;-10.836;-6.439
sub-5_raw.fif;motiv;hard;115;1.0;0.635;9.442;-9.689;8.807
sub-5_raw.fif;motiv;hard;116;1.0;-11.374;-8.859;-17.216;2.515
sub-5_raw.fif;motiv;hard;117;0.0;-0.98;-9.72;-7.539;-8.74
sub-5_raw.fif;motiv;hard;118;1.0;-0.925;8.92;-13.929;9.845
sub-5_raw.fif;motiv;hard;119;1.0;4.634;5.933;2.623;1.299
sub-5_raw.fif;motiv;hard;120;1.0;-3.245;2.995;-7.163;6.24
sub-5_raw.fif;motiv;hard;121;1.0;-0.546;-1.995;-8.714;-1.449
sub-5_raw.fif;motiv;hard;122;0.0;-7.09;-7.951;-11.812;-0.861
sub-5_raw.fif;motiv;hard;123;1.0;-6.075;-1.611;-10.159;4.464
sub-5_raw.fif;motiv;hard;124;1.0;0.624;-0.64;-11.923;-1.264
sub-5_raw.fif;motiv;hard;125;1.0;-1.343;-1.424;-5.905;-0.081
sub-5_raw.fif;motiv;hard;126;0.0;-10.662;-15.028;-19.627;-4.366
sub-5_raw.fif;motiv;hard;127;1.0;6.739;-1.375;-5.863;-8.114
sub-5_raw.fif;motiv;hard;128;1.0;-0.593;0.423;-4.614;1.017
sub-5_raw.fif;motiv;hard;129;1.0;-6.341;-4.221;-12.967;2.121
sub-5_raw.fif;motiv;extr;130;1.0;1.904;1.106;-3.809;-0.798
sub-5_raw.fif;motiv;extr;131;1.0;-10.413;-5.295;-13.248;5.118
sub-5_raw.fif;motiv;extr;132;1.0;6.306;-1.12;3.805;-7.426
sub-5_raw.fif;motiv;extr;133;1.0;-1.186;7.181;-6.149;8.367
sub-5_raw.fif;motiv;extr;134;0.0;-8.751;-4.902;-15.589;3.849
sub-5_raw.fif;motiv;extr;135;1.0;-0.131;2.007;-6.126;2.139
sub-5_raw.fif;motiv;extr;136;1.0;-0.334;5.76;-7.954;6.094
sub-5_raw.fif;motiv;extr;137;0.0;2.127;9.127;-0.026;7.0
sub-5_raw.fif;motiv;extr;138;1.0;-1.692;-1.681;-5.378;0.011
sub-5_raw.fif;motiv;extr;139;1.0;-3.783;1.224;-11.008;5.006
sub-5_raw.fif;motiv;extr;140;1.0;-3.78;-0.088;-12.475;3.692
sub-5_raw.fif;motiv;extr;141;1.0;-7.359;-4.301;-14.195;3.058
sub-5_raw.fif;motiv;extr;142;1.0;-2.431;4.242;-10.136;6.673
sub-5_raw.fif;motiv;extr;143;1.0;0.792;2.051;-2.734;1.258
sub-5_raw.fif;motiv;extr;144;1.0;-11.441;7.131;-16.244;18.572
sub-5_raw.fif;motiv;extr;145;1.0;-1.696;11.379;-8.738;13.075
sub-5_raw.fif;motiv;extr;146;1.0;-3.835;-9.857;-8.337;-6.022
sub-5_raw.fif;motiv;extr;147;1.0;-6.778;5.66;-9.931;12.438
sub-5_raw.fif;motiv;extr;148;0.0;4.367;16.952;1.604;12.585
sub-5_raw.fif;motiv;extr;149;1.0;-4.54;12.864;-6.833;17.404
sub-5_raw.fif;motiv;extr;150;1.0;-1.609;1.165;-7.287;2.774
sub-5_raw.fif;motiv;extr;151;1.0;-5.7;-6.644;-9.176;-0.945
sub-5_raw.fif;motiv;extr;152;1.0;0.409;15.279;-4.781;14.87
sub-5_raw.fif;motiv;extr;153;1.0;-12.387;3.957;-17.282;16.345
sub-5_raw.fif;amotiv;hard;154;0.0;-3.423;-3.944;-6.5;-0.522
sub-5_raw.fif;amotiv;hard;155;1.0;8.177;3.998;5.505;-4.179
sub-5_raw.fif;amotiv;hard;156;1.0;2.602;6.651;-3.95;4.049
sub-5_raw.fif;amotiv;hard;157;1.0;-5.268;-4.641;-7.709;0.627
sub-5_raw.fif;amotiv;hard;158;1.0;-5.684;-4.092;-14.318;1.593
sub-5_raw.fif;amotiv;hard;159;1.0;-15.651;6.225;-19.999;21.876
sub-5_raw.fif;amotiv;hard;160;0.0;-5.822;-12.037;-7.787;-6.215
sub-5_raw.fif;amotiv;hard;161;1.0;-0.099;-0.183;-5.1;-0.084
sub-5_raw.fif;amotiv;hard;162;1.0;-5.939;-5.535;-10.964;0.404
sub-5_raw.fif;amotiv;hard;163;1.0;5.362;7.76;-2.282;2.398
sub-5_raw.fif;amotiv;hard;164;1.0;-5.049;7.474;-8.497;12.523
sub-5_raw.fif;amotiv;hard;165;1.0;-9.854;-2.129;-17.382;7.726
sub-5_raw.fif;amotiv;hard;166;1.0;5.417;-0.349;3.21;-5.766
sub-5_raw.fif;amotiv;hard;167;1.0;-6.63;-2.362;-11.985;4.268
sub-5_raw.fif;amotiv;hard;168;1.0;-2.444;-0.83;-6.109;1.614
sub-5_raw.fif;amotiv;hard;169;1.0;-2.659;-3.298;-11.683;-0.639
sub-5_raw.fif;amotiv;hard;170;1.0;-3.698;2.061;-6.901;5.759
sub-5_raw.fif;amotiv;hard;171;0.0;-14.357;3.145;-21.873;17.503
sub-5_raw.fif;amotiv;hard;172;1.0;2.099;-5.579;-2.658;-7.678
sub-5_raw.fif;amotiv;hard;173;1.0;-3.225;7.054;-5.281;10.279
sub-5_raw.fif;amotiv;hard;174;1.0;-4.174;2.988;-9.656;7.162
sub-5_raw.fif;amotiv;hard;175;1.0;-1.231;-3.286;-9.657;-2.056
sub-5_raw.fif;amotiv;hard;176;0.0;-12.267;-16.833;-19.97;-4.566
sub-5_raw.fif;amotiv;hard;177;1.0;-9.591;-1.943;-14.501;7.648
sub-5_raw.fif;amotiv;hard;178;1.0;-6.614;-5.472;-14.019;1.142
sub-5_raw.fif;amotiv;hard;179;1.0;-3.224;8.187;-13.226;11.411
sub-5_raw.fif;amotiv;hard;180;1.0;-5.632;7.225;-11.727;12.857
sub-5_raw.fif;amotiv;hard;181;1.0;-5.13;-11.934;-9.732;-6.804
sub-5_raw.fif;amotiv;hard;182;1.0;-6.112;2.289;-10.273;8.401
sub-5_raw.fif;amotiv;hard;183;1.0;-8.554;-6.903;-13.955;1.651
sub-5_raw.fif;amotiv;easy;184;1.0;-6.336;-0.018;-10.141;6.319
sub-5_raw.fif;amotiv;easy;185;1.0;-7.395;-1.155;-13.731;6.24
sub-5_raw.fif;amotiv;easy;186;1.0;2.267;-0.391;-6.08;-2.658
sub-5_raw.fif;amotiv;easy;187;0.0;-15.991;-13.617;-20.526;2.375
sub-5_raw.fif;amotiv;easy;188;1.0;-6.007;-1.525;-9.719;4.481
sub-5_raw.fif;amotiv;easy;189;1.0;-4.396;-5.39;-9.031;-0.995
sub-5_raw.fif;amotiv;easy;190;1.0;-11.15;4.359;-14.237;15.509
sub-5_raw.fif;amotiv;easy;191;1.0;-4.892;-1.053;-12.174;3.839
sub-5_raw.fif;amotiv;easy;192;1.0;-3.149;-6.266;-9.752;-3.118
sub-5_raw.fif;amotiv;easy;193;0.0;9.263;2.263;0.193;-7.0
sub-5_raw.fif;amotiv;easy;194;1.0;1.327;5.379;-1.65;4.051
sub-5_raw.fif;amotiv;easy;195;0.0;-17.616;-9.331;-19.921;8.285
sub-5_raw.fif;amotiv;easy;196;1.0;-3.065;8.541;-8.523;11.606
sub-5_raw.fif;amotiv;easy;197;1.0;0.807;6.658;-5.639;5.851
sub-5_raw.fif;amotiv;easy;198;1.0;1.342;-4.982;-2.711;-6.324
sub-5_raw.fif;amotiv;easy;199;1.0;-1.464;-0.116;-9.224;1.348
sub-5_raw.fif;amotiv;easy;200;1.0;1.032;-8.909;-2.465;-9.941
sub-5_raw.fif;amotiv;easy;201;1.0;5.782;0.06;1.796;-5.722
sub-5_raw.fif;amotiv;easy;202;0.0;-4.231;-9.636;-6.938;-5.405
sub-5_raw.fif;amotiv;easy;203;1.0;-8.756;1.691;-20.833;10.448
sub-5_raw.fif;amotiv;easy;204;1.0;-6.652;-11.806;-15.927;-5.154
sub-5_raw.fif;amotiv;easy;205;1.0;2.814;5.407;-1.348;2.593
sub-5_raw.fif;amotiv;easy;206;1.0;-0.07;-5.922;-7.992;-5.852
sub-5_raw.fif;amotiv;easy;207;1.0;-4.003;7.512;-10.559;11.515
sub-5_raw.fif;amotiv;easy;208;1.0;-10.25;-12.591;-15.924;-2.341
sub-5_raw.fif;amotiv;easy;209;1.0;7.271;3.301;-3.988;-3.97
sub-5_raw.fif;amotiv;easy;210;1.0;-9.163;-3.837;-15.361;5.326
sub-5_raw.fif;amotiv;easy;211;0.0;-13.946;-10.393;-19.402;3.554
sub-5_raw.fif;amotiv;easy;212;1.0;-1.175;2.195;-5.839;3.371
sub-5_raw.fif;amotiv;easy;213;1.0;-9.887;0.328;-13.539;10.215
sub-5_raw.fif;motiv;easy;214;1.0;-7.866;-3.098;-13.016;4.767
sub-5_raw.fif;motiv;easy;215;1.0;-11.052;-2.017;-13.935;9.035
sub-5_raw.fif;motiv;easy;216;1.0;-11.825;-2.689;-19.22;9.135
sub-5_raw.fif;motiv;easy;217;1.0;-9.611;1.28;-13.463;10.891
sub-5_raw.fif;motiv;easy;218;1.0;-2.293;-5.941;-8.275;-3.648
sub-5_raw.fif;motiv;easy;219;1.0;2.703;1.458;-1.713;-1.245
sub-5_raw.fif;motiv;easy;220;1.0;-12.518;-3.586;-18.526;8.932
sub-5_raw.fif;motiv;easy;221;1.0;-2.889;-2.763;-13.619;0.126
sub-5_raw.fif;motiv;easy;222;1.0;-0.748;11.296;-6.885;12.043
sub-5_raw.fif;motiv;easy;223;1.0;-5.389;-1.619;-8.443;3.77
sub-5_raw.fif;motiv;easy;224;0.0;-4.822;14.144;-11.318;18.966
sub-5_raw.fif;motiv;easy;225;1.0;-7.533;2.373;-17.456;9.905
sub-5_raw.fif;motiv;easy;226;1.0;-6.32;0.592;-11.649;6.912
sub-5_raw.fif;motiv;easy;227;1.0;-0.547;-10.144;-7.032;-9.597
sub-5_raw.fif;motiv;easy;228;1.0;-6.27;-0.405;-14.055;5.865
sub-5_raw.fif;motiv;easy;229;1.0;-0.263;-13.478;-5.034;-13.215
sub-5_raw.fif;motiv;easy;230;1.0;-11.018;-4.728;-15.483;6.29
sub-5_raw.fif;motiv;easy;231;1.0;-6.5;-1.232;-14.368;5.268
sub-5_raw.fif;motiv;easy;232;1.0;-16.191;0.529;-21.257;16.72
sub-5_raw.fif;motiv;easy;233;1.0;-5.811;-0.533;-10.737;5.279
sub-5_raw.fif;motiv;easy;234;1.0;-4.129;7.93;-15.586;12.059
sub-5_raw.fif;motiv;easy;235;1.0;3.937;-6.336;-3.773;-10.273
sub-5_raw.fif;motiv;easy;236;1.0;0.953;0.059;-0.929;-0.894
sub-5_raw.fif;motiv;easy;237;1.0;-1.169;-1.138;-3.151;0.031
sub-5_raw.fif;motiv;easy;238;1.0;-3.242;1.663;-6.666;4.904
sub-5_raw.fif;motiv;easy;239;1.0;-3.799;-5.524;-9.848;-1.725
sub-5_raw.fif;motiv;easy;240;1.0;-5.406;4.586;-11.368;9.991
sub-5_raw.fif;motiv;easy;241;1.0;-5.347;-0.687;-7.762;4.66
sub-5_raw.fif;motiv;easy;242;1.0;1.823;8.709;-2.033;6.886
sub-5_raw.fif;motiv;easy;243;0.0;-11.016;-2.536;-19.388;8.48
sub-5_raw.fif;amotiv;extr;244;1.0;1.949;5.359;-2.913;3.411
sub-5_raw.fif;amotiv;extr;245;1.0;-3.953;1.002;-8.426;4.955
sub-5_raw.fif;amotiv;extr;246;1.0;-3.622;2.393;-8.773;6.014
sub-5_raw.fif;amotiv;extr;247;1.0;-2.004;-1.298;-5.362;0.706
sub-5_raw.fif;amotiv;extr;248;1.0;-8.187;1.369;-17.294;9.556
sub-5_raw.fif;amotiv;extr;249;1.0;-3.556;4.278;-12.412;7.835
sub-5_raw.fif;amotiv;extr;250;1.0;-7.422;7.024;-11.667;14.447
sub-5_raw.fif;amotiv;extr;251;1.0;-6.052;1.945;-11.2;7.997
sub-5_raw.fif;amotiv;extr;252;1.0;-8.454;-1.572;-12.16;6.883
sub-5_raw.fif;amotiv;extr;253;1.0;5.167;2.366;3.829;-2.801
sub-5_raw.fif;amotiv;extr;254;1.0;-8.074;-2.156;-9.789;5.918
sub-5_raw.fif;amotiv;extr;255;1.0;-0.922;4.364;-4.435;5.286
sub-5_raw.fif;amotiv;extr;256;1.0;-2.481;3.3;-8.923;5.781
sub-5_raw.fif;amotiv;extr;257;1.0;-9.268;-2.53;-14.028;6.738
sub-5_raw.fif;amotiv;extr;258;1.0;2.827;2.302;-5.567;-0.524
sub-5_raw.fif;amotiv;extr;259;1.0;0.813;-5.254;-4.673;-6.066
sub-5_raw.fif;amotiv;extr;260;1.0;-2.155;-5.228;-8.93;-3.073
sub-5_raw.fif;amotiv;extr;261;1.0;-0.767;3.663;-7.593;4.429
sub-5_raw.fif;amotiv;extr;262;1.0;-0.395;-1.955;-3.271;-1.56
sub-5_raw.fif;amotiv;extr;263;1.0;-11.419;-8.454;-14.821;2.965
sub-5_raw.fif;amotiv;extr;264;1.0;8.116;4.78;4.573;-3.336
sub-5_raw.fif;amotiv;extr;265;1.0;-1.162;-9.209;-4.669;-8.047
sub-5_raw.fif;amotiv;extr;266;1.0;0.112;2.912;-5.546;2.8
sub-5_raw.fif;amotiv;extr;267;1.0;-0.728;2.398;-5.17;3.126
sub-5_raw.fif;amotiv;extr;268;1.0;7.238;-2.625;2.122;-9.863
sub-5_raw.fif;amotiv;extr;269;1.0;-7.506;-2.41;-9.353;5.096
sub-5_raw.fif;amotiv;extr;270;1.0;-1.956;7.924;-6.017;9.88
sub-5_raw.fif;amotiv;extr;271;1.0;-7.993;-6.757;-12.142;1.235
sub-5_raw.fif;motiv;hard;272;0.0;-12.602;-3.282;-43.903;9.32
sub-5_raw.fif;motiv;hard;273;0.0;-5.764;2.56;-12.858;8.324
sub-5_raw.fif;motiv;hard;274;0.0;4.671;14.358;-4.562;9.687
sub-5_raw.fif;motiv;hard;275;0.0;2.606;9.917;-15.725;7.31
sub-5_raw.fif;motiv;hard;276;0.0;8.222;6.898;-2.123;-1.324
sub-5_raw.fif;motiv;hard;277;1.0;-1.887;-5.735;-5.91;-3.848
sub-5_raw.fif;motiv;hard;278;1.0;-5.728;-4.525;-13.591;1.204
sub-5_raw.fif;motiv;hard;279;1.0;-8.745;-3.492;-17.118;5.254
sub-5_raw.fif;motiv;hard;280;1.0;0.104;-10.338;-5.855;-10.442
sub-5_raw.fif;motiv;hard;281;1.0;-7.238;4.879;-18.521;12.117
sub-5_raw.fif;motiv;hard;282;1.0;-7.08;-6.498;-11.364;0.583
sub-5_raw.fif;motiv;hard;283;1.0;-2.13;5.376;-5.781;7.506
sub-5_raw.fif;motiv;hard;284;0.0;-13.882;-5.34;-17.32;8.542
sub-5_raw.fif;motiv;hard;285;0.0;7.545;8.128;3.289;0.583
sub-5_raw.fif;motiv;hard;286;1.0;-0.87;-1.047;-7.949;-0.176
sub-5_raw.fif;motiv;hard;287;1.0;-6.368;3.08;-9.269;9.448
sub-5_raw.fif;motiv;hard;288;1.0;1.884;5.442;-5.34;3.558
sub-5_raw.fif;motiv;hard;289;1.0;-3.357;-5.965;-5.355;-2.608
sub-5_raw.fif;motiv;hard;290;1.0;-0.39;-4.159;-3.003;-3.77
sub-5_raw.fif;motiv;hard;291;1.0;-2.081;-4.906;-5.975;-2.824
sub-5_raw.fif;motiv;hard;292;1.0;-6.037;1.499;-10.195;7.535
sub-5_raw.fif;motiv;hard;293;1.0;-10.448;-2.442;-20.546;8.005
sub-5_raw.fif;motiv;hard;294;0.0;7.507;4.662;-7.201;-2.845
sub-5_raw.fif;motiv;hard;295;1.0;-1.16;-3.275;-12.185;-2.115
sub-5_raw.fif;motiv;hard;296;1.0;-3.666;0.639;-13.221;4.304
sub-5_raw.fif;motiv;hard;297;1.0;-8.015;3.474;-12.426;11.489
sub-5_raw.fif;motiv;hard;298;1.0;-4.424;-2.224;-14.114;2.2
sub-5_raw.fif;motiv;hard;299;1.0;2.735;2.689;-4.983;-0.045
sub-5_raw.fif;motiv;hard;300;1.0;-5.588;2.427;-14.512;8.015
sub-5_raw.fif;motiv;hard;301;1.0;-6.731;9.95;-18.096;16.681
sub-5_raw.fif;motiv;extr;302;1.0;7.625;-3.085;2.03;-10.71
sub-5_raw.fif;motiv;extr;303;1.0;1.657;9.554;-3.291;7.896
sub-5_raw.fif;motiv;extr;304;1.0;6.996;-4.288;1.614;-11.285
sub-5_raw.fif;motiv;extr;305;1.0;-10.014;5.235;-13.378;15.249
sub-5_raw.fif;motiv;extr;306;1.0;-1.402;4.835;-4.578;6.237
sub-5_raw.fif;motiv;extr;307;1.0;-1.556;-1.73;-6.89;-0.174
sub-5_raw.fif;motiv;extr;308;1.0;3.381;6.013;-1.126;2.632
sub-5_raw.fif;motiv;extr;309;1.0;-1.249;-0.302;-5.966;0.947
sub-5_raw.fif;motiv;extr;310;1.0;-7.047;-2.409;-11.142;4.638
sub-5_raw.fif;motiv;extr;311;1.0;5.99;-3.567;0.975;-9.557
sub-5_raw.fif;motiv;extr;312;1.0;6.975;4.949;0.104;-2.025
sub-5_raw.fif;motiv;extr;313;1.0;3.178;5.42;-0.567;2.243
sub-5_raw.fif;motiv;extr;314;1.0;0.521;0.044;-6.271;-0.478
sub-5_raw.fif;motiv;extr;315;1.0;-3.868;9.086;-8.141;12.955
sub-5_raw.fif;motiv;extr;316;1.0;-1.154;7.907;-10.48;9.061
sub-5_raw.fif;motiv;extr;317;1.0;4.569;2.1;-1.647;-2.469
sub-5_raw.fif;motiv;extr;318;1.0;-4.608;9.39;-9.601;13.998
sub-5_raw.fif;motiv;extr;319;0.0;-37.356;-119.887;-46.153;-82.531
sub-5_raw.fif;motiv;extr;320;0.0;13.877;20.089;6.371;6.212
sub-5_raw.fif;motiv;extr;321;1.0;-3.375;10.08;-9.602;13.455
sub-5_raw.fif;motiv;extr;322;1.0;-1.011;-0.931;-4.11;0.08
sub-5_raw.fif;motiv;extr;323;1.0;0.612;-5.033;-5.131;-5.645
sub-5_raw.fif;motiv;extr;324;1.0;4.643;4.284;-2.601;-0.36
sub-5_raw.fif;motiv;extr;325;1.0;-5.173;10.799;-15.651;15.971
sub-6_raw.fif;amotiv;extr;0;0.0;-27.633;-19.72;-41.644;7.913
sub-6_raw.fif;amotiv;extr;1;1.0;5.408;6.721;-0.83;1.313
sub-6_raw.fif;amotiv;extr;2;1.0;4.501;14.862;-7.873;10.361
sub-6_raw.fif;amotiv;extr;3;1.0;-13.666;-11.106;-18.087;2.559
sub-6_raw.fif;amotiv;extr;4;1.0;-5.393;5.411;-11.344;10.804
sub-6_raw.fif;amotiv;extr;5;0.0;-28.919;-33.363;-33.484;-4.444
sub-6_raw.fif;amotiv;extr;6;1.0;-2.002;-1.621;-5.453;0.381
sub-6_raw.fif;amotiv;extr;7;1.0;-1.078;-0.818;-6.332;0.26
sub-6_raw.fif;amotiv;extr;8;0.0;-49.753;-43.011;-54.837;6.742
sub-6_raw.fif;amotiv;extr;9;0.0;13.21;15.23;9.301;2.02
sub-6_raw.fif;amotiv;extr;10;0.0;-30.173;-31.258;-34.09;-1.086
sub-6_raw.fif;amotiv;extr;11;1.0;-20.904;0.56;-22.915;21.464
sub-6_raw.fif;amotiv;extr;12;0.0;-22.488;-12.349;-29.904;10.139
sub-6_raw.fif;amotiv;extr;13;1.0;-21.154;-4.546;-26.819;16.608
sub-6_raw.fif;amotiv;extr;14;1.0;3.056;3.956;-3.018;0.9
sub-6_raw.fif;amotiv;extr;15;0.0;15.783;11.382;8.811;-4.401
sub-6_raw.fif;amotiv;extr;16;1.0;-2.324;10.751;-8.81;13.075
sub-6_raw.fif;amotiv;extr;17;0.0;-31.529;-13.073;-38.842;18.456
sub-6_raw.fif;amotiv;extr;18;1.0;5.396;8.352;0.227;2.956
sub-6_raw.fif;amotiv;extr;19;1.0;-8.935;-10.319;-14.712;-1.384
sub-6_raw.fif;amotiv;extr;20;1.0;-5.067;-5.858;-10.695;-0.791
sub-6_raw.fif;amotiv;extr;21;0.0;-14.765;-24.45;-18.022;-9.685
sub-6_raw.fif;amotiv;extr;22;1.0;-11.258;-15.336;-16.352;-4.078
sub-6_raw.fif;amotiv;extr;23;1.0;-2.265;-0.732;-8.12;1.533
sub-6_raw.fif;amotiv;extr;24;1.0;-11.654;-1.143;-18.088;10.511
sub-6_raw.fif;amotiv;extr;25;0.0;-16.883;-38.389;-25.091;-21.506
sub-6_raw.fif;amotiv;extr;26;1.0;7.793;9.621;4.238;1.828
sub-6_raw.fif;amotiv;extr;27;0.0;-43.132;-32.454;-47.413;10.678
sub-6_raw.fif;amotiv;extr;28;1.0;-7.31;-5.978;-13.832;1.333
sub-6_raw.fif;amotiv;extr;29;1.0;-22.916;-7.21;-29.533;15.706
sub-6_raw.fif;amotiv;easy;30;1.0;4.286;1.784;-1.003;-2.501
sub-6_raw.fif;amotiv;easy;31;1.0;-5.652;2.546;-7.269;8.198
sub-6_raw.fif;amotiv;easy;32;1.0;-9.049;6.736;-13.31;15.785
sub-6_raw.fif;amotiv;easy;33;1.0;3.14;-5.02;-1.147;-8.16
sub-6_raw.fif;amotiv;easy;34;1.0;-2.797;6.174;-5.267;8.97
sub-6_raw.fif;amotiv;easy;35;1.0;-7.201;5.895;-15.56;13.096
sub-6_raw.fif;amotiv;easy;36;1.0;-5.421;8.482;-9.635;13.902
sub-6_raw.fif;amotiv;easy;37;1.0;2.825;-0.329;-2.888;-3.154
sub-6_raw.fif;amotiv;easy;38;1.0;9.268;-0.811;2.622;-10.079
sub-6_raw.fif;amotiv;easy;39;1.0;3.542;9.553;-2.672;6.011
sub-6_raw.fif;amotiv;easy;40;1.0;-17.691;-0.003;-20.49;17.688
sub-6_raw.fif;amotiv;easy;41;1.0;8.008;3.473;5.505;-4.535
sub-6_raw.fif;amotiv;easy;42;1.0;-14.915;-10.574;-17.556;4.341
sub-6_raw.fif;amotiv;easy;43;1.0;3.827;9.686;0.642;5.859
sub-6_raw.fif;amotiv;easy;44;0.0;27.07;18.155;22.278;-8.914
sub-6_raw.fif;amotiv;easy;45;0.0;-11.36;-20.997;-25.549;-9.637
sub-6_raw.fif;amotiv;easy;46;1.0;-5.292;-2.137;-11.885;3.154
sub-6_raw.fif;amotiv;easy;47;1.0;1.41;-7.697;-8.046;-9.107
sub-6_raw.fif;amotiv;easy;48;1.0;-6.746;-1.537;-10.555;5.209
sub-6_raw.fif;amotiv;easy;49;1.0;-8.865;5.431;-13.91;14.296
sub-6_raw.fif;amotiv;easy;50;1.0;1.74;9.485;-6.984;7.745
sub-6_raw.fif;amotiv;easy;51;1.0;-6.201;-0.252;-12.848;5.949
sub-6_raw.fif;amotiv;easy;52;1.0;0.743;16.087;-6.302;15.344
sub-6_raw.fif;amotiv;easy;53;1.0;-3.479;2.045;-7.571;5.525
sub-6_raw.fif;amotiv;easy;54;1.0;7.937;2.874;5.17;-5.063
sub-6_raw.fif;amotiv;easy;55;1.0;7.726;-6.237;4.393;-13.963
sub-6_raw.fif;amotiv;easy;56;1.0;-3.769;8.046;-12.872;11.815
sub-6_raw.fif;amotiv;easy;57;0.0;29.953;25.743;12.051;-4.21
sub-6_raw.fif;amotiv;easy;58;1.0;-5.807;-10.719;-10.384;-4.912
sub-6_raw.fif;amotiv;easy;59;1.0;4.1;-6.901;-1.932;-11.001
sub-6_raw.fif;motiv;hard;60;1.0;-12.82;-8.623;-13.952;4.197
sub-6_raw.fif;motiv;hard;61;1.0;-8.412;10.36;-11.98;18.773
sub-6_raw.fif;motiv;hard;62;1.0;-2.41;-1.304;-8.435;1.106
sub-6_raw.fif;motiv;hard;63;1.0;0.649;18.085;-4.267;17.436
sub-6_raw.fif;motiv;hard;64;1.0;0.914;5.717;-6.093;4.803
sub-6_raw.fif;motiv;hard;65;1.0;-3.586;-2.105;-9.511;1.481
sub-6_raw.fif;motiv;hard;66;0.0;5.508;6.962;-29.126;1.455
sub-6_raw.fif;motiv;hard;67;1.0;-7.847;1.109;-11.737;8.956
sub-6_raw.fif;motiv;hard;68;1.0;-6.763;5.486;-11.459;12.248
sub-6_raw.fif;motiv;hard;69;1.0;-6.515;-0.96;-9.274;5.556
sub-6_raw.fif;motiv;hard;70;1.0;-7.153;-4.738;-9.297;2.415
sub-6_raw.fif;motiv;hard;71;1.0;-6.112;8.341;-11.831;14.454
sub-6_raw.fif;motiv;hard;72;1.0;-13.464;-9.818;-20.887;3.646
sub-6_raw.fif;motiv;hard;73;1.0;7.043;0.727;0.576;-6.316
sub-6_raw.fif;motiv;hard;74;1.0;-1.608;-1.394;-7.297;0.214
sub-6_raw.fif;motiv;hard;75;1.0;3.438;-5.931;-3.155;-9.369
sub-6_raw.fif;motiv;hard;76;1.0;-5.019;-1.5;-11.295;3.519
sub-6_raw.fif;motiv;hard;77;1.0;-2.886;-3.261;-23.203;-0.375
sub-6_raw.fif;motiv;hard;78;1.0;-14.353;-7.643;-20.494;6.711
sub-6_raw.fif;motiv;hard;79;0.0;-20.189;-6.513;-41.166;13.676
sub-6_raw.fif;motiv;hard;80;1.0;-5.728;11.683;-9.04;17.411
sub-6_raw.fif;motiv;hard;81;1.0;0.437;-2.263;-11.329;-2.7
sub-6_raw.fif;motiv;hard;82;1.0;-8.768;-21.576;-17.747;-12.807
sub-6_raw.fif;motiv;hard;83;1.0;-6.323;2.794;-10.094;9.117
sub-6_raw.fif;motiv;hard;84;0.0;-27.395;-17.895;-32.015;9.5
sub-6_raw.fif;motiv;hard;85;1.0;-11.036;1.756;-21.322;12.792
sub-6_raw.fif;motiv;hard;86;0.0;-11.815;-13.52;-26.994;-1.705
sub-6_raw.fif;motiv;hard;87;1.0;6.115;-0.692;-1.078;-6.808
sub-6_raw.fif;motiv;hard;88;1.0;-14.565;-2.974;-20.441;11.591
sub-6_raw.fif;motiv;hard;89;1.0;-6.565;9.538;-11.375;16.103
sub-6_raw.fif;motiv;easy;90;1.0;6.225;8.232;-2.409;2.007
sub-6_raw.fif;motiv;easy;91;1.0;1.463;-6.616;-2.476;-8.079
sub-6_raw.fif;motiv;easy;92;0.0;1.783;-22.681;-7.115;-24.464
sub-6_raw.fif;motiv;easy;93;1.0;-9.292;-6.432;-12.982;2.86
sub-6_raw.fif;motiv;easy;94;1.0;8.709;1.6;-0.413;-7.109
sub-6_raw.fif;motiv;easy;95;0.0;-7.664;2.248;-15.557;9.912
sub-6_raw.fif;motiv;easy;96;1.0;-8.66;1.08;-16.876;9.74
sub-6_raw.fif;motiv;easy;97;1.0;2.747;-0.308;-0.696;-3.056
sub-6_raw.fif;motiv;easy;98;1.0;-5.929;-9.032;-12.045;-3.103
sub-6_raw.fif;motiv;easy;99;1.0;0.712;9.058;-4.937;8.347
sub-6_raw.fif;motiv;easy;100;0.0;-22.33;-4.98;-32.084;17.35
sub-6_raw.fif;motiv;easy;101;1.0;5.178;9.059;0.821;3.881
sub-6_raw.fif;motiv;easy;102;1.0;-7.265;11.823;-9.899;19.088
sub-6_raw.fif;motiv;easy;103;1.0;-3.123;4.083;-9.1;7.206
sub-6_raw.fif;motiv;easy;104;1.0;-8.847;4.424;-15.538;13.271
sub-6_raw.fif;motiv;easy;105;1.0;-11.532;0.644;-16.457;12.176
sub-6_raw.fif;motiv;easy;106;1.0;-4.229;2.871;-9.069;7.1
sub-6_raw.fif;motiv;easy;107;0.0;-5.868;-0.809;-21.348;5.059
sub-6_raw.fif;motiv;easy;108;1.0;-8.793;-1.817;-14.71;6.976
sub-6_raw.fif;motiv;easy;109;1.0;6.107;15.601;0.998;9.494
sub-6_raw.fif;motiv;easy;110;1.0;-4.266;-5.505;-10.054;-1.239
sub-6_raw.fif;motiv;hard;111;0.0;14.891;37.007;-31.428;22.116
sub-6_raw.fif;motiv;easy;112;0.0;13.398;36.897;-32.149;23.499
sub-6_raw.fif;motiv;easy;113;1.0;-12.965;-4.343;-15.927;8.622
sub-6_raw.fif;motiv;easy;114;1.0;-4.145;2.669;-7.644;6.815
sub-6_raw.fif;motiv;easy;115;0.0;15.047;14.818;6.956;-0.229
sub-6_raw.fif;motiv;easy;116;1.0;-3.165;2.979;-6.179;6.143
sub-6_raw.fif;motiv;easy;117;1.0;6.871;12.908;1.409;6.037
sub-6_raw.fif;motiv;easy;118;1.0;7.943;6.856;-2.41;-1.087
sub-6_raw.fif;motiv;easy;119;1.0;14.218;1.896;8.934;-12.321
sub-6_raw.fif;motiv;easy;120;1.0;-7.68;2.019;-13.201;9.699
sub-6_raw.fif;amotiv;hard;121;1.0;9.77;3.833;5.055;-5.937
sub-6_raw.fif;amotiv;hard;122;1.0;-5.674;-0.063;-13.64;5.611
sub-6_raw.fif;amotiv;hard;123;1.0;-2.579;3.542;-12.35;6.121
sub-6_raw.fif;amotiv;hard;124;1.0;6.042;-1.904;-2.311;-7.947
sub-6_raw.fif;amotiv;hard;125;1.0;-12.806;-5.077;-19.612;7.728
sub-6_raw.fif;amotiv;hard;126;1.0;-10.281;4.41;-15.541;14.691
sub-6_raw.fif;amotiv;hard;127;1.0;-2.394;8.106;-8.87;10.5
sub-6_raw.fif;amotiv;hard;128;1.0;6.178;-2.041;-0.592;-8.219
sub-6_raw.fif;amotiv;hard;129;1.0;-25.381;-8.658;-33.629;16.723
sub-6_raw.fif;amotiv;hard;130;1.0;8.49;0.114;4.584;-8.376
sub-6_raw.fif;amotiv;hard;131;0.0;18.336;36.347;-20.366;18.011
sub-6_raw.fif;amotiv;hard;132;1.0;8.324;12.068;4.262;3.744
sub-6_raw.fif;amotiv;hard;133;1.0;-11.114;-0.226;-13.86;10.888
sub-6_raw.fif;amotiv;hard;134;1.0;-1.31;-0.831;-6.633;0.479
sub-6_raw.fif;amotiv;hard;135;1.0;-14.522;5.98;-17.731;20.501
sub-6_raw.fif;amotiv;hard;136;1.0;1.044;-11.4;-4.841;-12.445
sub-6_raw.fif;amotiv;hard;137;1.0;4.447;2.7;-1.449;-1.747
sub-6_raw.fif;amotiv;hard;138;0.0;-19.46;-14.689;-21.118;4.77
sub-6_raw.fif;amotiv;hard;139;1.0;4.604;0.909;-2.041;-3.695
sub-6_raw.fif;amotiv;hard;140;1.0;-4.281;-12.996;-12.109;-8.715
sub-6_raw.fif;amotiv;hard;141;0.0;16.593;32.715;5.448;16.122
sub-6_raw.fif;amotiv;hard;142;0.0;-3.525;-14.049;-10.149;-10.524
sub-6_raw.fif;amotiv;hard;143;0.0;-8.44;-4.791;-24.157;3.649
sub-6_raw.fif;amotiv;hard;144;1.0;-11.584;1.114;-15.169;12.698
sub-6_raw.fif;amotiv;hard;145;1.0;1.192;7.65;-5.412;6.458
sub-6_raw.fif;amotiv;hard;146;1.0;-11.249;-8.795;-16.7;2.454
sub-6_raw.fif;amotiv;hard;147;0.0;-51.017;-36.159;-63.216;14.858
sub-6_raw.fif;amotiv;hard;148;1.0;-12.882;1.367;-16.258;14.248
sub-6_raw.fif;amotiv;hard;149;1.0;4.08;-2.235;-0.61;-6.315
sub-6_raw.fif;amotiv;hard;150;1.0;-16.059;1.272;-25.277;17.331
sub-6_raw.fif;motiv;extr;151;0.0;-2.967;-5.865;-41.273;-2.898
sub-6_raw.fif;motiv;extr;152;0.0;-2.491;19.152;-66.4;21.644
sub-6_raw.fif;motiv;extr;153;0.0;5.928;17.147;2.0;11.219
sub-6_raw.fif;motiv;extr;154;0.0;-22.343;-7.906;-34.26;14.436
sub-6_raw.fif;motiv;extr;155;0.0;-19.177;-4.12;-38.918;15.057
sub-6_raw.fif;motiv;extr;156;1.0;15.035;1.596;4.954;-13.438
sub-6_raw.fif;motiv;extr;157;0.0;8.862;17.74;3.065;8.878
sub-6_raw.fif;motiv;extr;158;1.0;-13.433;-3.569;-22.691;9.863
sub-6_raw.fif;motiv;extr;159;1.0;-5.017;15.936;-15.273;20.953
sub-6_raw.fif;motiv;extr;160;1.0;12.349;-1.069;6.715;-13.418
sub-6_raw.fif;motiv;extr;161;1.0;-10.445;-8.656;-17.621;1.789
sub-6_raw.fif;motiv;extr;162;1.0;9.36;2.591;3.988;-6.769
sub-6_raw.fif;motiv;extr;163;1.0;-1.063;-3.714;-5.229;-2.651
sub-6_raw.fif;motiv;extr;164;0.0;-12.679;-17.864;-17.199;-5.186
sub-6_raw.fif;motiv;extr;165;0.0;18.205;9.223;12.454;-8.982
sub-6_raw.fif;motiv;extr;166;0.0;-21.965;-14.877;-24.738;7.088
sub-6_raw.fif;motiv;extr;167;1.0;3.801;5.414;-2.843;1.613
sub-6_raw.fif;motiv;extr;168;1.0;-4.229;-8.375;-8.818;-4.147
sub-6_raw.fif;motiv;extr;169;0.0;-13.054;-16.303;-20.042;-3.249
sub-6_raw.fif;motiv;extr;170;0.0;-35.343;-33.97;-41.295;1.373
sub-6_raw.fif;motiv;extr;171;1.0;3.366;2.25;-0.775;-1.116
sub-6_raw.fif;motiv;extr;172;0.0;-26.032;-38.32;-65.243;-12.288
sub-6_raw.fif;motiv;extr;173;1.0;-0.762;3.585;-2.749;4.347
sub-6_raw.fif;motiv;extr;174;1.0;-6.181;-6.584;-14.32;-0.403
sub-6_raw.fif;motiv;extr;175;1.0;-20.535;-7.355;-26.318;13.18
sub-6_raw.fif;motiv;extr;176;1.0;13.125;8.976;7.103;-4.149
sub-6_raw.fif;motiv;extr;177;1.0;5.73;4.015;1.192;-1.715
sub-6_raw.fif;motiv;extr;178;1.0;-2.341;4.257;-8.283;6.598
sub-6_raw.fif;motiv;extr;179;0.0;-18.226;-9.39;-25.446;8.836
sub-6_raw.fif;motiv;extr;180;0.0;-17.028;-19.793;-21.86;-2.764
sub-6_raw.fif;amotiv;extr;181;1.0;10.085;-0.476;7.026;-10.561
sub-6_raw.fif;amotiv;extr;182;1.0;-8.057;-4.586;-9.866;3.47
sub-6_raw.fif;amotiv;extr;183;1.0;-4.626;-1.613;-14.171;3.013
sub-6_raw.fif;amotiv;extr;184;1.0;-0.595;5.793;-2.867;6.387
sub-6_raw.fif;amotiv;extr;185;1.0;-9.277;-5.088;-13.586;4.189
sub-6_raw.fif;amotiv;extr;186;1.0;-12.017;-6.711;-17.868;5.306
sub-6_raw.fif;amotiv;extr;187;1.0;2.474;-0.897;-2.272;-3.371
sub-6_raw.fif;amotiv;extr;188;1.0;-2.619;6.047;-5.815;8.666
sub-6_raw.fif;amotiv;extr;189;0.0;5.628;8.209;-13.182;2.581
sub-6_raw.fif;amotiv;extr;190;0.0;13.476;22.373;1.554;8.897
sub-6_raw.fif;amotiv;extr;191;1.0;-6.511;-0.746;-11.816;5.764
sub-6_raw.fif;amotiv;extr;192;1.0;-10.084;-18.686;-15.972;-8.602
sub-6_raw.fif;amotiv;extr;193;1.0;-12.262;10.668;-18.976;22.93
sub-6_raw.fif;amotiv;extr;194;0.0;10.434;33.765;-43.08;23.331
sub-6_raw.fif;amotiv;extr;195;0.0;-3.2;-1.982;-17.387;1.218
sub-6_raw.fif;amotiv;extr;196;1.0;-5.252;-2.477;-18.201;2.775
sub-6_raw.fif;amotiv;extr;197;0.0;-15.171;3.076;-35.613;18.247
sub-6_raw.fif;amotiv;extr;198;0.0;-43.259;-13.864;-82.62;29.395
sub-6_raw.fif;amotiv;extr;199;0.0;-10.162;-22.936;-22.807;-12.773
sub-6_raw.fif;amotiv;extr;200;1.0;0.211;-1.61;-4.713;-1.82
sub-6_raw.fif;amotiv;extr;201;0.0;17.535;27.125;-1.346;9.59
sub-6_raw.fif;amotiv;extr;202;1.0;-12.297;-12.294;-17.079;0.003
sub-6_raw.fif;amotiv;extr;203;1.0;-3.575;1.417;-14.262;4.993
sub-6_raw.fif;amotiv;extr;204;1.0;5.537;-4.887;1.089;-10.424
sub-6_raw.fif;amotiv;extr;205;1.0;12.529;8.23;3.363;-4.299
sub-6_raw.fif;amotiv;extr;206;1.0;2.499;5.987;-2.541;3.488
sub-6_raw.fif;amotiv;easy;207;1.0;-2.098;2.151;-9.844;4.249
sub-6_raw.fif;amotiv;easy;208;1.0;11.669;-1.178;4.536;-12.847
sub-6_raw.fif;amotiv;easy;209;1.0;17.375;-3.693;14.362;-21.068
sub-6_raw.fif;amotiv;easy;210;1.0;0.49;-8.451;-2.779;-8.941
sub-6_raw.fif;amotiv;easy;211;1.0;-7.713;-14.566;-12.604;-6.853
sub-6_raw.fif;amotiv;easy;212;1.0;10.031;-3.254;4.628;-13.285
sub-6_raw.fif;amotiv;easy;213;1.0;13.758;-2.294;9.697;-16.052
sub-6_raw.fif;amotiv;easy;214;1.0;-5.934;5.065;-8.566;10.999
sub-6_raw.fif;amotiv;easy;215;0.0;-18.274;-19.13;-21.884;-0.856
sub-6_raw.fif;amotiv;easy;216;1.0;-3.729;-9.126;-6.718;-5.397
sub-6_raw.fif;amotiv;easy;217;1.0;-10.608;-9.809;-16.505;0.798
sub-6_raw.fif;amotiv;easy;218;1.0;-3.525;-6.229;-7.352;-2.703
sub-6_raw.fif;amotiv;easy;219;1.0;13.689;7.737;10.706;-5.951
sub-6_raw.fif;amotiv;easy;220;1.0;-3.996;5.817;-9.377;9.813
sub-6_raw.fif;amotiv;easy;221;1.0;1.447;6.282;-2.441;4.835
sub-6_raw.fif;amotiv;easy;222;0.0;-118.992;-144.008;-122.334;-25.016
sub-6_raw.fif;amotiv;easy;223;1.0;-11.977;-5.585;-17.532;6.392
sub-6_raw.fif;amotiv;easy;224;1.0;-7.096;-1.708;-11.379;5.387
sub-6_raw.fif;amotiv;easy;225;1.0;-3.086;-5.989;-6.062;-2.903
sub-6_raw.fif;amotiv;easy;226;0.0;-24.46;-40.005;-56.633;-15.545
sub-6_raw.fif;amotiv;easy;227;1.0;4.129;3.799;-5.02;-0.33
sub-6_raw.fif;amotiv;easy;228;0.0;7.012;22.255;-3.614;15.243
sub-6_raw.fif;amotiv;easy;229;1.0;-3.846;2.989;-8.377;6.835
sub-6_raw.fif;amotiv;easy;230;1.0;-8.352;-7.646;-16.531;0.707
sub-6_raw.fif;amotiv;easy;231;1.0;-21.005;-10.137;-28.553;10.868
sub-6_raw.fif;amotiv;easy;232;0.0;-29.686;-0.242;-64.148;29.444
sub-6_raw.fif;motiv;hard;233;0.0;4.735;0.227;-15.011;-4.508
sub-6_raw.fif;motiv;hard;234;0.0;-24.074;-16.375;-45.777;7.698
sub-6_raw.fif;motiv;hard;235;1.0;-3.081;-1.815;-11.083;1.266
sub-6_raw.fif;motiv;hard;236;1.0;-5.662;-4.154;-10.813;1.507
sub-6_raw.fif;motiv;hard;237;0.0;0.233;-4.924;-15.301;-5.157
sub-6_raw.fif;motiv;hard;238;1.0;-0.366;-3.626;-8.832;-3.26
sub-6_raw.fif;motiv;hard;239;0.0;3.746;-9.289;-6.046;-13.035
sub-6_raw.fif;motiv;hard;240;1.0;-5.396;-12.86;-15.344;-7.464
sub-6_raw.fif;motiv;hard;241;1.0;-10.22;-4.367;-20.71;5.852
sub-6_raw.fif;motiv;hard;242;1.0;-13.389;-1.292;-18.767;12.098
sub-6_raw.fif;motiv;hard;243;1.0;9.081;-3.184;0.535;-12.265
sub-6_raw.fif;motiv;hard;244;1.0;-16.347;11.813;-23.76;28.16
sub-6_raw.fif;motiv;hard;245;1.0;-6.491;-0.825;-11.994;5.666
sub-6_raw.fif;motiv;hard;246;1.0;-2.106;0.598;-9.979;2.705
sub-6_raw.fif;motiv;hard;247;1.0;-0.792;2.143;-3.7;2.935
sub-6_raw.fif;motiv;hard;248;1.0;-7.843;6.989;-21.331;14.832
sub-6_raw.fif;motiv;hard;249;1.0;0.294;3.367;-8.646;3.073
sub-6_raw.fif;motiv;hard;250;1.0;-1.289;-4.847;-8.018;-3.558
sub-6_raw.fif;motiv;hard;251;1.0;1.432;7.571;-2.567;6.139
sub-6_raw.fif;motiv;hard;252;1.0;-5.113;4.171;-6.938;9.284
sub-6_raw.fif;motiv;hard;253;1.0;4.239;12.84;-0.567;8.601
sub-6_raw.fif;motiv;hard;254;1.0;-1.838;-9.919;-9.038;-8.081
sub-6_raw.fif;motiv;hard;255;1.0;-0.386;4.515;-3.806;4.9
sub-6_raw.fif;motiv;hard;256;0.0;17.921;8.828;13.639;-9.093
sub-6_raw.fif;motiv;hard;257;1.0;-2.3;-11.271;-8.535;-8.971
sub-6_raw.fif;motiv;hard;258;0.0;17.392;11.046;10.619;-6.346
sub-6_raw.fif;motiv;easy;259;0.0;9.559;13.361;5.702;3.802
sub-6_raw.fif;motiv;easy;260;1.0;5.219;-4.941;0.389;-10.16
sub-6_raw.fif;motiv;easy;261;1.0;-0.104;2.372;-8.604;2.476
sub-6_raw.fif;motiv;easy;262;1.0;4.409;-1.613;1.978;-6.022
sub-6_raw.fif;motiv;easy;263;1.0;2.968;6.271;-2.428;3.303
sub-6_raw.fif;motiv;easy;264;1.0;2.178;2.47;-4.096;0.292
sub-6_raw.fif;motiv;easy;265;1.0;7.744;2.673;3.671;-5.071
sub-6_raw.fif;motiv;easy;266;1.0;11.009;-5.149;8.316;-16.158
sub-6_raw.fif;motiv;easy;267;1.0;-0.107;0.605;-2.732;0.711
sub-6_raw.fif;motiv;easy;268;1.0;-7.076;-13.497;-14.523;-6.42
sub-6_raw.fif;motiv;easy;269;1.0;-12.168;-0.378;-16.128;11.79
sub-6_raw.fif;motiv;easy;270;1.0;-11.63;-7.916;-17.797;3.715
sub-6_raw.fif;motiv;easy;271;1.0;1.763;-3.863;-0.161;-5.627
sub-6_raw.fif;motiv;easy;272;1.0;12.978;-5.056;9.797;-18.034
sub-6_raw.fif;motiv;easy;273;1.0;-2.711;4.303;-7.902;7.014
sub-6_raw.fif;motiv;easy;274;1.0;-2.434;9.148;-8.372;11.582
sub-6_raw.fif;motiv;easy;275;0.0;-14.737;-25.633;-19.216;-10.897
sub-6_raw.fif;motiv;easy;276;1.0;4.494;-4.472;2.039;-8.966
sub-6_raw.fif;motiv;easy;277;1.0;-3.768;-7.279;-6.688;-3.511
sub-6_raw.fif;motiv;easy;278;1.0;-10.294;-1.967;-16.299;8.327
sub-6_raw.fif;motiv;easy;279;1.0;-10.43;-9.437;-19.955;0.993
sub-6_raw.fif;motiv;easy;280;1.0;5.008;6.42;-1.377;1.412
sub-6_raw.fif;motiv;easy;281;1.0;-24.563;-8.911;-30.061;15.651
sub-6_raw.fif;motiv;easy;282;1.0;1.632;1.242;-3.075;-0.39
sub-6_raw.fif;motiv;easy;283;1.0;1.91;6.124;-2.108;4.215
sub-6_raw.fif;motiv;easy;284;1.0;-2.221;-7.23;-6.843;-5.008
sub-6_raw.fif;amotiv;hard;285;1.0;-6.984;-8.579;-14.614;-1.595
sub-6_raw.fif;amotiv;hard;286;1.0;-0.706;-0.137;-5.423;0.569
sub-6_raw.fif;amotiv;hard;287;1.0;-0.407;3.518;-5.516;3.925
sub-6_raw.fif;amotiv;hard;288;1.0;-5.634;-10.229;-14.068;-4.595
sub-6_raw.fif;amotiv;hard;289;1.0;6.644;8.52;0.931;1.876
sub-6_raw.fif;amotiv;hard;290;1.0;-4.373;-3.354;-8.371;1.019
sub-6_raw.fif;amotiv;hard;291;0.0;-7.22;-15.1;-45.583;-7.88
sub-6_raw.fif;amotiv;hard;292;0.0;11.144;7.468;2.266;-3.677
sub-6_raw.fif;amotiv;hard;293;1.0;-2.478;-28.95;-10.594;-26.472
sub-6_raw.fif;amotiv;hard;294;0.0;-32.423;-27.095;-36.701;5.328
sub-6_raw.fif;amotiv;hard;295;1.0;5.342;3.912;-2.065;-1.431
sub-6_raw.fif;amotiv;hard;296;1.0;-18.23;-1.139;-25.721;17.09
sub-6_raw.fif;amotiv;hard;297;1.0;-9.865;5.34;-15.913;15.205
sub-6_raw.fif;amotiv;hard;298;1.0;-4.263;1.617;-9.807;5.88
sub-6_raw.fif;amotiv;hard;299;1.0;-4.074;0.106;-8.044;4.179
sub-6_raw.fif;amotiv;hard;300;1.0;2.372;-5.967;-2.789;-8.339
sub-6_raw.fif;amotiv;hard;301;1.0;-3.569;4.437;-12.806;8.006
sub-6_raw.fif;amotiv;hard;302;1.0;5.726;-2.623;0.324;-8.349
sub-6_raw.fif;amotiv;hard;303;1.0;1.218;-6.467;-4.231;-7.685
sub-6_raw.fif;amotiv;hard;304;1.0;-19.415;-8.933;-24.815;10.481
sub-6_raw.fif;amotiv;hard;305;1.0;-0.641;-4.465;-7.809;-3.824
sub-6_raw.fif;amotiv;hard;306;1.0;-7.946;-3.81;-12.778;4.136
sub-6_raw.fif;amotiv;hard;307;1.0;-5.84;0.725;-12.586;6.565
sub-6_raw.fif;amotiv;hard;308;1.0;-2.094;2.262;-9.606;4.356
sub-6_raw.fif;amotiv;hard;309;1.0;4.504;1.379;-1.856;-3.125
sub-6_raw.fif;amotiv;hard;310;1.0;-15.173;3.139;-21.696;18.313
sub-6_raw.fif;motiv;extr;311;1.0;1.62;10.177;-2.636;8.558
sub-6_raw.fif;motiv;extr;312;1.0;8.499;4.397;3.64;-4.101
sub-6_raw.fif;motiv;extr;313;1.0;-3.171;0.846;-9.334;4.017
sub-6_raw.fif;motiv;extr;314;1.0;-2.285;-9.751;-3.89;-7.466
sub-6_raw.fif;motiv;extr;315;1.0;1.837;-1.16;-4.746;-2.997
sub-6_raw.fif;motiv;extr;316;1.0;7.4;-6.462;2.657;-13.862
sub-6_raw.fif;motiv;extr;317;1.0;-6.004;-10.589;-14.101;-4.585
sub-6_raw.fif;motiv;extr;318;1.0;-12.245;11.882;-18.558;24.127
sub-6_raw.fif;motiv;extr;319;1.0;14.713;-2.563;12.407;-17.276
sub-6_raw.fif;motiv;extr;320;1.0;-1.759;8.449;-6.562;10.207
sub-6_raw.fif;motiv;extr;321;1.0;-5.715;9.537;-13.936;15.251
sub-6_raw.fif;motiv;extr;322;1.0;-11.667;-2.289;-19.063;9.378
sub-6_raw.fif;motiv;extr;323;1.0;-6.445;-5.852;-9.037;0.592
sub-6_raw.fif;motiv;extr;324;0.0;-23.277;-25.8;-26.141;-2.523
sub-6_raw.fif;motiv;extr;325;0.0;16.279;8.844;13.982;-7.435
sub-6_raw.fif;motiv;extr;326;0.0;-11.009;5.243;-18.515;16.252
sub-6_raw.fif;motiv;extr;327;1.0;13.08;-4.754;8.484;-17.834
sub-6_raw.fif;motiv;extr;328;1.0;1.61;-0.059;-5.299;-1.669
sub-6_raw.fif;motiv;extr;329;1.0;-5.973;9.435;-11.637;15.408
sub-6_raw.fif;motiv;extr;330;1.0;11.746;5.068;4.209;-6.678
sub-6_raw.fif;motiv;extr;331;1.0;-1.695;5.22;-14.566;6.915
sub-6_raw.fif;motiv;extr;332;0.0;41.089;15.775;26.938;-25.314
sub-6_raw.fif;motiv;extr;333;0.0;-25.636;8.063;-39.585;33.699
sub-6_raw.fif;motiv;extr;334;0.0;-10.51;-16.964;-27.678;-6.454
sub-6_raw.fif;motiv;extr;335;1.0;23.93;-1.175;12.815;-25.105
sub-6_raw.fif;motiv;extr;336;0.0;9.6;11.115;-34.272;1.515
sub-7_raw.fif;amotiv;extr;0;1.0;-5.192;6.352;-10.132;11.545
sub-7_raw.fif;amotiv;extr;1;1.0;-1.919;9.605;-7.467;11.523
sub-7_raw.fif;amotiv;extr;2;0.0;9.535;13.667;4.468;4.132
sub-7_raw.fif;amotiv;extr;3;1.0;-3.559;-0.845;-7.349;2.713
sub-7_raw.fif;amotiv;extr;4;0.0;0.851;16.714;-3.15;15.862
sub-7_raw.fif;amotiv;extr;5;1.0;8.283;6.351;-0.807;-1.932
sub-7_raw.fif;amotiv;extr;6;1.0;-7.282;6.617;-11.904;13.899
sub-7_raw.fif;amotiv;extr;7;0.0;-7.055;1.239;-10.931;8.293
sub-7_raw.fif;amotiv;extr;8;1.0;0.988;8.133;-7.588;7.145
sub-7_raw.fif;amotiv;extr;9;1.0;1.704;2.716;-2.838;1.013
sub-7_raw.fif;amotiv;extr;10;0.0;5.44;0.483;-1.868;-4.957
sub-7_raw.fif;amotiv;extr;11;1.0;17.167;7.151;12.383;-10.016
sub-7_raw.fif;amotiv;extr;12;1.0;-2.423;17.243;-8.622;19.666
sub-7_raw.fif;amotiv;extr;13;0.0;-13.385;-0.646;-17.883;12.739
sub-7_raw.fif;amotiv;extr;14;1.0;-4.385;12.36;-9.182;16.744
sub-7_raw.fif;amotiv;extr;15;0.0;-4.256;10.693;-9.181;14.948
sub-7_raw.fif;amotiv;extr;16;0.0;5.184;12.718;0.479;7.534
sub-7_raw.fif;amotiv;extr;17;1.0;-3.028;6.132;-9.601;9.16
sub-7_raw.fif;amotiv;extr;18;1.0;15.954;9.406;4.376;-6.548
sub-7_raw.fif;amotiv;extr;19;0.0;-9.241;0.286;-13.609;9.527
sub-7_raw.fif;amotiv;extr;20;1.0;9.379;5.577;5.907;-3.801
sub-7_raw.fif;amotiv;extr;21;0.0;-6.345;4.581;-9.307;10.926
sub-7_raw.fif;amotiv;extr;22;1.0;-2.942;10.953;-7.494;13.895
sub-7_raw.fif;amotiv;extr;23;1.0;-1.291;2.278;-12.737;3.569
sub-7_raw.fif;amotiv;extr;24;1.0;-1.106;1.767;-7.92;2.873
sub-7_raw.fif;amotiv;extr;25;0.0;-7.043;1.065;-11.268;8.108
sub-7_raw.fif;motiv;extr;26;0.0;-9.022;-4.506;-18.116;4.516
sub-7_raw.fif;motiv;extr;27;1.0;-15.373;5.722;-20.883;21.095
sub-7_raw.fif;motiv;extr;28;0.0;-8.298;-5.673;-15.66;2.625
sub-7_raw.fif;motiv;extr;29;1.0;16.756;6.093;13.976;-10.663
sub-7_raw.fif;motiv;extr;30;1.0;4.257;6.614;0.984;2.357
sub-7_raw.fif;motiv;extr;31;1.0;15.232;13.44;11.307;-1.792
sub-7_raw.fif;motiv;extr;32;1.0;-1.565;6.453;-3.876;8.018
sub-7_raw.fif;motiv;extr;33;1.0;0.4;14.585;-2.033;14.185
sub-7_raw.fif;motiv;extr;34;1.0;3.389;7.712;2.187;4.324
sub-7_raw.fif;motiv;extr;35;1.0;0.41;14.192;-3.649;13.783
sub-7_raw.fif;motiv;extr;36;1.0;4.788;9.606;2.745;4.818
sub-7_raw.fif;motiv;extr;37;1.0;-0.388;5.964;-5.476;6.352
sub-7_raw.fif;motiv;extr;38;1.0;1.119;3.197;-5.055;2.078
sub-7_raw.fif;motiv;extr;39;1.0;2.808;3.884;-1.717;1.077
sub-7_raw.fif;motiv;extr;40;0.0;2.03;-7.185;-5.511;-9.215
sub-7_raw.fif;motiv;extr;41;0.0;-7.976;-4.839;-13.743;3.136
sub-7_raw.fif;motiv;extr;42;0.0;-0.036;2.289;-2.596;2.325
sub-7_raw.fif;motiv;extr;43;1.0;2.069;12.563;-4.288;10.494
sub-7_raw.fif;motiv;extr;44;1.0;7.006;10.799;4.178;3.793
sub-7_raw.fif;motiv;extr;45;0.0;-4.033;6.872;-8.712;10.905
sub-7_raw.fif;motiv;extr;46;1.0;-3.487;4.763;-5.039;8.25
sub-7_raw.fif;motiv;extr;47;1.0;5.238;10.069;-2.224;4.831
sub-7_raw.fif;motiv;extr;48;0.0;-13.338;9.361;-17.892;22.7
sub-7_raw.fif;motiv;extr;49;1.0;-0.064;18.875;-5.813;18.939
sub-7_raw.fif;motiv;extr;50;1.0;-2.443;6.216;-7.684;8.659
sub-7_raw.fif;motiv;extr;51;1.0;2.541;8.304;0.285;5.763
sub-7_raw.fif;amotiv;easy;52;1.0;1.52;3.755;-2.401;2.234
sub-7_raw.fif;amotiv;easy;53;1.0;9.754;7.782;3.422;-1.972
sub-7_raw.fif;amotiv;easy;54;1.0;5.161;15.326;-0.205;10.165
sub-7_raw.fif;amotiv;easy;55;1.0;-4.151;8.034;-6.647;12.185
sub-7_raw.fif;amotiv;easy;56;1.0;6.181;6.616;0.913;0.435
sub-7_raw.fif;amotiv;easy;57;1.0;4.871;8.616;-0.236;3.745
sub-7_raw.fif;amotiv;easy;58;0.0;-11.365;11.845;-13.445;23.21
sub-7_raw.fif;amotiv;easy;59;1.0;-10.35;9.038;-14.944;19.387
sub-7_raw.fif;amotiv;easy;60;1.0;-6.787;19.676;-9.612;26.463
sub-7_raw.fif;amotiv;easy;61;1.0;-4.263;5.958;-12.979;10.22
sub-7_raw.fif;amotiv;easy;62;1.0;11.74;12.228;6.907;0.487
sub-7_raw.fif;amotiv;easy;63;1.0;-1.393;6.719;-3.603;8.112
sub-7_raw.fif;amotiv;easy;64;1.0;-11.95;10.7;-17.072;22.649
sub-7_raw.fif;amotiv;easy;65;1.0;-3.737;19.98;-6.272;23.717
sub-7_raw.fif;amotiv;easy;66;0.0;1.371;19.414;-4.88;18.043
sub-7_raw.fif;amotiv;easy;67;1.0;1.69;10.208;-1.042;8.518
sub-7_raw.fif;amotiv;easy;68;1.0;-2.141;12.007;-5.103;14.148
sub-7_raw.fif;amotiv;easy;69;1.0;-2.046;10.235;-4.968;12.281
sub-7_raw.fif;amotiv;easy;70;1.0;8.166;11.027;-1.701;2.861
sub-7_raw.fif;amotiv;easy;71;0.0;-4.169;16.344;-7.883;20.514
sub-7_raw.fif;amotiv;easy;72;1.0;-1.594;10.164;-4.526;11.758
sub-7_raw.fif;amotiv;easy;73;1.0;-2.739;12.122;-8.698;14.86
sub-7_raw.fif;amotiv;easy;74;1.0;0.069;14.159;-8.361;14.09
sub-7_raw.fif;amotiv;easy;75;1.0;-3.259;13.241;-8.804;16.499
sub-7_raw.fif;amotiv;easy;76;1.0;2.333;18.663;-0.307;16.33
sub-7_raw.fif;amotiv;easy;77;1.0;10.506;10.217;7.534;-0.289
sub-7_raw.fif;motiv;easy;78;1.0;4.761;12.897;-0.162;8.136
sub-7_raw.fif;motiv;easy;79;1.0;6.235;9.357;-0.293;3.121
sub-7_raw.fif;motiv;easy;80;1.0;5.812;9.872;0.26;4.06
sub-7_raw.fif;motiv;easy;81;1.0;6.13;11.328;2.493;5.198
sub-7_raw.fif;motiv;easy;82;1.0;-6.467;9.989;-10.957;16.456
sub-7_raw.fif;motiv;easy;83;1.0;-0.767;10.107;-9.15;10.874
sub-7_raw.fif;motiv;easy;84;1.0;4.483;12.981;-0.044;8.498
sub-7_raw.fif;motiv;easy;85;1.0;3.356;12.64;-3.721;9.284
sub-7_raw.fif;motiv;easy;86;1.0;-3.231;8.981;-8.597;12.212
sub-7_raw.fif;motiv;easy;87;0.0;3.016;21.08;0.005;18.064
sub-7_raw.fif;motiv;easy;88;1.0;-4.557;13.292;-9.769;17.849
sub-7_raw.fif;motiv;easy;89;1.0;-5.774;11.756;-15.059;17.53
sub-7_raw.fif;motiv;easy;90;1.0;-1.367;9.617;-8.191;10.984
sub-7_raw.fif;motiv;easy;91;1.0;9.504;17.019;5.205;7.515
sub-7_raw.fif;motiv;easy;92;1.0;4.721;16.88;-1.705;12.16
sub-7_raw.fif;motiv;easy;93;1.0;2.224;14.957;0.243;12.732
sub-7_raw.fif;motiv;easy;94;0.0;-5.501;-9.944;-9.724;-4.443
sub-7_raw.fif;motiv;easy;95;1.0;0.22;2.17;-5.876;1.951
sub-7_raw.fif;motiv;easy;96;1.0;-7.041;17.082;-12.301;24.123
sub-7_raw.fif;motiv;easy;97;1.0;-0.256;-3.061;-3.122;-2.805
sub-7_raw.fif;motiv;easy;98;1.0;1.401;9.868;-5.034;8.468
sub-7_raw.fif;motiv;easy;99;1.0;2.108;19.276;0.188;17.168
sub-7_raw.fif;motiv;easy;100;1.0;3.591;2.467;1.235;-1.124
sub-7_raw.fif;motiv;easy;101;1.0;-2.155;6.587;-8.576;8.742
sub-7_raw.fif;motiv;easy;102;1.0;-0.986;7.622;-5.309;8.608
sub-7_raw.fif;motiv;easy;103;1.0;-0.646;13.906;-3.539;14.552
sub-7_raw.fif;amotiv;hard;104;1.0;-6.562;23.023;-9.401;29.584
sub-7_raw.fif;amotiv;hard;105;1.0;8.842;16.286;3.495;7.444
sub-7_raw.fif;amotiv;hard;106;0.0;-7.892;7.938;-11.401;15.83
sub-7_raw.fif;amotiv;hard;107;1.0;1.716;13.835;0.428;12.119
sub-7_raw.fif;amotiv;hard;108;0.0;4.766;14.147;0.684;9.382
sub-7_raw.fif;amotiv;hard;109;1.0;6.864;6.921;2.198;0.057
sub-7_raw.fif;amotiv;hard;110;1.0;10.002;15.318;6.605;5.317
sub-7_raw.fif;amotiv;hard;111;1.0;9.204;3.593;1.701;-5.611
sub-7_raw.fif;amotiv;hard;112;1.0;3.294;7.075;-1.62;3.78
sub-7_raw.fif;amotiv;hard;113;1.0;2.722;10.805;-2.103;8.083
sub-7_raw.fif;amotiv;hard;114;1.0;-8.454;8.122;-12.71;16.577
sub-7_raw.fif;amotiv;hard;115;0.0;-8.75;-2.008;-14.748;6.741
sub-7_raw.fif;amotiv;hard;116;1.0;-12.152;14.486;-17.072;26.638
sub-7_raw.fif;amotiv;hard;117;1.0;7.399;19.496;4.806;12.098
sub-7_raw.fif;amotiv;hard;118;1.0;-7.676;8.601;-10.958;16.276
sub-7_raw.fif;amotiv;hard;119;1.0;-5.749;13.363;-8.699;19.112
sub-7_raw.fif;amotiv;hard;120;1.0;5.778;7.985;-2.001;2.207
sub-7_raw.fif;amotiv;hard;121;1.0;-0.976;15.16;-7.247;16.136
sub-7_raw.fif;amotiv;hard;122;1.0;-5.55;8.55;-9.265;14.101
sub-7_raw.fif;amotiv;hard;123;1.0;-3.685;1.505;-11.176;5.191
sub-7_raw.fif;amotiv;hard;124;1.0;-5.586;9.635;-12.927;15.221
sub-7_raw.fif;amotiv;hard;125;0.0;-4.862;-4.542;-9.329;0.32
sub-7_raw.fif;amotiv;hard;126;1.0;-8.599;7.852;-16.147;16.451
sub-7_raw.fif;amotiv;hard;127;1.0;2.229;9.661;-7.337;7.432
sub-7_raw.fif;amotiv;hard;128;0.0;0.565;11.427;-8.994;10.862
sub-7_raw.fif;amotiv;hard;129;1.0;6.16;16.924;3.498;10.764
sub-7_raw.fif;motiv;hard;130;0.0;-0.6;-9.123;-7.171;-8.523
sub-7_raw.fif;motiv;hard;131;0.0;2.884;-0.273;1.166;-3.157
sub-7_raw.fif;motiv;hard;132;1.0;-4.533;12.851;-11.345;17.384
sub-7_raw.fif;motiv;hard;133;1.0;14.601;-11.362;12.685;-25.962
sub-7_raw.fif;motiv;hard;134;1.0;-9.917;10.625;-12.408;20.542
sub-7_raw.fif;motiv;hard;135;0.0;3.998;20.357;-0.482;16.358
sub-7_raw.fif;motiv;hard;136;1.0;5.674;-3.043;-1.115;-8.717
sub-7_raw.fif;motiv;hard;137;1.0;4.192;-0.227;0.094;-4.419
sub-7_raw.fif;motiv;hard;138;1.0;-1.471;9.782;-8.188;11.253
sub-7_raw.fif;motiv;hard;139;1.0;-4.707;9.331;-8.695;14.038
sub-7_raw.fif;motiv;hard;140;1.0;-10.433;12.255;-15.73;22.688
sub-7_raw.fif;motiv;hard;141;0.0;9.551;24.354;-2.575;14.803
sub-7_raw.fif;motiv;hard;142;0.0;-3.888;15.137;-6.051;19.024
sub-7_raw.fif;motiv;hard;143;0.0;-8.111;-2.739;-9.411;5.372
sub-7_raw.fif;motiv;hard;144;1.0;10.949;10.371;7.269;-0.578
sub-7_raw.fif;motiv;hard;145;1.0;1.725;13.504;-2.047;11.779
sub-7_raw.fif;motiv;hard;146;1.0;-3.291;-2.197;-5.204;1.094
sub-7_raw.fif;motiv;hard;147;1.0;-8.09;27.561;-10.382;35.652
sub-7_raw.fif;motiv;hard;148;1.0;-10.76;6.654;-17.48;17.414
sub-7_raw.fif;motiv;hard;149;1.0;15.65;9.446;9.669;-6.204
sub-7_raw.fif;motiv;hard;150;1.0;11.34;0.701;2.331;-10.639
sub-7_raw.fif;motiv;hard;151;1.0;9.037;7.542;3.485;-1.494
sub-7_raw.fif;motiv;hard;152;1.0;7.444;8.27;0.869;0.825
sub-7_raw.fif;motiv;hard;153;0.0;-8.154;1.415;-11.641;9.57
sub-7_raw.fif;motiv;hard;154;1.0;5.467;19.72;-0.071;14.254
sub-7_raw.fif;motiv;hard;155;1.0;13.713;7.195;4.577;-6.518
sub-7_raw.fif;amotiv;extr;156;1.0;-7.251;10.812;-11.4;18.063
sub-7_raw.fif;amotiv;extr;157;1.0;11.84;12.316;5.684;0.476
sub-7_raw.fif;amotiv;extr;158;0.0;-1.975;-16.273;-7.295;-14.298
sub-7_raw.fif;amotiv;extr;159;1.0;1.051;9.128;-3.002;8.077
sub-7_raw.fif;amotiv;extr;160;1.0;-5.725;11.883;-9.092;17.608
sub-7_raw.fif;amotiv;extr;161;1.0;-2.965;-0.218;-10.659;2.747
sub-7_raw.fif;amotiv;extr;162;1.0;8.284;7.287;3.751;-0.997
sub-7_raw.fif;amotiv;extr;163;1.0;10.202;8.171;7.967;-2.031
sub-7_raw.fif;amotiv;extr;164;0.0;-1.061;-0.818;-7.072;0.243
sub-7_raw.fif;amotiv;extr;165;1.0;-5.768;9.417;-7.431;15.185
sub-7_raw.fif;amotiv;extr;166;1.0;-7.161;-4.83;-14.529;2.331
sub-7_raw.fif;amotiv;extr;167;1.0;5.612;1.732;3.802;-3.88
sub-7_raw.fif;amotiv;extr;168;1.0;8.084;8.846;3.101;0.762
sub-7_raw.fif;amotiv;extr;169;1.0;6.864;12.399;2.485;5.536
sub-7_raw.fif;amotiv;extr;170;1.0;2.745;11.086;-0.045;8.34
sub-7_raw.fif;amotiv;extr;171;1.0;8.619;11.814;5.542;3.194
sub-7_raw.fif;amotiv;extr;172;0.0;-5.222;-2.079;-6.975;3.143
sub-7_raw.fif;amotiv;extr;173;1.0;5.393;17.682;3.055;12.29
sub-7_raw.fif;amotiv;extr;174;0.0;-4.499;1.332;-9.899;5.831
sub-7_raw.fif;amotiv;extr;175;1.0;2.655;3.103;-4.943;0.448
sub-7_raw.fif;amotiv;extr;176;1.0;-2.077;4.804;-6.105;6.881
sub-7_raw.fif;amotiv;extr;177;1.0;-8.288;22.818;-13.056;31.106
sub-7_raw.fif;amotiv;extr;178;1.0;-2.013;14.398;-5.305;16.411
sub-7_raw.fif;amotiv;extr;179;1.0;5.879;13.219;1.08;7.339
sub-7_raw.fif;amotiv;extr;180;1.0;1.085;23.581;-1.2;22.496
sub-7_raw.fif;amotiv;extr;181;1.0;-3.411;9.012;-7.704;12.423
sub-7_raw.fif;amotiv;extr;182;1.0;-2.788;12.225;-9.666;15.013
sub-7_raw.fif;amotiv;extr;183;0.0;12.949;7.088;7.348;-5.861
sub-7_raw.fif;amotiv;extr;184;0.0;-5.66;-3.578;-8.574;2.083
sub-7_raw.fif;amotiv;extr;185;0.0;-1.587;2.765;-4.27;4.352
sub-7_raw.fif;motiv;extr;186;1.0;4.406;1.618;1.634;-2.788
sub-7_raw.fif;motiv;extr;187;0.0;6.753;12.081;1.131;5.327
sub-7_raw.fif;motiv;extr;188;1.0;-3.433;0.787;-8.973;4.22
sub-7_raw.fif;motiv;extr;189;0.0;4.772;21.048;2.466;16.276
sub-7_raw.fif;motiv;extr;190;0.0;-11.113;-0.665;-16.131;10.448
sub-7_raw.fif;motiv;extr;191;1.0;7.071;-6.022;4.508;-13.094
sub-7_raw.fif;motiv;extr;192;1.0;0.867;5.151;-5.977;4.284
sub-7_raw.fif;motiv;extr;193;1.0;-0.106;-0.64;-4.46;-0.534
sub-7_raw.fif;motiv;extr;194;1.0;-5.73;5.215;-10.341;10.945
sub-7_raw.fif;motiv;extr;195;0.0;11.847;22.267;7.896;10.42
sub-7_raw.fif;motiv;extr;196;0.0;-4.265;-2.41;-9.806;1.855
sub-7_raw.fif;motiv;extr;197;0.0;-21.286;-3.683;-24.772;17.602
sub-7_raw.fif;motiv;extr;198;1.0;4.734;5.102;0.411;0.368
sub-7_raw.fif;motiv;extr;199;1.0;11.3;5.018;7.234;-6.282
sub-7_raw.fif;motiv;extr;200;1.0;11.977;14.871;6.859;2.894
sub-7_raw.fif;motiv;extr;201;1.0;12.055;-8.032;8.486;-20.087
sub-7_raw.fif;motiv;extr;202;1.0;-10.261;9.551;-15.204;19.812
sub-7_raw.fif;motiv;extr;203;1.0;16.141;1.134;9.476;-15.007
sub-7_raw.fif;motiv;extr;204;0.0;-5.343;6.968;-8.556;12.311
sub-7_raw.fif;motiv;extr;205;1.0;0.981;13.575;-2.693;12.595
sub-7_raw.fif;motiv;extr;206;1.0;-1.913;-4.539;-4.943;-2.626
sub-7_raw.fif;motiv;extr;207;1.0;-6.433;3.669;-10.523;10.102
sub-7_raw.fif;motiv;extr;208;1.0;6.614;7.344;4.157;0.73
sub-7_raw.fif;motiv;extr;209;1.0;5.492;5.268;3.043;-0.224
sub-7_raw.fif;motiv;extr;210;1.0;-2.79;-6.571;-5.644;-3.781
sub-7_raw.fif;motiv;extr;211;1.0;0.185;12.883;-1.532;12.698
sub-7_raw.fif;motiv;extr;212;0.0;-1.511;-10.069;-9.823;-8.558
sub-7_raw.fif;motiv;extr;213;1.0;9.287;-6.974;8.003;-16.261
sub-7_raw.fif;motiv;extr;214;1.0;0.46;5.334;-3.922;4.875
sub-7_raw.fif;motiv;extr;215;1.0;-2.373;12.778;-7.491;15.151
sub-7_raw.fif;amotiv;easy;216;1.0;-7.424;-0.973;-13.105;6.452
sub-7_raw.fif;amotiv;easy;217;1.0;0.261;12.192;-3.802;11.931
sub-7_raw.fif;amotiv;easy;218;1.0;2.221;13.253;-2.679;11.031
sub-7_raw.fif;amotiv;easy;219;1.0;11.417;7.595;8.337;-3.822
sub-7_raw.fif;amotiv;easy;220;1.0;-7.367;17.728;-13.956;25.095
sub-7_raw.fif;amotiv;easy;221;0.0;-6.475;5.714;-9.737;12.189
sub-7_raw.fif;amotiv;easy;222;1.0;-0.042;6.549;-2.559;6.591
sub-7_raw.fif;amotiv;easy;223;1.0;7.999;12.382;4.872;4.383
sub-7_raw.fif;amotiv;easy;224;0.0;-7.637;0.529;-13.103;8.167
sub-7_raw.fif;amotiv;easy;225;1.0;-3.416;10.962;-7.251;14.377
sub-7_raw.fif;amotiv;easy;226;1.0;-0.163;17.261;-6.49;17.424
sub-7_raw.fif;amotiv;easy;227;0.0;9.368;22.146;4.952;12.778
sub-7_raw.fif;amotiv;easy;228;1.0;-7.736;-1.669;-11.907;6.068
sub-7_raw.fif;amotiv;easy;229;1.0;-5.97;8.838;-9.66;14.808
sub-7_raw.fif;amotiv;easy;230;1.0;-0.192;6.557;-3.645;6.749
sub-7_raw.fif;amotiv;easy;231;1.0;3.462;11.566;-0.842;8.104
sub-7_raw.fif;amotiv;easy;232;0.0;9.513;16.677;6.082;7.164
sub-7_raw.fif;amotiv;easy;233;1.0;19.922;13.537;14.869;-6.385
sub-7_raw.fif;amotiv;easy;234;1.0;0.737;6.696;-2.903;5.958
sub-7_raw.fif;amotiv;easy;235;1.0;-5.907;8.733;-9.42;14.64
sub-7_raw.fif;amotiv;easy;236;1.0;-3.415;9.603;-5.277;13.018
sub-7_raw.fif;amotiv;easy;237;1.0;-9.54;3.747;-14.058;13.288
sub-7_raw.fif;amotiv;easy;238;1.0;-10.136;-1.839;-14.23;8.297
sub-7_raw.fif;amotiv;easy;239;0.0;0.808;11.508;-1.915;10.701
sub-7_raw.fif;amotiv;easy;240;1.0;-16.823;11.988;-23.546;28.811
sub-7_raw.fif;amotiv;easy;241;1.0;-1.632;6.335;-6.23;7.966
sub-7_raw.fif;amotiv;easy;242;1.0;-1.831;2.595;-4.465;4.426
sub-7_raw.fif;amotiv;easy;243;0.0;-1.941;-4.277;-4.441;-2.337
sub-7_raw.fif;amotiv;easy;244;1.0;0.925;11.995;-1.37;11.07
sub-7_raw.fif;amotiv;easy;245;1.0;1.023;10.29;-0.642;9.267
sub-7_raw.fif;motiv;easy;246;1.0;15.505;13.202;12.426;-2.303
sub-7_raw.fif;motiv;easy;247;0.0;-8.182;13.942;-10.815;22.124
sub-7_raw.fif;motiv;easy;248;0.0;-2.379;2.268;-9.992;4.647
sub-7_raw.fif;motiv;easy;249;1.0;-5.251;5.527;-9.932;10.778
sub-7_raw.fif;motiv;easy;250;1.0;4.4;4.751;-2.463;0.351
sub-7_raw.fif;motiv;easy;251;1.0;-2.95;6.476;-11.945;9.427
sub-7_raw.fif;motiv;easy;252;1.0;5.461;12.969;1.143;7.509
sub-7_raw.fif;motiv;easy;253;0.0;10.481;26.575;5.537;16.094
sub-7_raw.fif;motiv;easy;254;1.0;-2.509;15.124;-9.158;17.632
sub-7_raw.fif;motiv;easy;255;1.0;4.236;12.287;-1.023;8.05
sub-7_raw.fif;motiv;easy;256;1.0;-4.88;18.868;-8.112;23.748
sub-7_raw.fif;motiv;easy;257;1.0;6.456;8.902;4.473;2.446
sub-7_raw.fif;motiv;easy;258;1.0;13.941;11.074;10.52;-2.867
sub-7_raw.fif;motiv;easy;259;1.0;-5.053;8.229;-10.713;13.282
sub-7_raw.fif;motiv;easy;260;1.0;1.276;8.843;-1.927;7.566
sub-7_raw.fif;motiv;easy;261;1.0;-2.594;11.114;-6.707;13.709
sub-7_raw.fif;motiv;easy;262;0.0;-5.83;4.14;-9.808;9.969
sub-7_raw.fif;motiv;easy;263;0.0;9.493;12.652;5.426;3.158
sub-7_raw.fif;motiv;easy;264;1.0;12.736;8.418;10.185;-4.317
sub-7_raw.fif;motiv;easy;265;0.0;-0.519;13.478;-5.871;13.997
sub-7_raw.fif;motiv;easy;266;1.0;-1.369;-0.559;-7.767;0.81
sub-7_raw.fif;motiv;easy;267;1.0;6.875;17.563;4.028;10.688
sub-7_raw.fif;motiv;easy;268;1.0;-0.164;11.139;-2.547;11.303
sub-7_raw.fif;motiv;easy;269;1.0;-0.177;2.18;-1.876;2.357
sub-7_raw.fif;motiv;easy;270;1.0;-6.832;6.344;-11.463;13.176
sub-7_raw.fif;motiv;easy;271;1.0;-6.176;10.676;-11.452;16.852
sub-7_raw.fif;motiv;easy;272;1.0;1.373;16.226;-5.813;14.853
sub-7_raw.fif;motiv;easy;273;1.0;8.228;11.418;4.61;3.189
sub-7_raw.fif;motiv;easy;274;1.0;-2.1;12.256;-9.304;14.356
sub-7_raw.fif;motiv;easy;275;1.0;-8.03;8.753;-10.696;16.783
sub-7_raw.fif;amotiv;hard;276;0.0;7.137;8.029;1.335;0.892
sub-7_raw.fif;amotiv;hard;277;1.0;-6.346;19.159;-12.633;25.505
sub-7_raw.fif;amotiv;hard;278;1.0;8.034;18.196;5.145;10.162
sub-7_raw.fif;amotiv;hard;279;1.0;3.765;-1.721;-0.888;-5.486
sub-7_raw.fif;amotiv;hard;280;1.0;-3.224;4.843;-7.056;8.067
sub-7_raw.fif;amotiv;hard;281;1.0;-7.007;11.051;-11.484;18.057
sub-7_raw.fif;amotiv;hard;282;1.0;7.217;13.858;3.354;6.64
sub-7_raw.fif;amotiv;hard;283;1.0;3.094;14.872;0.07;11.777
sub-7_raw.fif;amotiv;hard;284;1.0;4.839;9.003;2.643;4.163
sub-7_raw.fif;amotiv;hard;285;1.0;0.585;11.499;-4.393;10.914
sub-7_raw.fif;amotiv;hard;286;0.0;-9.041;-2.068;-14.184;6.973
sub-7_raw.fif;amotiv;hard;287;0.0;-8.856;2.687;-13.262;11.543
sub-7_raw.fif;amotiv;hard;288;1.0;4.834;19.82;2.495;14.987
sub-7_raw.fif;amotiv;hard;289;1.0;1.589;9.598;-2.682;8.008
sub-7_raw.fif;amotiv;hard;290;0.0;-4.004;5.73;-10.823;9.734
sub-7_raw.fif;amotiv;hard;291;0.0;-1.584;19.498;-6.523;21.082
sub-7_raw.fif;amotiv;hard;292;0.0;-20.07;-4.927;-24.527;15.143
sub-7_raw.fif;amotiv;hard;293;1.0;2.209;3.5;-3.007;1.291
sub-7_raw.fif;amotiv;hard;294;0.0;0.054;15.291;-2.734;15.237
sub-7_raw.fif;amotiv;hard;295;1.0;4.054;6.731;-3.214;2.677
sub-7_raw.fif;amotiv;hard;296;1.0;1.61;-2.453;-3.316;-4.063
sub-7_raw.fif;amotiv;hard;297;1.0;1.417;6.673;-0.154;5.256
sub-7_raw.fif;amotiv;hard;298;0.0;17.453;23.391;14.716;5.938
sub-7_raw.fif;amotiv;hard;299;0.0;-12.157;-6.32;-15.551;5.837
sub-7_raw.fif;amotiv;hard;300;1.0;8.154;10.665;5.802;2.51
sub-7_raw.fif;amotiv;hard;301;0.0;-5.125;4.923;-14.495;10.048
sub-7_raw.fif;amotiv;hard;302;1.0;0.41;8.882;-5.006;8.472
sub-7_raw.fif;amotiv;hard;303;0.0;-6.943;15.49;-8.72;22.434
sub-7_raw.fif;amotiv;hard;304;1.0;-2.543;-1.547;-12.316;0.996
sub-7_raw.fif;amotiv;hard;305;0.0;-15.103;-4.248;-19.41;10.854
sub-7_raw.fif;motiv;hard;306;0.0;9.934;23.469;7.685;13.535
sub-7_raw.fif;motiv;hard;307;1.0;4.211;18.138;1.244;13.927
sub-7_raw.fif;motiv;hard;308;1.0;-0.71;5.669;-10.956;6.379
sub-7_raw.fif;motiv;hard;309;1.0;0.565;22.339;-5.299;21.774
sub-7_raw.fif;motiv;hard;310;0.0;5.873;21.143;-0.38;15.269
sub-7_raw.fif;motiv;hard;311;0.0;12.543;24.308;3.248;11.765
sub-7_raw.fif;motiv;hard;312;0.0;7.287;9.619;3.38;2.332
sub-7_raw.fif;motiv;hard;313;0.0;-8.913;-3.057;-18.492;5.856
sub-7_raw.fif;motiv;hard;314;1.0;6.398;15.477;1.671;9.079
sub-7_raw.fif;motiv;hard;315;1.0;1.481;13.08;-3.438;11.599
sub-7_raw.fif;motiv;hard;316;1.0;-1.293;10.533;-6.906;11.826
sub-7_raw.fif;motiv;hard;317;1.0;0.279;12.627;-4.14;12.349
sub-7_raw.fif;motiv;hard;318;0.0;4.433;10.212;1.991;5.779
sub-7_raw.fif;motiv;hard;319;0.0;11.315;36.801;3.317;25.486
sub-7_raw.fif;motiv;hard;320;0.0;8.988;-2.58;4.866;-11.569
sub-7_raw.fif;motiv;hard;321;1.0;-2.342;8.917;-3.797;11.259
sub-7_raw.fif;motiv;hard;322;0.0;-2.78;19.387;-6.875;22.167
sub-7_raw.fif;motiv;hard;323;0.0;8.874;24.854;5.556;15.98
sub-7_raw.fif;motiv;hard;324;0.0;-3.047;28.187;-5.469;31.234
sub-7_raw.fif;motiv;hard;325;1.0;-7.816;20.413;-13.726;28.23
sub-7_raw.fif;motiv;hard;326;1.0;-2.758;13.699;-5.38;16.457
sub-7_raw.fif;motiv;hard;327;1.0;3.829;13.472;-3.617;9.643
sub-7_raw.fif;motiv;hard;328;1.0;3.808;11.486;-0.804;7.677
sub-7_raw.fif;motiv;hard;329;0.0;5.055;31.891;-0.692;26.836
sub-7_raw.fif;motiv;hard;330;0.0;14.213;-115.898;10.517;-130.111
sub-7_raw.fif;motiv;hard;331;1.0;-9.856;16.367;-12.61;26.222
sub-7_raw.fif;motiv;hard;332;1.0;10.503;11.119;4.04;0.617
sub-7_raw.fif;motiv;hard;333;1.0;9.952;12.835;5.778;2.884
sub-7_raw.fif;motiv;hard;334;1.0;-2.551;5.772;-12.838;8.323
sub-7_raw.fif;motiv;hard;335;1.0;-6.969;23.793;-12.39;30.763
sub-8_raw.fif;motiv;easy;0;1.0;-13.769;-1.77;-21.312;12.0
sub-8_raw.fif;motiv;easy;1;1.0;-0.154;6.837;-5.402;6.991
sub-8_raw.fif;motiv;easy;2;1.0;-1.346;-0.368;-6.057;0.977
sub-8_raw.fif;motiv;easy;3;1.0;-6.518;4.139;-13.054;10.657
sub-8_raw.fif;motiv;easy;4;1.0;-11.218;-5.654;-16.266;5.564
sub-8_raw.fif;motiv;easy;5;1.0;2.664;15.018;-4.993;12.354
sub-8_raw.fif;motiv;easy;6;0.0;-11.788;15.971;-13.524;27.759
sub-8_raw.fif;motiv;easy;7;1.0;-3.425;17.684;-7.051;21.109
sub-8_raw.fif;motiv;easy;8;1.0;-5.907;5.36;-10.434;11.267
sub-8_raw.fif;motiv;easy;9;1.0;-6.519;-6.749;-8.579;-0.23
sub-8_raw.fif;motiv;easy;10;1.0;-7.589;9.17;-15.135;16.759
sub-8_raw.fif;motiv;easy;11;1.0;-14.176;-4.798;-17.991;9.378
sub-8_raw.fif;motiv;easy;12;0.0;-15.708;-5.595;-21.892;10.113
sub-8_raw.fif;motiv;easy;13;0.0;-10.786;-4.463;-12.685;6.324
sub-8_raw.fif;motiv;easy;14;1.0;-6.399;-5.672;-7.509;0.728
sub-8_raw.fif;motiv;easy;15;1.0;-1.027;3.844;-6.716;4.871
sub-8_raw.fif;motiv;easy;16;0.0;-7.668;-1.135;-10.966;6.533
sub-8_raw.fif;motiv;easy;17;1.0;-9.501;3.589;-14.7;13.09
sub-8_raw.fif;motiv;easy;18;1.0;-8.515;4.103;-12.812;12.618
sub-8_raw.fif;motiv;easy;19;1.0;-9.466;-0.3;-15.414;9.166
sub-8_raw.fif;motiv;easy;20;1.0;-1.865;0.606;-5.371;2.471
sub-8_raw.fif;motiv;easy;21;1.0;-3.454;5.156;-7.807;8.61
sub-8_raw.fif;motiv;easy;22;1.0;-2.339;-3.154;-4.591;-0.814
sub-8_raw.fif;motiv;easy;23;1.0;0.848;1.336;-2.522;0.488
sub-8_raw.fif;motiv;easy;24;0.0;-12.265;-7.055;-15.33;5.21
sub-8_raw.fif;motiv;easy;25;1.0;4.921;5.18;0.779;0.259
sub-8_raw.fif;motiv;easy;26;1.0;-2.322;14.321;-6.37;16.642
sub-8_raw.fif;motiv;easy;27;1.0;-7.459;0.551;-14.026;8.01
sub-8_raw.fif;motiv;easy;28;1.0;-10.1;3.896;-16.694;13.996
sub-8_raw.fif;motiv;easy;29;1.0;-12.002;-1.855;-16.031;10.147
sub-8_raw.fif;motiv;extr;30;1.0;-3.294;1.424;-7.12;4.718
sub-8_raw.fif;motiv;extr;31;1.0;2.706;13.346;-4.048;10.639
sub-8_raw.fif;motiv;extr;32;1.0;2.128;5.451;0.161;3.323
sub-8_raw.fif;motiv;extr;33;1.0;0.985;-1.281;-2.429;-2.266
sub-8_raw.fif;motiv;extr;34;1.0;-9.754;-1.249;-12.147;8.505
sub-8_raw.fif;motiv;extr;35;0.0;0.013;-6.97;-2.598;-6.983
sub-8_raw.fif;motiv;extr;36;1.0;0.155;6.368;-3.374;6.213
sub-8_raw.fif;motiv;extr;37;1.0;-1.081;0.942;-9.228;2.023
sub-8_raw.fif;motiv;extr;38;0.0;-6.85;-5.623;-10.388;1.227
sub-8_raw.fif;motiv;extr;39;0.0;-6.159;2.087;-12.849;8.245
sub-8_raw.fif;motiv;extr;40;0.0;-2.04;11.393;-8.473;13.433
sub-8_raw.fif;motiv;extr;41;0.0;-6.782;-8.837;-14.454;-2.056
sub-8_raw.fif;motiv;extr;42;1.0;-3.237;4.147;-8.065;7.384
sub-8_raw.fif;motiv;extr;43;1.0;7.226;8.623;-1.765;1.396
sub-8_raw.fif;motiv;extr;44;0.0;-6.31;-0.98;-11.349;5.33
sub-8_raw.fif;motiv;extr;45;0.0;15.21;6.563;11.434;-8.648
sub-8_raw.fif;motiv;extr;46;1.0;-3.631;10.504;-7.849;14.135
sub-8_raw.fif;motiv;extr;47;1.0;-6.278;2.66;-9.3;8.938
sub-8_raw.fif;motiv;extr;48;0.0;-10.441;-9.152;-11.798;1.289
sub-8_raw.fif;motiv;extr;49;1.0;-1.448;-7.254;-15.573;-5.806
sub-8_raw.fif;motiv;extr;50;1.0;-11.961;4.369;-17.849;16.33
sub-8_raw.fif;motiv;extr;51;0.0;-9.832;6.257;-13.563;16.089
sub-8_raw.fif;motiv;extr;52;0.0;-15.86;-1.257;-23.701;14.603
sub-8_raw.fif;motiv;extr;53;1.0;-5.514;8.708;-7.454;14.223
sub-8_raw.fif;motiv;extr;54;1.0;-0.178;8.992;-3.791;9.17
sub-8_raw.fif;motiv;extr;55;1.0;-3.852;7.606;-6.384;11.458
sub-8_raw.fif;motiv;extr;56;1.0;-5.971;-12.492;-10.537;-6.521
sub-8_raw.fif;motiv;extr;57;0.0;0.315;6.41;-15.815;6.094
sub-8_raw.fif;motiv;extr;58;1.0;1.274;0.223;-1.332;-1.051
sub-8_raw.fif;motiv;extr;59;1.0;-0.222;-3.287;-5.063;-3.065
sub-8_raw.fif;amotiv;easy;60;0.0;12.899;32.161;8.649;19.262
sub-8_raw.fif;amotiv;easy;61;1.0;-7.804;1.276;-8.84;9.079
sub-8_raw.fif;amotiv;easy;62;1.0;0.532;10.701;-2.549;10.168
sub-8_raw.fif;amotiv;easy;63;1.0;-1.49;14.171;-5.191;15.661
sub-8_raw.fif;amotiv;easy;64;1.0;-2.247;0.921;-8.367;3.168
sub-8_raw.fif;amotiv;easy;65;1.0;-1.99;7.725;-5.005;9.715
sub-8_raw.fif;amotiv;easy;66;1.0;-0.052;8.362;-2.411;8.415
sub-8_raw.fif;amotiv;easy;67;1.0;-4.911;-0.049;-10.93;4.863
sub-8_raw.fif;amotiv;easy;68;1.0;5.09;-2.742;-0.349;-7.832
sub-8_raw.fif;amotiv;easy;69;1.0;0.354;12.262;-2.44;11.908
sub-8_raw.fif;amotiv;easy;70;1.0;-4.973;2.739;-12.294;7.712
sub-8_raw.fif;amotiv;easy;71;0.0;-13.419;-11.501;-23.469;1.918
sub-8_raw.fif;amotiv;easy;72;1.0;-12.824;10.596;-13.507;23.42
sub-8_raw.fif;amotiv;easy;73;1.0;-5.185;3.6;-9.655;8.785
sub-8_raw.fif;amotiv;easy;74;1.0;-9.468;-1.6;-15.708;7.868
sub-8_raw.fif;amotiv;easy;75;0.0;7.895;0.726;5.116;-7.169
sub-8_raw.fif;amotiv;easy;76;1.0;9.631;5.61;4.479;-4.021
sub-8_raw.fif;amotiv;easy;77;0.0;-2.86;17.203;-10.352;20.064
sub-8_raw.fif;amotiv;easy;78;1.0;-8.322;0.019;-14.397;8.341
sub-8_raw.fif;amotiv;easy;79;1.0;-4.509;-4.918;-8.891;-0.409
sub-8_raw.fif;amotiv;easy;80;0.0;-6.867;5.791;-9.927;12.658
sub-8_raw.fif;amotiv;easy;81;0.0;-4.771;-0.711;-9.02;4.06
sub-8_raw.fif;amotiv;easy;82;1.0;-6.268;1.153;-8.639;7.422
sub-8_raw.fif;amotiv;easy;83;0.0;-3.506;-13.579;-8.11;-10.072
sub-8_raw.fif;amotiv;easy;84;1.0;-5.283;2.235;-6.549;7.518
sub-8_raw.fif;amotiv;easy;85;0.0;-8.317;1.094;-13.498;9.411
sub-8_raw.fif;amotiv;easy;86;1.0;4.5;-2.759;1.253;-7.259
sub-8_raw.fif;amotiv;easy;87;1.0;0.505;4.412;-4.71;3.907
sub-8_raw.fif;amotiv;easy;88;1.0;-0.606;4.194;-7.852;4.8
sub-8_raw.fif;amotiv;easy;89;1.0;-13.003;0.864;-17.445;13.867
sub-8_raw.fif;amotiv;hard;90;1.0;-0.672;5.663;-4.558;6.335
sub-8_raw.fif;amotiv;hard;91;1.0;-1.262;9.994;-6.528;11.257
sub-8_raw.fif;amotiv;hard;92;1.0;3.424;6.728;-0.879;3.303
sub-8_raw.fif;amotiv;hard;93;0.0;-0.496;18.174;-2.921;18.67
sub-8_raw.fif;amotiv;hard;94;1.0;-1.24;5.421;-7.798;6.662
sub-8_raw.fif;amotiv;hard;95;1.0;-7.526;9.626;-12.472;17.153
sub-8_raw.fif;amotiv;hard;96;0.0;0.966;12.682;-6.629;11.716
sub-8_raw.fif;amotiv;hard;97;1.0;4.038;-7.353;1.879;-11.391
sub-8_raw.fif;amotiv;hard;98;1.0;-9.762;4.426;-19.398;14.188
sub-8_raw.fif;amotiv;hard;99;1.0;-12.043;-2.188;-15.976;9.855
sub-8_raw.fif;amotiv;hard;100;0.0;5.513;9.012;-3.184;3.499
sub-8_raw.fif;amotiv;hard;101;1.0;0.041;1.601;-2.517;1.56
sub-8_raw.fif;amotiv;hard;102;1.0;3.779;1.551;-1.097;-2.228
sub-8_raw.fif;amotiv;hard;103;0.0;-17.022;7.68;-22.662;24.702
sub-8_raw.fif;amotiv;hard;104;1.0;-13.74;-2.191;-19.638;11.549
sub-8_raw.fif;amotiv;hard;105;1.0;-4.08;11.573;-7.506;15.653
sub-8_raw.fif;amotiv;hard;106;0.0;-9.895;6.126;-13.431;16.021
sub-8_raw.fif;amotiv;hard;107;1.0;-3.608;0.096;-5.668;3.704
sub-8_raw.fif;amotiv;hard;108;1.0;-0.434;5.099;-6.387;5.533
sub-8_raw.fif;amotiv;hard;109;0.0;-5.754;-2.552;-12.706;3.202
sub-8_raw.fif;amotiv;hard;110;1.0;-12.118;2.42;-17.756;14.538
sub-8_raw.fif;amotiv;hard;111;1.0;6.398;3.838;2.847;-2.56
sub-8_raw.fif;amotiv;hard;112;0.0;-9.926;0.297;-18.069;10.223
sub-8_raw.fif;amotiv;hard;113;1.0;-1.983;-7.434;-4.898;-5.451
sub-8_raw.fif;amotiv;hard;114;1.0;-4.574;-5.084;-13.382;-0.51
sub-8_raw.fif;amotiv;hard;115;1.0;-11.794;4.146;-19.869;15.94
sub-8_raw.fif;amotiv;hard;116;1.0;-10.604;-2.971;-14.167;7.633
sub-8_raw.fif;amotiv;hard;117;1.0;-7.412;-0.978;-13.623;6.434
sub-8_raw.fif;amotiv;hard;118;1.0;3.31;-3.875;-0.625;-7.185
sub-8_raw.fif;amotiv;hard;119;1.0;3.705;7.47;1.907;3.765
sub-8_raw.fif;motiv;hard;120;0.0;8.261;13.657;2.813;5.396
sub-8_raw.fif;motiv;hard;121;1.0;-4.015;9.819;-8.718;13.834
sub-8_raw.fif;motiv;hard;122;0.0;7.034;-11.685;3.773;-18.719
sub-8_raw.fif;motiv;hard;123;0.0;-8.158;-8.514;-13.638;-0.356
sub-8_raw.fif;motiv;hard;124;1.0;-0.371;12.495;-2.843;12.867
sub-8_raw.fif;motiv;hard;125;1.0;4.123;-1.302;-2.486;-5.425
sub-8_raw.fif;motiv;hard;126;1.0;-2.576;-1.118;-4.558;1.458
sub-8_raw.fif;motiv;hard;127;0.0;11.67;13.158;4.932;1.488
sub-8_raw.fif;motiv;hard;128;0.0;9.221;12.431;2.699;3.211
sub-8_raw.fif;motiv;hard;129;1.0;-9.505;4.79;-11.515;14.295
sub-8_raw.fif;motiv;hard;130;1.0;3.882;3.853;-2.616;-0.029
sub-8_raw.fif;motiv;hard;131;0.0;5.145;2.864;-0.46;-2.282
sub-8_raw.fif;motiv;hard;132;1.0;9.766;-7.684;4.52;-17.45
sub-8_raw.fif;motiv;hard;133;1.0;-7.212;-1.838;-12.034;5.374
sub-8_raw.fif;motiv;hard;134;1.0;-6.755;4.967;-7.574;11.722
sub-8_raw.fif;motiv;hard;135;1.0;-7.582;4.969;-14.825;12.551
sub-8_raw.fif;motiv;hard;136;1.0;-4.745;10.684;-8.987;15.429
sub-8_raw.fif;motiv;hard;137;1.0;8.689;7.346;2.713;-1.343
sub-8_raw.fif;motiv;hard;138;1.0;0.79;1.738;-4.029;0.949
sub-8_raw.fif;motiv;hard;139;1.0;-10.398;-2.528;-11.806;7.87
sub-8_raw.fif;motiv;hard;140;1.0;-11.936;13.439;-14.745;25.375
sub-8_raw.fif;motiv;hard;141;1.0;-6.096;1.716;-9.933;7.812
sub-8_raw.fif;motiv;hard;142;1.0;-4.045;-1.283;-9.376;2.762
sub-8_raw.fif;motiv;hard;143;0.0;-7.261;6.847;-9.372;14.108
sub-8_raw.fif;motiv;hard;144;1.0;11.846;-1.708;6.253;-13.554
sub-8_raw.fif;motiv;hard;145;1.0;1.805;4.292;-5.277;2.487
sub-8_raw.fif;motiv;hard;146;1.0;-2.151;-0.056;-7.041;2.095
sub-8_raw.fif;motiv;hard;147;1.0;-9.841;-1.321;-12.658;8.52
sub-8_raw.fif;motiv;hard;148;0.0;-11.091;-2.135;-17.057;8.956
sub-8_raw.fif;motiv;hard;149;0.0;-2.047;0.833;-6.282;2.88
sub-8_raw.fif;amotiv;extr;150;1.0;3.684;-4.379;-7.356;-8.063
sub-8_raw.fif;amotiv;extr;151;1.0;-7.17;-0.356;-9.133;6.813
sub-8_raw.fif;amotiv;extr;152;0.0;2.159;9.837;-0.499;7.677
sub-8_raw.fif;amotiv;extr;153;1.0;0.956;9.351;-4.442;8.396
sub-8_raw.fif;amotiv;extr;154;1.0;-6.838;-10.65;-13.222;-3.812
sub-8_raw.fif;amotiv;extr;155;1.0;-9.132;5.458;-11.689;14.59
sub-8_raw.fif;amotiv;extr;156;0.0;-6.098;5.825;-7.997;11.923
sub-8_raw.fif;amotiv;extr;157;1.0;3.969;-4.349;0.445;-8.318
sub-8_raw.fif;amotiv;extr;158;1.0;6.749;8.951;1.162;2.202
sub-8_raw.fif;amotiv;extr;159;1.0;-2.524;-5.784;-4.385;-3.26
sub-8_raw.fif;amotiv;extr;160;1.0;-5.658;-4.093;-7.518;1.565
sub-8_raw.fif;amotiv;extr;161;1.0;8.76;-2.378;1.057;-11.138
sub-8_raw.fif;amotiv;extr;162;1.0;10.618;12.57;5.89;1.952
sub-8_raw.fif;amotiv;extr;163;1.0;-5.252;-4.679;-7.175;0.573
sub-8_raw.fif;amotiv;extr;164;1.0;5.022;1.47;2.011;-3.552
sub-8_raw.fif;amotiv;extr;165;1.0;-0.905;5.912;-6.457;6.817
sub-8_raw.fif;amotiv;extr;166;0.0;-4.018;-16.968;-8.342;-12.95
sub-8_raw.fif;amotiv;extr;167;0.0;5.324;-0.55;-4.927;-5.873
sub-8_raw.fif;amotiv;extr;168;1.0;0.957;2.582;-6.201;1.625
sub-8_raw.fif;amotiv;extr;169;0.0;-6.568;-9.698;-10.255;-3.13
sub-8_raw.fif;amotiv;extr;170;1.0;7.458;9.773;-3.376;2.315
sub-8_raw.fif;amotiv;extr;171;1.0;6.812;2.151;1.973;-4.661
sub-8_raw.fif;amotiv;extr;172;1.0;2.648;-1.738;-5.397;-4.386
sub-8_raw.fif;amotiv;extr;173;0.0;-2.947;-1.282;-10.57;1.665
sub-8_raw.fif;amotiv;extr;174;1.0;-7.351;3.088;-10.752;10.44
sub-8_raw.fif;amotiv;extr;175;1.0;6.257;-3.767;4.118;-10.024
sub-8_raw.fif;amotiv;extr;176;1.0;10.371;-1.872;6.171;-12.243
sub-8_raw.fif;amotiv;extr;177;1.0;10.268;2.4;6.251;-7.868
sub-8_raw.fif;amotiv;extr;178;0.0;1.27;6.294;-4.661;5.024
sub-8_raw.fif;amotiv;extr;179;0.0;6.696;11.917;1.656;5.221
sub-8_raw.fif;motiv;easy;180;0.0;-11.022;-18.444;-16.553;-7.422
sub-8_raw.fif;motiv;easy;181;1.0;3.255;-3.707;1.18;-6.962
sub-8_raw.fif;motiv;easy;182;1.0;13.74;9.355;8.868;-4.386
sub-8_raw.fif;motiv;easy;183;1.0;6.252;-4.043;3.802;-10.296
sub-8_raw.fif;motiv;easy;184;1.0;1.945;-2.584;-0.686;-4.529
sub-8_raw.fif;motiv;easy;185;1.0;-0.942;8.508;-6.408;9.45
sub-8_raw.fif;motiv;easy;186;1.0;-14.02;-2.32;-16.783;11.7
sub-8_raw.fif;motiv;easy;187;1.0;2.357;6.422;-2.57;4.065
sub-8_raw.fif;motiv;easy;188;1.0;-10.98;1.861;-19.49;12.84
sub-8_raw.fif;motiv;easy;189;1.0;10.978;7.439;3.22;-3.539
sub-8_raw.fif;motiv;easy;190;0.0;-18.94;-2.369;-21.578;16.571
sub-8_raw.fif;motiv;easy;191;1.0;4.897;8.235;2.232;3.338
sub-8_raw.fif;motiv;easy;192;1.0;-2.432;12.095;-7.799;14.527
sub-8_raw.fif;motiv;easy;193;1.0;-7.898;-5.86;-13.513;2.038
sub-8_raw.fif;motiv;easy;194;0.0;-4.121;9.787;-9.157;13.907
sub-8_raw.fif;motiv;easy;195;1.0;3.821;-0.957;-0.511;-4.778
sub-8_raw.fif;motiv;easy;196;1.0;2.076;-0.164;-2.07;-2.24
sub-8_raw.fif;motiv;easy;197;1.0;-5.487;13.802;-12.285;19.289
sub-8_raw.fif;motiv;easy;198;1.0;-8.672;-4.927;-13.101;3.745
sub-8_raw.fif;motiv;easy;199;1.0;-0.392;9.229;-2.787;9.621
sub-8_raw.fif;motiv;easy;200;1.0;7.441;7.09;0.746;-0.351
sub-8_raw.fif;motiv;easy;201;1.0;-12.264;9.794;-20.272;22.058
sub-8_raw.fif;motiv;easy;202;1.0;-6.947;7.92;-8.221;14.867
sub-8_raw.fif;motiv;easy;203;0.0;-3.514;15.194;-6.67;18.709
sub-8_raw.fif;motiv;easy;204;1.0;3.652;-1.231;0.66;-4.883
sub-8_raw.fif;motiv;easy;205;1.0;-6.528;-5.021;-9.823;1.508
sub-8_raw.fif;motiv;extr;206;1.0;-7.807;15.807;-10.94;23.614
sub-8_raw.fif;motiv;extr;207;1.0;-10.646;18.325;-17.076;28.972
sub-8_raw.fif;motiv;extr;208;1.0;-3.371;7.056;-8.143;10.427
sub-8_raw.fif;motiv;extr;209;0.0;10.265;10.252;4.261;-0.013
sub-8_raw.fif;motiv;extr;210;1.0;0.703;14.451;-5.353;13.748
sub-8_raw.fif;motiv;extr;211;1.0;3.822;-3.356;0.737;-7.178
sub-8_raw.fif;motiv;extr;212;1.0;-18.035;5.854;-21.295;23.889
sub-8_raw.fif;motiv;extr;213;0.0;-1.978;14.508;-5.68;16.486
sub-8_raw.fif;motiv;extr;214;0.0;-0.11;-6.584;-11.647;-6.473
sub-8_raw.fif;motiv;extr;215;1.0;-3.544;6.766;-14.941;10.309
sub-8_raw.fif;motiv;extr;216;1.0;-8.01;7.309;-15.04;15.319
sub-8_raw.fif;motiv;extr;217;1.0;-9.505;5.793;-14.324;15.299
sub-8_raw.fif;motiv;extr;218;1.0;0.199;4.151;-2.748;3.952
sub-8_raw.fif;motiv;extr;219;1.0;10.645;15.031;5.396;4.386
sub-8_raw.fif;motiv;extr;220;1.0;-3.866;2.496;-11.054;6.362
sub-8_raw.fif;motiv;extr;221;1.0;-9.737;-0.797;-15.453;8.94
sub-8_raw.fif;motiv;extr;222;1.0;-2.877;5.526;-5.534;8.403
sub-8_raw.fif;motiv;extr;223;1.0;-5.391;1.429;-10.629;6.821
sub-8_raw.fif;motiv;extr;224;1.0;6.702;1.365;3.59;-5.337
sub-8_raw.fif;motiv;extr;225;1.0;-6.046;9.03;-10.231;15.076
sub-8_raw.fif;motiv;extr;226;1.0;-11.961;2.557;-19.221;14.518
sub-8_raw.fif;motiv;extr;227;0.0;-1.305;4.369;-4.718;5.674
sub-8_raw.fif;motiv;extr;228;1.0;-2.92;1.886;-9.68;4.806
sub-8_raw.fif;motiv;extr;229;1.0;-10.605;-3.429;-15.682;7.175
sub-8_raw.fif;motiv;extr;230;1.0;5.123;5.178;-0.838;0.055
sub-8_raw.fif;motiv;extr;231;1.0;2.566;1.606;0.396;-0.96
sub-8_raw.fif;amotiv;easy;232;1.0;-1.241;2.07;-3.765;3.311
sub-8_raw.fif;amotiv;easy;233;1.0;-13.525;0.663;-18.255;14.188
sub-8_raw.fif;amotiv;easy;234;1.0;-3.684;-0.764;-7.096;2.92
sub-8_raw.fif;amotiv;easy;235;0.0;-2.873;6.488;-7.334;9.361
sub-8_raw.fif;amotiv;easy;236;1.0;6.075;5.482;2.074;-0.592
sub-8_raw.fif;amotiv;easy;237;1.0;-13.244;4.442;-25.067;17.686
sub-8_raw.fif;amotiv;easy;238;0.0;-1.02;5.583;-4.611;6.602
sub-8_raw.fif;amotiv;easy;239;1.0;-3.701;7.228;-7.645;10.928
sub-8_raw.fif;amotiv;easy;240;0.0;2.362;5.171;-4.801;2.809
sub-8_raw.fif;amotiv;easy;241;0.0;-12.308;5.62;-15.718;17.928
sub-8_raw.fif;amotiv;easy;242;1.0;-13.896;13.804;-17.171;27.7
sub-8_raw.fif;amotiv;easy;243;1.0;-6.738;-9.971;-9.881;-3.234
sub-8_raw.fif;amotiv;easy;244;0.0;-1.692;0.683;-5.344;2.375
sub-8_raw.fif;amotiv;easy;245;1.0;-11.432;6.385;-15.538;17.817
sub-8_raw.fif;amotiv;easy;246;1.0;-8.355;7.54;-14.515;15.896
sub-8_raw.fif;amotiv;easy;247;1.0;-14.125;6.873;-18.135;20.998
sub-8_raw.fif;amotiv;easy;248;1.0;-10.466;-0.214;-12.161;10.252
sub-8_raw.fif;amotiv;easy;249;1.0;5.269;-3.046;1.771;-8.315
sub-8_raw.fif;amotiv;easy;250;1.0;1.313;-8.438;-2.052;-9.752
sub-8_raw.fif;amotiv;easy;251;1.0;-6.405;5.869;-11.318;12.275
sub-8_raw.fif;amotiv;easy;252;0.0;-5.885;-6.57;-10.675;-0.685
sub-8_raw.fif;amotiv;easy;253;1.0;-4.852;-3.944;-9.568;0.908
sub-8_raw.fif;amotiv;easy;254;1.0;6.777;-12.692;-0.04;-19.469
sub-8_raw.fif;amotiv;easy;255;0.0;-0.741;25.802;-6.766;26.542
sub-8_raw.fif;amotiv;easy;256;1.0;3.65;5.072;-1.881;1.422
sub-8_raw.fif;amotiv;easy;257;1.0;-7.745;4.505;-10.053;12.25
sub-8_raw.fif;amotiv;hard;258;0.0;9.34;18.153;-0.505;8.813
sub-8_raw.fif;amotiv;hard;259;1.0;-2.131;-5.179;-6.936;-3.048
sub-8_raw.fif;amotiv;hard;260;1.0;-7.326;2.806;-11.831;10.133
sub-8_raw.fif;amotiv;hard;261;0.0;17.513;15.365;15.703;-2.148
sub-8_raw.fif;amotiv;hard;262;1.0;-4.218;-1.452;-6.76;2.766
sub-8_raw.fif;amotiv;hard;263;1.0;4.592;4.928;0.059;0.336
sub-8_raw.fif;amotiv;hard;264;1.0;-3.046;-4.793;-7.598;-1.747
sub-8_raw.fif;amotiv;hard;265;0.0;-27.438;-12.53;-34.351;14.908
sub-8_raw.fif;amotiv;hard;266;1.0;1.28;4.32;-8.733;3.04
sub-8_raw.fif;amotiv;hard;267;1.0;3.15;9.13;-0.794;5.98
sub-8_raw.fif;amotiv;hard;268;1.0;-2.736;4.824;-5.018;7.561
sub-8_raw.fif;amotiv;hard;269;1.0;1.791;9.622;-2.031;7.832
sub-8_raw.fif;amotiv;hard;270;1.0;-10.616;-2.755;-13.19;7.861
sub-8_raw.fif;amotiv;hard;271;0.0;-11.845;-0.648;-13.467;11.197
sub-8_raw.fif;amotiv;hard;272;1.0;-4.603;7.731;-9.708;12.334
sub-8_raw.fif;amotiv;hard;273;0.0;16.767;8.905;8.162;-7.862
sub-8_raw.fif;amotiv;hard;274;0.0;-1.235;18.781;-5.283;20.016
sub-8_raw.fif;amotiv;hard;275;1.0;-12.6;12.664;-15.195;25.265
sub-8_raw.fif;amotiv;hard;276;1.0;-13.008;-7.334;-18.51;5.674
sub-8_raw.fif;amotiv;hard;277;1.0;4.381;12.675;2.582;8.293
sub-8_raw.fif;amotiv;hard;278;1.0;-6.732;-4.084;-9.381;2.648
sub-8_raw.fif;amotiv;hard;279;0.0;-15.733;-6.729;-18.626;9.004
sub-8_raw.fif;amotiv;hard;280;0.0;0.754;0.337;-1.842;-0.418
sub-8_raw.fif;amotiv;hard;281;0.0;-13.561;-11.326;-20.944;2.235
sub-8_raw.fif;amotiv;hard;282;1.0;-11.39;-4.552;-12.559;6.838
sub-8_raw.fif;amotiv;hard;283;1.0;4.792;1.817;0.437;-2.975
sub-8_raw.fif;motiv;hard;284;0.0;-12.179;-4.333;-16.501;7.846
sub-8_raw.fif;motiv;hard;285;0.0;0.74;13.502;-2.066;12.762
sub-8_raw.fif;motiv;hard;286;1.0;-1.961;16.66;-8.962;18.621
sub-8_raw.fif;motiv;hard;287;1.0;-10.322;8.9;-19.504;19.222
sub-8_raw.fif;motiv;hard;288;0.0;-7.224;1.414;-17.018;8.638
sub-8_raw.fif;motiv;hard;289;1.0;-9.275;8.292;-14.468;17.568
sub-8_raw.fif;motiv;hard;290;1.0;-10.195;4.02;-11.418;14.215
sub-8_raw.fif;motiv;hard;291;0.0;7.144;10.323;2.885;3.179
sub-8_raw.fif;motiv;hard;292;0.0;-6.045;-12.87;-13.756;-6.825
sub-8_raw.fif;motiv;hard;293;1.0;3.528;10.824;1.416;7.296
sub-8_raw.fif;motiv;hard;294;0.0;-8.292;7.353;-12.012;15.645
sub-8_raw.fif;motiv;hard;295;1.0;-3.596;2.651;-7.068;6.247
sub-8_raw.fif;motiv;hard;296;0.0;-16.361;-5.76;-17.985;10.601
sub-8_raw.fif;motiv;hard;297;1.0;-0.733;4.503;-2.045;5.237
sub-8_raw.fif;motiv;hard;298;0.0;4.208;21.611;-0.765;17.403
sub-8_raw.fif;motiv;hard;299;1.0;-1.833;-3.333;-3.817;-1.5
sub-8_raw.fif;motiv;hard;300;1.0;6.662;16.089;4.426;9.427
sub-8_raw.fif;motiv;hard;301;1.0;2.818;7.331;0.703;4.513
sub-8_raw.fif;motiv;hard;302;1.0;-8.807;-3.604;-12.249;5.203
sub-8_raw.fif;motiv;hard;303;1.0;-7.052;9.918;-12.83;16.97
sub-8_raw.fif;motiv;hard;304;0.0;8.785;13.525;3.414;4.739
sub-8_raw.fif;motiv;hard;305;1.0;-1.446;5.206;-2.313;6.653
sub-8_raw.fif;motiv;hard;306;1.0;-7.562;4.635;-16.623;12.198
sub-8_raw.fif;motiv;hard;307;0.0;-13.96;-2.666;-15.503;11.294
sub-8_raw.fif;motiv;hard;308;1.0;-4.595;-3.683;-12.03;0.912
sub-8_raw.fif;motiv;hard;309;1.0;6.28;-10.046;4.224;-16.326
sub-8_raw.fif;amotiv;extr;310;1.0;-4.013;6.523;-10.014;10.536
sub-8_raw.fif;amotiv;extr;311;1.0;-9.881;1.646;-12.633;11.527
sub-8_raw.fif;amotiv;extr;312;1.0;12.644;-3.152;9.118;-15.796
sub-8_raw.fif;amotiv;extr;313;1.0;1.963;-14.513;-1.628;-16.476
sub-8_raw.fif;amotiv;extr;314;1.0;-10.149;-6.525;-13.441;3.624
sub-8_raw.fif;amotiv;extr;315;1.0;-7.557;15.198;-12.168;22.755
sub-8_raw.fif;amotiv;extr;316;0.0;9.587;17.5;1.51;7.913
sub-8_raw.fif;amotiv;extr;317;0.0;1.5;-7.094;-4.3;-8.595
sub-8_raw.fif;amotiv;extr;318;1.0;-9.208;-11.283;-11.964;-2.075
sub-8_raw.fif;amotiv;extr;319;1.0;5.143;-1.475;-1.548;-6.618
sub-8_raw.fif;amotiv;extr;320;1.0;-1.993;6.256;-6.121;8.249
sub-8_raw.fif;amotiv;extr;321;1.0;-6.657;4.852;-15.582;11.509
sub-8_raw.fif;amotiv;extr;322;1.0;-6.706;15.954;-13.268;22.66
sub-8_raw.fif;amotiv;extr;323;0.0;3.059;3.695;1.505;0.636
sub-8_raw.fif;amotiv;extr;324;1.0;2.42;18.112;-0.419;15.692
sub-8_raw.fif;amotiv;extr;325;0.0;-1.625;-0.031;-4.534;1.594
sub-8_raw.fif;amotiv;extr;326;1.0;9.499;-1.001;1.909;-10.5
sub-8_raw.fif;amotiv;extr;327;0.0;3.926;-0.288;-0.542;-4.215
sub-8_raw.fif;amotiv;extr;328;1.0;-5.694;11.012;-10.479;16.706
sub-8_raw.fif;amotiv;extr;329;1.0;-3.154;-3.044;-6.258;0.109
sub-8_raw.fif;amotiv;extr;330;1.0;9.978;3.408;7.911;-6.57
sub-8_raw.fif;amotiv;extr;331;1.0;-1.019;2.347;-3.311;3.366
sub-8_raw.fif;amotiv;extr;332;1.0;-4.139;0.296;-5.43;4.435
sub-8_raw.fif;amotiv;extr;333;1.0;-1.498;-7.994;-4.778;-6.496
sub-8_raw.fif;amotiv;extr;334;1.0;-1.584;4.464;-9.133;6.047
sub-8_raw.fif;amotiv;extr;335;1.0;-6.853;-3.841;-12.367;3.012
sub-9_raw.fif;amotiv;hard;0;0.0;26.419;30.272;18.26;3.853
sub-9_raw.fif;amotiv;hard;1;1.0;-5.2;8.359;-8.862;13.559
sub-9_raw.fif;amotiv;hard;2;1.0;-3.815;-1.659;-5.992;2.157
sub-9_raw.fif;amotiv;hard;3;1.0;1.03;5.491;-9.167;4.461
sub-9_raw.fif;amotiv;hard;4;1.0;-3.378;9.318;-12.886;12.696
sub-9_raw.fif;amotiv;hard;5;1.0;5.569;4.9;2.86;-0.668
sub-9_raw.fif;amotiv;hard;6;1.0;-21.788;17.207;-23.848;38.995
sub-9_raw.fif;amotiv;hard;7;1.0;-0.134;1.649;-9.513;1.783
sub-9_raw.fif;amotiv;hard;8;1.0;4.276;0.787;-2.88;-3.489
sub-9_raw.fif;amotiv;hard;9;1.0;4.509;0.787;-0.701;-3.722
sub-9_raw.fif;amotiv;hard;10;1.0;-3.026;19.383;-14.699;22.41
sub-9_raw.fif;amotiv;hard;11;1.0;-4.363;5.927;-8.262;10.29
sub-9_raw.fif;amotiv;hard;12;1.0;-2.618;4.577;-6.327;7.195
sub-9_raw.fif;amotiv;hard;13;1.0;-3.026;12.278;-11.097;15.305
sub-9_raw.fif;amotiv;hard;14;0.0;-8.128;5.32;-16.924;13.448
sub-9_raw.fif;amotiv;hard;15;1.0;-15.976;14.011;-22.299;29.987
sub-9_raw.fif;amotiv;hard;16;1.0;4.026;-2.424;-5.594;-6.45
sub-9_raw.fif;amotiv;hard;17;1.0;-9.119;0.526;-14.51;9.644
sub-9_raw.fif;amotiv;hard;18;1.0;-11.712;-0.925;-31.289;10.787
sub-9_raw.fif;amotiv;hard;19;1.0;-0.96;7.776;-6.375;8.736
sub-9_raw.fif;amotiv;hard;20;1.0;0.721;9.636;-0.807;8.915
sub-9_raw.fif;amotiv;hard;21;1.0;-0.742;-3.583;-6.016;-2.842
sub-9_raw.fif;amotiv;hard;22;1.0;0.62;4.748;-5.817;4.128
sub-9_raw.fif;amotiv;hard;23;1.0;-2.453;1.754;-8.528;4.207
sub-9_raw.fif;amotiv;hard;24;1.0;-5.5;1.286;-11.844;6.786
sub-9_raw.fif;amotiv;hard;25;1.0;-6.335;11.519;-9.475;17.855
sub-9_raw.fif;motiv;hard;26;1.0;-0.171;2.81;-2.946;2.981
sub-9_raw.fif;motiv;hard;27;0.0;1.439;-10.726;-5.588;-12.164
sub-9_raw.fif;motiv;hard;28;1.0;0.087;-6.108;-6.768;-6.195
sub-9_raw.fif;motiv;hard;29;1.0;-5.822;9.32;-13.42;15.143
sub-9_raw.fif;motiv;hard;30;1.0;-6.623;-9.098;-11.831;-2.475
sub-9_raw.fif;motiv;hard;31;0.0;3.267;9.992;-6.164;6.725
sub-9_raw.fif;motiv;hard;32;1.0;-12.006;2.594;-17.3;14.6
sub-9_raw.fif;motiv;hard;33;1.0;-15.344;-3.788;-25.007;11.556
sub-9_raw.fif;motiv;hard;34;1.0;0.346;-3.524;-2.344;-3.87
sub-9_raw.fif;motiv;hard;35;0.0;-6.478;-18.137;-13.954;-11.659
sub-9_raw.fif;motiv;hard;36;1.0;-0.551;5.577;-6.068;6.128
sub-9_raw.fif;motiv;hard;37;1.0;2.615;0.031;-7.079;-2.583
sub-9_raw.fif;motiv;hard;38;1.0;-19.549;7.506;-23.885;27.055
sub-9_raw.fif;motiv;hard;39;1.0;6.419;7.328;1.084;0.91
sub-9_raw.fif;motiv;hard;40;1.0;9.808;-0.991;5.807;-10.799
sub-9_raw.fif;motiv;hard;41;1.0;-2.211;7.15;-9.735;9.362
sub-9_raw.fif;motiv;hard;42;1.0;1.756;-0.072;-3.942;-1.828
sub-9_raw.fif;motiv;hard;43;1.0;10.272;-7.521;5.516;-17.793
sub-9_raw.fif;motiv;hard;44;1.0;13.265;-0.203;3.091;-13.469
sub-9_raw.fif;motiv;hard;45;1.0;-3.565;2.959;-7.925;6.523
sub-9_raw.fif;motiv;hard;46;1.0;-16.649;-0.723;-21.355;15.926
sub-9_raw.fif;motiv;hard;47;1.0;-4.43;-1.808;-9.531;2.622
sub-9_raw.fif;motiv;hard;48;0.0;-2.618;18.569;-7.39;21.186
sub-9_raw.fif;motiv;hard;49;1.0;-6.008;16.734;-8.773;22.742
sub-9_raw.fif;motiv;hard;50;1.0;2.153;11.012;-5.476;8.859
sub-9_raw.fif;motiv;hard;51;1.0;-5.423;-1.49;-11.426;3.933
sub-9_raw.fif;amotiv;easy;52;0.0;-8.599;1.726;-18.598;10.326
sub-9_raw.fif;amotiv;easy;53;1.0;6.868;0.997;-0.802;-5.871
sub-9_raw.fif;amotiv;easy;54;1.0;17.963;-2.986;14.971;-20.949
sub-9_raw.fif;amotiv;easy;55;0.0;-15.035;-5.756;-17.499;9.28
sub-9_raw.fif;amotiv;easy;56;0.0;-12.523;-8.191;-20.213;4.333
sub-9_raw.fif;amotiv;easy;57;0.0;-32.797;-8.127;-39.645;24.669
sub-9_raw.fif;amotiv;easy;58;0.0;-12.938;-7.087;-19.929;5.851
sub-9_raw.fif;amotiv;easy;59;1.0;-1.129;-1.537;-10.143;-0.407
sub-9_raw.fif;amotiv;easy;60;1.0;4.938;-1.002;-2.54;-5.941
sub-9_raw.fif;amotiv;easy;61;1.0;-0.108;6.493;-6.875;6.601
sub-9_raw.fif;amotiv;easy;62;1.0;-6.809;-2.567;-14.143;4.242
sub-9_raw.fif;amotiv;easy;63;1.0;-20.735;3.27;-25.022;24.005
sub-9_raw.fif;amotiv;easy;64;1.0;-4.043;-0.378;-16.153;3.665
sub-9_raw.fif;amotiv;easy;65;1.0;0.99;-2.173;-3.11;-3.163
sub-9_raw.fif;amotiv;easy;66;1.0;-6.896;-0.952;-15.766;5.944
sub-9_raw.fif;amotiv;easy;67;1.0;-11.666;3.674;-16.781;15.34
sub-9_raw.fif;amotiv;easy;68;1.0;4.026;-3.358;0.517;-7.384
sub-9_raw.fif;amotiv;easy;69;1.0;-1.39;3.777;-5.347;5.167
sub-9_raw.fif;amotiv;easy;70;0.0;3.536;-0.838;-0.031;-4.374
sub-9_raw.fif;amotiv;easy;71;1.0;4.037;-3.108;0.356;-7.145
sub-9_raw.fif;amotiv;easy;72;0.0;-4.366;9.318;-17.079;13.684
sub-9_raw.fif;amotiv;easy;73;1.0;-4.709;2.131;-11.508;6.841
sub-9_raw.fif;amotiv;easy;74;1.0;-13.871;9.656;-17.759;23.528
sub-9_raw.fif;amotiv;easy;75;1.0;1.677;-4.815;-6.608;-6.493
sub-9_raw.fif;amotiv;easy;76;1.0;-16.668;8.132;-18.062;24.8
sub-9_raw.fif;amotiv;easy;77;1.0;-11.741;7.665;-14.678;19.407
sub-9_raw.fif;motiv;easy;78;1.0;0.106;2.803;-2.538;2.697
sub-9_raw.fif;motiv;easy;79;1.0;-8.37;8.388;-10.789;16.758
sub-9_raw.fif;motiv;easy;80;1.0;-4.105;-4.547;-14.126;-0.442
sub-9_raw.fif;motiv;easy;81;1.0;0.686;-1.768;-4.031;-2.454
sub-9_raw.fif;motiv;easy;82;1.0;14.029;-3.02;8.607;-17.049
sub-9_raw.fif;motiv;easy;83;1.0;-3.611;2.875;-8.45;6.486
sub-9_raw.fif;motiv;easy;84;1.0;5.187;9.415;0.217;4.227
sub-9_raw.fif;motiv;easy;85;1.0;-17.669;2.857;-26.304;20.527
sub-9_raw.fif;motiv;easy;86;0.0;10.741;18.098;6.036;7.357
sub-9_raw.fif;motiv;easy;87;1.0;-2.008;-6.802;-9.597;-4.794
sub-9_raw.fif;motiv;easy;88;1.0;2.487;1.835;-2.562;-0.652
sub-9_raw.fif;motiv;easy;89;0.0;12.401;12.262;-1.142;-0.138
sub-9_raw.fif;motiv;easy;90;1.0;1.817;2.839;-0.923;1.022
sub-9_raw.fif;motiv;easy;91;1.0;-5.772;8.307;-14.093;14.08
sub-9_raw.fif;motiv;easy;92;1.0;1.366;-0.485;-3.596;-1.851
sub-9_raw.fif;motiv;easy;93;1.0;-6.974;-0.969;-13.959;6.005
sub-9_raw.fif;motiv;easy;94;0.0;-8.626;-10.005;-16.122;-1.379
sub-9_raw.fif;motiv;easy;95;0.0;-9.208;-2.791;-14.712;6.417
sub-9_raw.fif;motiv;easy;96;1.0;6.238;3.628;-3.059;-2.609
sub-9_raw.fif;motiv;easy;97;1.0;8.994;1.676;-0.67;-7.319
sub-9_raw.fif;motiv;easy;98;0.0;3.77;-1.111;-0.245;-4.881
sub-9_raw.fif;motiv;easy;99;1.0;-2.903;1.738;-6.594;4.642
sub-9_raw.fif;motiv;easy;100;1.0;-12.624;-7.784;-23.106;4.84
sub-9_raw.fif;motiv;easy;101;1.0;6.905;2.936;2.747;-3.97
sub-9_raw.fif;motiv;easy;102;0.0;-10.32;23.101;-19.532;33.421
sub-9_raw.fif;motiv;easy;103;1.0;0.584;-1.023;-10.617;-1.607
sub-9_raw.fif;amotiv;extr;104;1.0;-3.492;16.782;-10.179;20.274
sub-9_raw.fif;amotiv;extr;105;1.0;-11.018;6.152;-14.228;17.17
sub-9_raw.fif;amotiv;extr;106;1.0;-7.542;2.992;-12.032;10.534
sub-9_raw.fif;amotiv;extr;107;0.0;2.161;5.726;-2.273;3.565
sub-9_raw.fif;amotiv;extr;108;1.0;-1.334;5.915;-4.461;7.249
sub-9_raw.fif;amotiv;extr;109;1.0;-12.276;3.513;-17.285;15.789
sub-9_raw.fif;amotiv;extr;110;0.0;3.504;13.573;-2.047;10.068
sub-9_raw.fif;amotiv;extr;111;1.0;6.449;2.15;1.127;-4.299
sub-9_raw.fif;amotiv;extr;112;1.0;-5.096;-8.072;-10.567;-2.976
sub-9_raw.fif;amotiv;extr;113;1.0;-10.971;8.342;-16.588;19.313
sub-9_raw.fif;amotiv;extr;114;0.0;-40.231;0.695;-58.933;40.926
sub-9_raw.fif;amotiv;extr;115;1.0;-0.068;-6.984;-3.452;-6.915
sub-9_raw.fif;amotiv;extr;116;1.0;4.54;-1.231;-2.653;-5.771
sub-9_raw.fif;amotiv;extr;117;1.0;-0.281;8.333;-3.183;8.613
sub-9_raw.fif;amotiv;extr;118;0.0;-12.851;-6.492;-16.9;6.359
sub-9_raw.fif;amotiv;extr;119;1.0;-2.845;-5.35;-7.301;-2.505
sub-9_raw.fif;amotiv;extr;120;1.0;6.905;-1.64;2.093;-8.545
sub-9_raw.fif;amotiv;extr;121;1.0;1.145;-2.375;-4.934;-3.52
sub-9_raw.fif;amotiv;extr;122;1.0;-3.345;-7.379;-10.839;-4.035
sub-9_raw.fif;amotiv;extr;123;1.0;0.514;8.445;-7.628;7.931
sub-9_raw.fif;amotiv;extr;124;1.0;-1.915;1.347;-9.197;3.262
sub-9_raw.fif;amotiv;extr;125;1.0;9.455;6.185;2.115;-3.27
sub-9_raw.fif;amotiv;extr;126;1.0;0.557;-8.409;-9.971;-8.966
sub-9_raw.fif;amotiv;extr;127;1.0;-12.015;6.552;-17.227;18.566
sub-9_raw.fif;amotiv;extr;128;1.0;10.743;5.042;7.11;-5.701
sub-9_raw.fif;amotiv;extr;129;1.0;-5.098;14.154;-8.778;19.252
sub-9_raw.fif;motiv;extr;130;0.0;13.595;15.643;-1.637;2.047
sub-9_raw.fif;motiv;extr;131;1.0;6.421;-1.797;-0.816;-8.218
sub-9_raw.fif;motiv;extr;132;1.0;2.698;-9.429;-2.037;-12.127
sub-9_raw.fif;motiv;extr;133;1.0;-10.988;-3.638;-14.832;7.35
sub-9_raw.fif;motiv;extr;134;0.0;5.061;-1.187;-1.531;-6.248
sub-9_raw.fif;motiv;extr;135;1.0;2.904;-5.169;-1.046;-8.073
sub-9_raw.fif;motiv;extr;136;1.0;-2.82;6.716;-5.446;9.536
sub-9_raw.fif;motiv;extr;137;1.0;-14.287;6.931;-23.212;21.218
sub-9_raw.fif;motiv;extr;138;1.0;3.259;10.689;-8.268;7.43
sub-9_raw.fif;motiv;extr;139;0.0;2.17;-10.285;-6.727;-12.455
sub-9_raw.fif;motiv;extr;140;0.0;4.176;4.396;0.752;0.219
sub-9_raw.fif;motiv;extr;141;1.0;-3.92;4.745;-13.476;8.666
sub-9_raw.fif;motiv;extr;142;1.0;-3.524;0.11;-6.886;3.635
sub-9_raw.fif;motiv;extr;143;1.0;2.26;6.455;-8.196;4.195
sub-9_raw.fif;motiv;extr;144;1.0;-4.609;10.001;-9.877;14.61
sub-9_raw.fif;motiv;extr;145;1.0;-4.955;5.31;-9.678;10.265
sub-9_raw.fif;motiv;extr;146;1.0;3.454;2.048;-1.288;-1.406
sub-9_raw.fif;motiv;extr;147;1.0;-2.159;0.472;-7.814;2.631
sub-9_raw.fif;motiv;extr;148;1.0;1.7;7.514;-5.92;5.814
sub-9_raw.fif;motiv;extr;149;0.0;-15.308;-4.684;-22.328;10.623
sub-9_raw.fif;motiv;extr;150;1.0;-8.237;-2.778;-13.221;5.46
sub-9_raw.fif;motiv;extr;151;1.0;-7.511;8.071;-13.271;15.582
sub-9_raw.fif;motiv;extr;152;1.0;-14.987;1.35;-18.308;16.337
sub-9_raw.fif;motiv;extr;153;1.0;6.942;1.344;-0.966;-5.598
sub-9_raw.fif;motiv;extr;154;1.0;5.741;-4.128;-3.04;-9.87
sub-9_raw.fif;motiv;extr;155;1.0;1.562;-2.382;-1.667;-3.943
sub-9_raw.fif;amotiv;hard;156;1.0;-1.157;9.274;-4.494;10.431
sub-9_raw.fif;amotiv;hard;157;1.0;-9.63;8.701;-14.463;18.332
sub-9_raw.fif;amotiv;hard;158;1.0;0.446;-5.173;-6.835;-5.619
sub-9_raw.fif;amotiv;hard;159;1.0;-11.514;4.076;-13.754;15.59
sub-9_raw.fif;amotiv;hard;160;0.0;9.078;9.8;4.697;0.722
sub-9_raw.fif;amotiv;hard;161;0.0;-15.575;-9.99;-18.057;5.586
sub-9_raw.fif;amotiv;hard;162;1.0;-1.217;-12.09;-9.87;-10.873
sub-9_raw.fif;amotiv;hard;163;0.0;-4.563;-6.406;-8.593;-1.843
sub-9_raw.fif;amotiv;hard;164;1.0;-2.102;10.306;-7.002;12.407
sub-9_raw.fif;amotiv;hard;165;1.0;12.439;0.242;7.182;-12.197
sub-9_raw.fif;amotiv;hard;166;0.0;1.171;13.801;-6.7;12.629
sub-9_raw.fif;amotiv;hard;167;0.0;-16.324;-7.596;-21.557;8.728
sub-9_raw.fif;amotiv;hard;168;1.0;-8.497;5.371;-10.05;13.868
sub-9_raw.fif;amotiv;hard;169;0.0;13.888;6.65;8.136;-7.238
sub-9_raw.fif;amotiv;hard;170;1.0;-0.89;-1.521;-4.734;-0.631
sub-9_raw.fif;amotiv;hard;171;1.0;-0.449;-6.283;-5.684;-5.834
sub-9_raw.fif;amotiv;hard;172;1.0;-13.559;9.663;-19.422;23.221
sub-9_raw.fif;amotiv;hard;173;0.0;-9.73;-7.404;-12.799;2.326
sub-9_raw.fif;amotiv;hard;174;1.0;-4.04;8.976;-8.167;13.016
sub-9_raw.fif;amotiv;hard;175;1.0;-8.34;-2.33;-10.916;6.01
sub-9_raw.fif;amotiv;hard;176;1.0;-12.487;-4.368;-18.202;8.12
sub-9_raw.fif;amotiv;hard;177;0.0;-1.534;-14.925;-10.967;-13.391
sub-9_raw.fif;amotiv;hard;178;1.0;0.766;-3.516;-6.82;-4.282
sub-9_raw.fif;amotiv;hard;179;1.0;-12.617;-4.272;-18.036;8.345
sub-9_raw.fif;amotiv;hard;180;1.0;3.579;6.66;-14.03;3.081
sub-9_raw.fif;amotiv;hard;181;1.0;-3.772;2.424;-8.917;6.195
sub-9_raw.fif;amotiv;hard;182;1.0;-3.315;10.827;-12.056;14.143
sub-9_raw.fif;amotiv;hard;183;1.0;-19.269;10.964;-24.958;30.233
sub-9_raw.fif;amotiv;hard;184;0.0;-27.06;0.636;-37.906;27.697
sub-9_raw.fif;amotiv;hard;185;1.0;2.103;-8.26;0.688;-10.363
sub-9_raw.fif;motiv;hard;186;1.0;-17.605;-0.106;-24.321;17.499
sub-9_raw.fif;motiv;hard;187;1.0;-9.075;0.062;-10.391;9.137
sub-9_raw.fif;motiv;hard;188;1.0;-17.099;4.99;-21.673;22.089
sub-9_raw.fif;motiv;hard;189;1.0;-0.014;10.446;-6.48;10.459
sub-9_raw.fif;motiv;hard;190;1.0;-3.482;3.033;-9.546;6.516
sub-9_raw.fif;motiv;hard;191;0.0;11.676;6.725;8.062;-4.951
sub-9_raw.fif;motiv;hard;192;1.0;-3.393;-6.564;-6.706;-3.171
sub-9_raw.fif;motiv;hard;193;1.0;-0.117;1.992;-5.091;2.11
sub-9_raw.fif;motiv;hard;194;1.0;-13.208;3.107;-17.141;16.315
sub-9_raw.fif;motiv;hard;195;1.0;1.278;5.393;-7.449;4.115
sub-9_raw.fif;motiv;hard;196;1.0;-8.672;11.019;-12.177;19.691
sub-9_raw.fif;motiv;hard;197;0.0;-7.84;-10.811;-13.148;-2.971
sub-9_raw.fif;motiv;hard;198;0.0;0.106;5.514;-4.781;5.408
sub-9_raw.fif;motiv;hard;199;1.0;12.041;10.562;7.897;-1.479
sub-9_raw.fif;motiv;hard;200;1.0;1.012;3.542;-2.129;2.53
sub-9_raw.fif;motiv;hard;201;1.0;-12.953;13.047;-16.651;26.0
sub-9_raw.fif;motiv;hard;202;0.0;10.571;1.754;2.858;-8.817
sub-9_raw.fif;motiv;hard;203;1.0;7.024;1.315;4.035;-5.709
sub-9_raw.fif;motiv;hard;204;0.0;2.855;15.339;-2.647;12.483
sub-9_raw.fif;motiv;hard;205;1.0;-22.582;14.229;-29.645;36.811
sub-9_raw.fif;motiv;hard;206;1.0;2.902;-0.444;-5.972;-3.346
sub-9_raw.fif;motiv;hard;207;1.0;1.84;4.35;-5.588;2.51
sub-9_raw.fif;motiv;hard;208;1.0;-19.81;7.161;-23.941;26.971
sub-9_raw.fif;motiv;hard;209;0.0;8.595;19.444;5.196;10.849
sub-9_raw.fif;motiv;hard;210;1.0;-13.742;2.249;-18.387;15.991
sub-9_raw.fif;motiv;hard;211;1.0;7.73;4.518;-2.104;-3.213
sub-9_raw.fif;motiv;hard;212;1.0;3.32;-0.457;-4.291;-3.777
sub-9_raw.fif;motiv;hard;213;1.0;3.312;-5.329;-1.506;-8.641
sub-9_raw.fif;motiv;hard;214;1.0;5.412;-0.452;-0.199;-5.864
sub-9_raw.fif;motiv;hard;215;0.0;1.194;-10.502;-5.374;-11.695
sub-9_raw.fif;amotiv;easy;216;1.0;-4.149;0.681;-9.822;4.83
sub-9_raw.fif;amotiv;easy;217;1.0;-1.826;6.574;-6.968;8.4
sub-9_raw.fif;amotiv;easy;218;1.0;-3.008;9.862;-10.509;12.87
sub-9_raw.fif;amotiv;easy;219;1.0;12.714;3.789;9.665;-8.925
sub-9_raw.fif;amotiv;easy;220;1.0;-8.314;1.706;-11.493;10.021
sub-9_raw.fif;amotiv;easy;221;0.0;-3.691;-13.382;-9.911;-9.691
sub-9_raw.fif;amotiv;easy;222;0.0;-6.562;-1.278;-8.735;5.284
sub-9_raw.fif;amotiv;easy;223;1.0;-11.377;-1.847;-16.3;9.53
sub-9_raw.fif;amotiv;easy;224;1.0;-11.219;-2.295;-15.036;8.925
sub-9_raw.fif;amotiv;easy;225;1.0;-5.663;2.569;-8.858;8.232
sub-9_raw.fif;amotiv;easy;226;1.0;1.245;-0.301;-5.999;-1.546
sub-9_raw.fif;amotiv;easy;227;0.0;-8.291;0.009;-15.818;8.3
sub-9_raw.fif;amotiv;easy;228;0.0;-0.72;16.922;-3.75;17.642
sub-9_raw.fif;amotiv;easy;229;1.0;-11.061;5.618;-17.331;16.678
sub-9_raw.fif;amotiv;easy;230;1.0;2.78;-5.86;-1.426;-8.639
sub-9_raw.fif;amotiv;easy;231;1.0;2.687;-0.104;-1.133;-2.792
sub-9_raw.fif;amotiv;easy;232;0.0;-16.225;-1.194;-24.232;15.032
sub-9_raw.fif;amotiv;easy;233;1.0;-0.742;-2.463;-6.503;-1.721
sub-9_raw.fif;amotiv;easy;234;1.0;14.727;-3.394;11.817;-18.121
sub-9_raw.fif;amotiv;easy;235;1.0;0.129;0.287;-2.402;0.159
sub-9_raw.fif;amotiv;easy;236;1.0;2.032;-16.501;-5.693;-18.533
sub-9_raw.fif;amotiv;easy;237;0.0;19.969;-0.7;13.39;-20.669
sub-9_raw.fif;amotiv;easy;238;1.0;-10.646;-1.933;-16.19;8.713
sub-9_raw.fif;amotiv;easy;239;1.0;1.294;4.005;-3.033;2.711
sub-9_raw.fif;amotiv;easy;240;1.0;-4.068;4.861;-9.52;8.929
sub-9_raw.fif;amotiv;easy;241;1.0;-4.742;-1.4;-10.201;3.342
sub-9_raw.fif;amotiv;easy;242;1.0;-3.753;-0.919;-8.8;2.834
sub-9_raw.fif;amotiv;easy;243;0.0;12.46;7.527;5.592;-4.933
sub-9_raw.fif;amotiv;easy;244;0.0;-5.32;-10.479;-11.727;-5.159
sub-9_raw.fif;amotiv;easy;245;1.0;-7.185;9.921;-9.909;17.106
sub-9_raw.fif;motiv;easy;246;1.0;18.545;8.81;13.86;-9.735
sub-9_raw.fif;motiv;easy;247;0.0;-15.344;12.967;-18.626;28.311
sub-9_raw.fif;motiv;easy;248;0.0;10.483;10.832;5.716;0.349
sub-9_raw.fif;motiv;easy;249;1.0;-6.936;-0.139;-10.899;6.797
sub-9_raw.fif;motiv;easy;250;1.0;13.732;10.238;9.876;-3.494
sub-9_raw.fif;motiv;easy;251;1.0;1.532;0.176;-5.053;-1.356
sub-9_raw.fif;motiv;easy;252;0.0;6.53;8.544;0.385;2.014
sub-9_raw.fif;motiv;easy;253;1.0;-4.193;-0.046;-12.022;4.147
sub-9_raw.fif;motiv;easy;254;1.0;-20.243;-0.842;-22.975;19.401
sub-9_raw.fif;motiv;easy;255;0.0;0.556;-8.323;-5.165;-8.879
sub-9_raw.fif;motiv;easy;256;0.0;5.495;5.195;-3.082;-0.3
sub-9_raw.fif;motiv;easy;257;0.0;-1.429;8.168;-6.581;9.597
sub-9_raw.fif;motiv;easy;258;1.0;2.795;0.624;-3.476;-2.171
sub-9_raw.fif;motiv;easy;259;1.0;-13.45;2.43;-22.04;15.88
sub-9_raw.fif;motiv;easy;260;0.0;-11.494;2.429;-15.507;13.923
sub-9_raw.fif;motiv;easy;261;1.0;12.243;-0.227;9.459;-12.469
sub-9_raw.fif;motiv;easy;262;1.0;-6.589;7.697;-12.572;14.286
sub-9_raw.fif;motiv;easy;263;0.0;14.058;22.545;9.046;8.487
sub-9_raw.fif;motiv;easy;264;1.0;-11.202;1.473;-17.464;12.675
sub-9_raw.fif;motiv;easy;265;1.0;0.067;-1.459;-2.733;-1.526
sub-9_raw.fif;motiv;easy;266;0.0;-10.967;-4.037;-16.015;6.93
sub-9_raw.fif;motiv;easy;267;1.0;6.008;-6.028;-0.939;-12.036
sub-9_raw.fif;motiv;easy;268;0.0;7.201;8.865;0.254;1.664
sub-9_raw.fif;motiv;easy;269;0.0;16.15;2.047;14.262;-14.103
sub-9_raw.fif;motiv;easy;270;1.0;3.141;-2.259;-0.326;-5.4
sub-9_raw.fif;motiv;easy;271;1.0;-0.406;-0.326;-3.226;0.08
sub-9_raw.fif;motiv;easy;272;1.0;9.817;4.922;4.769;-4.895
sub-9_raw.fif;motiv;easy;273;1.0;1.666;10.889;-8.555;9.223
sub-9_raw.fif;motiv;easy;274;1.0;-25.425;-2.547;-33.612;22.878
sub-9_raw.fif;motiv;easy;275;1.0;-4.408;3.776;-10.316;8.184
sub-9_raw.fif;amotiv;extr;276;1.0;7.774;-7.226;3.769;-15.0
sub-9_raw.fif;amotiv;extr;277;0.0;-11.741;9.997;-18.257;21.738
sub-9_raw.fif;amotiv;extr;278;1.0;13.504;-2.607;7.071;-16.111
sub-9_raw.fif;amotiv;extr;279;1.0;-8.211;-1.131;-12.99;7.08
sub-9_raw.fif;amotiv;extr;280;0.0;16.757;12.405;12.101;-4.352
sub-9_raw.fif;amotiv;extr;281;1.0;-8.644;-0.556;-15.703;8.088
sub-9_raw.fif;amotiv;extr;282;1.0;-1.605;2.619;-10.003;4.224
sub-9_raw.fif;amotiv;extr;283;1.0;0.971;9.297;-4.392;8.326
sub-9_raw.fif;amotiv;extr;284;1.0;-1.727;6.515;-15.509;8.241
sub-9_raw.fif;amotiv;extr;285;0.0;-27.04;2.52;-34.253;29.561
sub-9_raw.fif;amotiv;extr;286;1.0;18.173;5.332;14.692;-12.841
sub-9_raw.fif;amotiv;extr;287;1.0;-9.864;7.582;-12.452;17.446
sub-9_raw.fif;amotiv;extr;288;1.0;2.516;2.134;-0.228;-0.383
sub-9_raw.fif;amotiv;extr;289;1.0;-1.833;-6.495;-6.242;-4.662
sub-9_raw.fif;amotiv;extr;290;0.0;-10.342;-9.502;-13.015;0.839
sub-9_raw.fif;amotiv;extr;291;1.0;1.528;-7.354;-4.554;-8.882
sub-9_raw.fif;amotiv;extr;292;1.0;-9.155;-0.34;-14.004;8.816
sub-9_raw.fif;amotiv;extr;293;0.0;17.146;19.127;12.766;1.981
sub-9_raw.fif;amotiv;extr;294;0.0;-16.453;-4.831;-18.663;11.622
sub-9_raw.fif;amotiv;extr;295;1.0;12.138;4.491;4.858;-7.647
sub-9_raw.fif;amotiv;extr;296;1.0;7.948;0.67;5.017;-7.278
sub-9_raw.fif;amotiv;extr;297;1.0;-22.366;0.849;-26.788;23.215
sub-9_raw.fif;amotiv;extr;298;1.0;-3.737;3.373;-7.515;7.111
sub-9_raw.fif;amotiv;extr;299;0.0;16.515;29.468;4.489;12.954
sub-9_raw.fif;amotiv;extr;300;0.0;13.473;6.341;7.018;-7.132
sub-9_raw.fif;amotiv;extr;301;0.0;-6.545;0.707;-11.827;7.251
sub-9_raw.fif;amotiv;extr;302;1.0;2.824;2.128;-1.258;-0.696
sub-9_raw.fif;amotiv;extr;303;1.0;-4.678;-5.201;-10.724;-0.523
sub-9_raw.fif;amotiv;extr;304;0.0;7.201;3.4;-7.047;-3.802
sub-9_raw.fif;amotiv;extr;305;1.0;7.82;-3.025;4.732;-10.845
sub-9_raw.fif;motiv;extr;306;1.0;-1.781;1.407;-10.602;3.189
sub-9_raw.fif;motiv;extr;307;1.0;-8.195;-7.067;-11.963;1.128
sub-9_raw.fif;motiv;extr;308;0.0;0.765;-10.84;-3.932;-11.604
sub-9_raw.fif;motiv;extr;309;1.0;8.392;4.23;-0.371;-4.162
sub-9_raw.fif;motiv;extr;310;1.0;4.814;7.657;-0.397;2.843
sub-9_raw.fif;motiv;extr;311;0.0;16.107;1.817;10.08;-14.29
sub-9_raw.fif;motiv;extr;312;1.0;23.509;-5.9;17.199;-29.409
sub-9_raw.fif;motiv;extr;313;1.0;-3.389;7.958;-9.967;11.346
sub-9_raw.fif;motiv;extr;314;1.0;-25.579;-1.467;-28.467;24.112
sub-9_raw.fif;motiv;extr;315;1.0;6.27;1.194;0.237;-5.076
sub-9_raw.fif;motiv;extr;316;0.0;-21.579;9.307;-32.335;30.886
sub-9_raw.fif;motiv;extr;317;1.0;-16.546;7.015;-25.24;23.561
sub-9_raw.fif;motiv;extr;318;1.0;1.882;-0.876;-2.77;-2.758
sub-9_raw.fif;motiv;extr;319;1.0;2.084;1.151;-6.038;-0.932
sub-9_raw.fif;motiv;extr;320;1.0;-2.182;-4.697;-9.932;-2.514
sub-9_raw.fif;motiv;extr;321;1.0;6.446;5.571;-3.919;-0.876
sub-9_raw.fif;motiv;extr;322;0.0;7.416;10.404;1.616;2.988
sub-9_raw.fif;motiv;extr;323;1.0;2.108;-1.061;-5.651;-3.169
sub-9_raw.fif;motiv;extr;324;1.0;-13.371;-1.559;-20.46;11.812
sub-9_raw.fif;motiv;extr;325;1.0;6.38;0.19;1.213;-6.19
sub-9_raw.fif;motiv;extr;326;0.0;-13.417;-1.534;-22.026;11.883
sub-9_raw.fif;motiv;extr;327;1.0;4.119;-1.042;-0.259;-5.161
sub-9_raw.fif;motiv;extr;328;1.0;3.37;6.877;-1.645;3.507
sub-9_raw.fif;motiv;extr;329;1.0;-6.772;-6.595;-13.244;0.178
sub-9_raw.fif;motiv;extr;330;0.0;-21.031;-1.511;-25.401;19.52
sub-9_raw.fif;motiv;extr;331;0.0;-5.155;-2.979;-13.105;2.176
sub-9_raw.fif;motiv;extr;332;0.0;5.506;12.823;0.087;7.317
sub-9_raw.fif;motiv;extr;333;0.0;2.996;2.983;-5.429;-0.013
sub-9_raw.fif;motiv;extr;334;1.0;6.804;3.701;3.309;-3.102
sub-9_raw.fif;motiv;extr;335;1.0;3.305;-4.971;-3.266;-8.276
sub-11_raw.fif;motiv;extr;0;1.0;0.393;8.976;-4.28;8.583
sub-11_raw.fif;motiv;extr;1;1.0;1.689;7.304;-7.219;5.615
sub-11_raw.fif;motiv;extr;2;0.0;-2.13;39.091;-13.151;41.222
sub-11_raw.fif;motiv;extr;3;0.0;-11.894;5.58;-15.035;17.474
sub-11_raw.fif;motiv;extr;4;1.0;19.53;3.046;14.78;-16.485
sub-11_raw.fif;motiv;extr;5;0.0;3.425;15.699;-3.547;12.273
sub-11_raw.fif;motiv;extr;6;1.0;-4.095;8.037;-6.723;12.132
sub-11_raw.fif;motiv;extr;7;1.0;-9.946;13.232;-14.145;23.178
sub-11_raw.fif;motiv;extr;8;1.0;1.82;17.838;-10.666;16.018
sub-11_raw.fif;motiv;extr;9;1.0;-13.708;2.792;-21.421;16.5
sub-11_raw.fif;motiv;extr;10;1.0;6.692;10.214;2.673;3.521
sub-11_raw.fif;motiv;extr;11;1.0;-11.258;13.784;-16.609;25.042
sub-11_raw.fif;motiv;extr;12;1.0;0.57;-3.484;-3.86;-4.055
sub-11_raw.fif;motiv;extr;13;0.0;-21.106;-2.911;-26.614;18.196
sub-11_raw.fif;motiv;extr;14;1.0;1.962;7.313;-3.327;5.351
sub-11_raw.fif;motiv;extr;15;1.0;-4.804;-2.823;-7.522;1.98
sub-11_raw.fif;motiv;extr;16;1.0;-0.802;8.956;-4.912;9.758
sub-11_raw.fif;motiv;extr;17;1.0;1.301;-2.895;-1.126;-4.196
sub-11_raw.fif;motiv;extr;18;1.0;-8.416;9.81;-14.214;18.226
sub-11_raw.fif;motiv;extr;19;1.0;-18.49;16.123;-23.623;34.613
sub-11_raw.fif;motiv;extr;20;1.0;-9.612;2.869;-15.051;12.482
sub-11_raw.fif;motiv;extr;21;1.0;-14.205;18.002;-19.546;32.207
sub-11_raw.fif;motiv;extr;22;1.0;-8.312;11.07;-25.611;19.382
sub-11_raw.fif;motiv;extr;23;1.0;-6.492;17.515;-10.036;24.007
sub-11_raw.fif;motiv;extr;24;1.0;-11.099;4.718;-15.608;15.817
sub-11_raw.fif;motiv;easy;25;1.0;4.28;5.02;0.172;0.74
sub-11_raw.fif;motiv;easy;26;1.0;-11.565;16.956;-16.787;28.521
sub-11_raw.fif;motiv;easy;27;1.0;-3.91;17.87;-15.389;21.78
sub-11_raw.fif;motiv;easy;28;1.0;-10.503;4.211;-19.67;14.714
sub-11_raw.fif;motiv;easy;29;0.0;-9.364;1.873;-11.802;11.237
sub-11_raw.fif;motiv;easy;30;0.0;-0.935;-1.989;-5.093;-1.054
sub-11_raw.fif;motiv;easy;31;1.0;-8.648;2.581;-17.016;11.229
sub-11_raw.fif;motiv;easy;32;1.0;0.558;11.342;-5.727;10.784
sub-11_raw.fif;motiv;easy;33;1.0;-2.193;-4.995;-7.731;-2.803
sub-11_raw.fif;motiv;easy;34;1.0;3.66;1.206;-1.45;-2.454
sub-11_raw.fif;motiv;easy;35;1.0;-4.019;4.255;-8.24;8.274
sub-11_raw.fif;motiv;easy;36;1.0;7.497;12.599;3.405;5.102
sub-11_raw.fif;motiv;easy;37;1.0;1.266;6.686;-5.188;5.42
sub-11_raw.fif;motiv;easy;38;1.0;12.557;11.236;-0.299;-1.322
sub-11_raw.fif;motiv;easy;39;0.0;-9.09;3.276;-18.25;12.365
sub-11_raw.fif;motiv;easy;40;1.0;-3.244;-1.955;-8.288;1.289
sub-11_raw.fif;motiv;easy;41;1.0;4.097;-1.87;1.087;-5.967
sub-11_raw.fif;motiv;easy;42;0.0;-6.979;12.73;-13.264;19.709
sub-11_raw.fif;motiv;easy;43;1.0;-9.429;4.134;-15.709;13.563
sub-11_raw.fif;motiv;easy;44;1.0;-13.031;12.102;-17.642;25.133
sub-11_raw.fif;motiv;easy;45;0.0;-4.507;16.148;-7.054;20.654
sub-11_raw.fif;motiv;easy;46;1.0;-5.878;-2.087;-14.053;3.792
sub-11_raw.fif;motiv;easy;47;1.0;-1.539;3.178;-14.61;4.716
sub-11_raw.fif;motiv;easy;48;1.0;5.508;5.054;-0.346;-0.454
sub-11_raw.fif;motiv;easy;49;0.0;2.007;10.981;-2.992;8.974
sub-11_raw.fif;motiv;easy;50;1.0;-9.708;9.977;-14.981;19.684
sub-11_raw.fif;motiv;hard;51;0.0;4.922;14.625;-2.451;9.702
sub-11_raw.fif;motiv;hard;52;1.0;-6.762;1.047;-15.406;7.809
sub-11_raw.fif;motiv;hard;53;1.0;4.835;3.799;-0.411;-1.036
sub-11_raw.fif;motiv;hard;54;1.0;-2.057;5.694;-6.28;7.75
sub-11_raw.fif;motiv;hard;55;1.0;-3.379;13.061;-12.226;16.44
sub-11_raw.fif;motiv;hard;56;1.0;-0.557;12.343;-6.565;12.9
sub-11_raw.fif;motiv;hard;57;0.0;10.459;14.079;1.827;3.62
sub-11_raw.fif;motiv;hard;58;1.0;-4.37;14.682;-13.309;19.052
sub-11_raw.fif;motiv;hard;59;1.0;3.762;-0.745;2.627;-4.507
sub-11_raw.fif;motiv;hard;60;1.0;7.44;2.19;3.281;-5.25
sub-11_raw.fif;motiv;hard;61;1.0;-9.366;2.644;-12.828;12.01
sub-11_raw.fif;motiv;hard;62;1.0;-12.186;2.866;-18.118;15.052
sub-11_raw.fif;motiv;hard;63;1.0;-0.927;3.752;-12.579;4.679
sub-11_raw.fif;motiv;hard;64;1.0;-0.62;2.575;-8.51;3.195
sub-11_raw.fif;motiv;hard;65;1.0;15.008;5.736;11.89;-9.272
sub-11_raw.fif;motiv;hard;66;1.0;4.607;3.308;-0.217;-1.298
sub-11_raw.fif;motiv;hard;67;1.0;-14.001;-3.377;-18.525;10.624
sub-11_raw.fif;motiv;hard;68;0.0;-9.554;-0.072;-13.763;9.482
sub-11_raw.fif;motiv;hard;69;1.0;-0.111;19.818;-5.696;19.929
sub-11_raw.fif;motiv;hard;70;1.0;2.141;-11.633;-0.02;-13.774
sub-11_raw.fif;motiv;hard;71;1.0;-6.953;6.129;-10.423;13.082
sub-11_raw.fif;motiv;hard;72;1.0;-6.21;-6.913;-11.147;-0.703
sub-11_raw.fif;motiv;hard;73;1.0;-5.413;-1.083;-10.002;4.33
sub-11_raw.fif;motiv;hard;74;1.0;-10.251;13.128;-15.399;23.378
sub-11_raw.fif;motiv;hard;75;1.0;-0.997;10.282;-9.267;11.279
sub-11_raw.fif;motiv;hard;76;1.0;1.314;-5.755;-5.096;-7.069
sub-11_raw.fif;amotiv;hard;77;0.0;-10.155;8.071;-13.414;18.226
sub-11_raw.fif;amotiv;hard;78;0.0;-14.65;4.408;-23.034;19.058
sub-11_raw.fif;amotiv;hard;79;1.0;-7.214;11.933;-10.857;19.146
sub-11_raw.fif;amotiv;hard;80;1.0;3.037;1.889;-4.461;-1.148
sub-11_raw.fif;amotiv;hard;81;1.0;-1.653;-8.682;-6.217;-7.028
sub-11_raw.fif;amotiv;hard;82;1.0;9.49;6.88;2.797;-2.61
sub-11_raw.fif;amotiv;hard;83;0.0;8.797;11.121;1.989;2.325
sub-11_raw.fif;amotiv;hard;84;1.0;-7.851;6.382;-16.069;14.233
sub-11_raw.fif;amotiv;hard;85;1.0;-2.839;1.751;-8.28;4.59
sub-11_raw.fif;amotiv;hard;86;1.0;-5.86;4.962;-15.359;10.822
sub-11_raw.fif;amotiv;hard;87;1.0;-0.814;11.091;-11.816;11.905
sub-11_raw.fif;amotiv;hard;88;1.0;-10.138;10.209;-19.637;20.348
sub-11_raw.fif;amotiv;hard;89;0.0;6.613;18.335;-1.074;11.722
sub-11_raw.fif;amotiv;hard;90;0.0;-2.846;8.753;-10.988;11.598
sub-11_raw.fif;amotiv;hard;91;0.0;-0.302;12.802;-9.344;13.104
sub-11_raw.fif;amotiv;hard;92;0.0;1.974;-1.915;-6.231;-3.888
sub-11_raw.fif;amotiv;hard;93;1.0;-8.499;10.904;-21.06;19.403
sub-11_raw.fif;amotiv;hard;94;0.0;7.848;7.544;3.465;-0.304
sub-11_raw.fif;amotiv;hard;95;1.0;3.721;11.002;-0.736;7.281
sub-11_raw.fif;amotiv;hard;96;1.0;2.481;-1.96;-2.356;-4.441
sub-11_raw.fif;amotiv;hard;97;1.0;5.99;2.501;4.205;-3.489
sub-11_raw.fif;amotiv;hard;98;1.0;6.076;16.222;0.174;10.146
sub-11_raw.fif;amotiv;hard;99;1.0;-5.466;0.946;-13.393;6.412
sub-11_raw.fif;amotiv;hard;100;1.0;-1.859;0.156;-5.967;2.015
sub-11_raw.fif;amotiv;hard;101;1.0;-8.397;11.788;-13.913;20.186
sub-11_raw.fif;amotiv;hard;102;1.0;-2.521;-1.588;-6.145;0.933
sub-11_raw.fif;amotiv;easy;103;1.0;-6.493;-5.614;-11.511;0.879
sub-11_raw.fif;amotiv;easy;104;0.0;6.715;11.677;4.896;4.962
sub-11_raw.fif;amotiv;easy;105;0.0;-2.633;-6.668;-11.232;-4.035
sub-11_raw.fif;amotiv;easy;106;1.0;3.083;5.149;-1.669;2.066
sub-11_raw.fif;amotiv;easy;107;1.0;12.787;-7.153;3.305;-19.94
sub-11_raw.fif;amotiv;easy;108;1.0;6.012;9.041;-1.014;3.029
sub-11_raw.fif;amotiv;easy;109;0.0;1.547;-3.68;-5.917;-5.226
sub-11_raw.fif;amotiv;easy;110;1.0;4.209;3.467;-0.825;-0.742
sub-11_raw.fif;amotiv;easy;111;1.0;3.839;-2.541;-1.678;-6.38
sub-11_raw.fif;amotiv;easy;112;1.0;-3.662;6.071;-7.038;9.733
sub-11_raw.fif;amotiv;easy;113;1.0;5.01;-0.337;-11.467;-5.347
sub-11_raw.fif;amotiv;easy;114;0.0;4.168;16.07;-1.847;11.902
sub-11_raw.fif;amotiv;easy;115;0.0;-5.913;-5.514;-15.442;0.399
sub-11_raw.fif;amotiv;easy;116;1.0;5.604;2.784;-0.053;-2.819
sub-11_raw.fif;amotiv;easy;117;1.0;-1.703;-0.496;-8.305;1.207
sub-11_raw.fif;amotiv;easy;118;1.0;-12.366;-2.581;-17.502;9.785
sub-11_raw.fif;amotiv;easy;119;1.0;-6.594;0.027;-14.622;6.621
sub-11_raw.fif;amotiv;easy;120;1.0;0.271;2.637;-5.703;2.366
sub-11_raw.fif;amotiv;easy;121;1.0;-2.073;5.833;-8.789;7.906
sub-11_raw.fif;amotiv;easy;122;1.0;3.502;11.895;-5.861;8.393
sub-11_raw.fif;amotiv;easy;123;0.0;8.817;-1.438;-3.77;-10.255
sub-11_raw.fif;amotiv;easy;124;1.0;-11.385;1.026;-19.246;12.411
sub-11_raw.fif;amotiv;easy;125;1.0;-0.458;8.442;-7.283;8.9
sub-11_raw.fif;amotiv;easy;126;1.0;3.251;4.838;-0.328;1.587
sub-11_raw.fif;amotiv;easy;127;1.0;-1.259;7.206;-4.816;8.466
sub-11_raw.fif;amotiv;easy;128;1.0;-9.772;13.753;-18.08;23.525
sub-11_raw.fif;amotiv;extr;129;1.0;-0.146;-3.316;-6.901;-3.17
sub-11_raw.fif;amotiv;extr;130;0.0;-0.522;5.636;-11.603;6.159
sub-11_raw.fif;amotiv;extr;131;1.0;-3.578;9.324;-8.342;12.902
sub-11_raw.fif;amotiv;extr;132;1.0;-0.233;10.381;-7.442;10.614
sub-11_raw.fif;amotiv;extr;133;1.0;-11.29;-7.744;-15.662;3.546
sub-11_raw.fif;amotiv;extr;134;0.0;8.088;14.145;3.507;6.056
sub-11_raw.fif;amotiv;extr;135;0.0;-8.157;-10.711;-11.174;-2.554
sub-11_raw.fif;amotiv;extr;136;0.0;-1.385;-12.162;-7.341;-10.777
sub-11_raw.fif;amotiv;extr;137;0.0;12.936;10.218;5.289;-2.718
sub-11_raw.fif;amotiv;extr;138;1.0;-4.332;4.995;-9.196;9.327
sub-11_raw.fif;amotiv;extr;139;1.0;1.992;7.108;-2.532;5.116
sub-11_raw.fif;amotiv;extr;140;1.0;3.403;4.902;-3.456;1.499
sub-11_raw.fif;amotiv;extr;141;1.0;-3.825;-9.639;-11.702;-5.814
sub-11_raw.fif;amotiv;extr;142;1.0;-4.935;10.184;-8.893;15.119
sub-11_raw.fif;amotiv;extr;143;1.0;-5.47;-0.404;-8.047;5.066
sub-11_raw.fif;amotiv;extr;144;0.0;9.978;14.788;1.584;4.81
sub-11_raw.fif;amotiv;extr;145;1.0;-0.013;3.895;-11.685;3.908
sub-11_raw.fif;amotiv;extr;146;1.0;-7.898;3.437;-13.188;11.335
sub-11_raw.fif;amotiv;extr;147;1.0;4.622;8.384;-5.129;3.762
sub-11_raw.fif;amotiv;extr;148;1.0;7.536;5.826;0.068;-1.709
sub-11_raw.fif;amotiv;extr;149;0.0;-19.265;-8.992;-26.69;10.273
sub-11_raw.fif;amotiv;extr;150;1.0;0.727;-1.41;-4.316;-2.137
sub-11_raw.fif;amotiv;extr;151;1.0;-6.951;-1.245;-10.618;5.706
sub-11_raw.fif;amotiv;extr;152;1.0;0.105;-7.612;-6.303;-7.717
sub-11_raw.fif;amotiv;extr;153;0.0;4.579;25.153;0.358;20.574
sub-11_raw.fif;amotiv;extr;154;1.0;-0.884;2.206;-2.155;3.089
sub-11_raw.fif;motiv;extr;155;0.0;7.406;2.31;0.844;-5.096
sub-11_raw.fif;motiv;extr;156;1.0;-2.126;18.949;-8.517;21.075
sub-11_raw.fif;motiv;extr;157;1.0;-2.734;-3.696;-5.982;-0.962
sub-11_raw.fif;motiv;extr;158;1.0;-2.074;4.627;-7.418;6.701
sub-11_raw.fif;motiv;extr;159;0.0;-4.566;17.562;-17.045;22.128
sub-11_raw.fif;motiv;extr;160;1.0;5.276;8.311;-0.348;3.034
sub-11_raw.fif;motiv;extr;161;0.0;8.056;25.887;4.846;17.831
sub-11_raw.fif;motiv;extr;162;0.0;15.31;19.397;7.31;4.087
sub-11_raw.fif;motiv;extr;163;0.0;-5.504;9.881;-15.986;15.384
sub-11_raw.fif;motiv;extr;164;1.0;-0.661;1.69;-7.5;2.351
sub-11_raw.fif;motiv;extr;165;1.0;-0.973;-2.637;-8.175;-1.664
sub-11_raw.fif;motiv;extr;166;0.0;-14.065;-2.553;-19.633;11.512
sub-11_raw.fif;motiv;extr;167;0.0;15.323;16.872;12.552;1.549
sub-11_raw.fif;motiv;extr;168;0.0;7.466;5.919;-2.936;-1.547
sub-11_raw.fif;motiv;extr;169;0.0;-8.25;2.164;-21.62;10.414
sub-11_raw.fif;motiv;extr;170;0.0;1.426;13.539;-7.558;12.113
sub-11_raw.fif;motiv;extr;171;0.0;-18.687;-13.959;-25.485;4.728
sub-11_raw.fif;motiv;extr;172;1.0;-7.093;3.195;-23.406;10.288
sub-11_raw.fif;motiv;extr;173;1.0;-8.087;6.044;-14.861;14.13
sub-11_raw.fif;motiv;extr;174;0.0;-11.741;4.504;-20.372;16.245
sub-11_raw.fif;motiv;extr;175;1.0;4.971;5.831;2.757;0.86
sub-11_raw.fif;motiv;extr;176;1.0;-5.332;-19.634;-12.928;-14.302
sub-11_raw.fif;motiv;extr;177;0.0;-2.517;-0.487;-8.291;2.03
sub-11_raw.fif;motiv;extr;178;0.0;2.412;14.26;-3.87;11.848
sub-11_raw.fif;motiv;extr;179;1.0;13.939;-3.413;11.405;-17.351
sub-11_raw.fif;motiv;extr;180;1.0;10.451;11.351;3.051;0.9
sub-11_raw.fif;motiv;extr;181;0.0;3.373;3.002;-3.094;-0.37
sub-11_raw.fif;motiv;extr;182;1.0;1.852;15.594;-7.334;13.742
sub-11_raw.fif;motiv;extr;183;1.0;2.32;1.088;-8.072;-1.233
sub-11_raw.fif;motiv;extr;184;1.0;10.813;-1.911;-0.169;-12.724
sub-11_raw.fif;motiv;easy;185;1.0;-11.332;-17.825;-26.304;-6.493
sub-11_raw.fif;motiv;easy;186;0.0;-10.921;1.689;-20.377;12.61
sub-11_raw.fif;motiv;easy;187;1.0;-3.304;-2.748;-6.907;0.556
sub-11_raw.fif;motiv;easy;188;1.0;-11.797;1.119;-20.826;12.916
sub-11_raw.fif;motiv;easy;189;1.0;3.32;-0.257;-3.244;-3.577
sub-11_raw.fif;motiv;easy;190;1.0;5.973;-11.984;4.611;-17.957
sub-11_raw.fif;motiv;easy;191;0.0;-6.348;6.219;-13.537;12.567
sub-11_raw.fif;motiv;easy;192;1.0;-1.458;5.452;-8.282;6.91
sub-11_raw.fif;motiv;easy;193;0.0;-5.95;-15.78;-10.826;-9.83
sub-11_raw.fif;motiv;easy;194;1.0;-2.978;9.731;-5.699;12.709
sub-11_raw.fif;motiv;easy;195;1.0;-9.058;1.911;-18.683;10.969
sub-11_raw.fif;motiv;easy;196;0.0;-10.491;-6.129;-15.664;4.362
sub-11_raw.fif;motiv;easy;197;0.0;-10.478;-11.684;-14.092;-1.206
sub-11_raw.fif;motiv;easy;198;1.0;-10.225;-7.331;-15.422;2.893
sub-11_raw.fif;motiv;easy;199;0.0;-5.812;8.964;-18.354;14.776
sub-11_raw.fif;motiv;easy;200;0.0;-6.258;-11.262;-15.417;-5.005
sub-11_raw.fif;motiv;easy;201;1.0;-6.592;2.52;-14.422;9.112
sub-11_raw.fif;motiv;easy;202;0.0;-15.723;-3.076;-21.107;12.647
sub-11_raw.fif;motiv;easy;203;1.0;2.695;-6.281;-2.243;-8.977
sub-11_raw.fif;motiv;easy;204;1.0;9.474;3.92;3.235;-5.554
sub-11_raw.fif;motiv;easy;205;1.0;3.523;4.784;1.169;1.261
sub-11_raw.fif;motiv;easy;206;1.0;-2.887;12.409;-8.381;15.296
sub-11_raw.fif;motiv;easy;207;1.0;8.89;5.886;4.486;-3.004
sub-11_raw.fif;motiv;easy;208;1.0;-1.73;-4.592;-3.675;-2.863
sub-11_raw.fif;motiv;easy;209;1.0;2.87;5.633;-2.246;2.763
sub-11_raw.fif;motiv;easy;210;0.0;-12.861;-2.008;-22.509;10.853
sub-11_raw.fif;motiv;easy;211;1.0;2.792;11.108;-4.182;8.315
sub-11_raw.fif;motiv;easy;212;1.0;-5.007;6.268;-9.484;11.275
sub-11_raw.fif;motiv;easy;213;1.0;13.461;4.324;6.086;-9.137
sub-11_raw.fif;motiv;easy;214;0.0;-12.773;7.407;-20.487;20.18
sub-11_raw.fif;motiv;hard;215;1.0;1.303;0.84;-2.045;-0.463
sub-11_raw.fif;motiv;hard;216;1.0;-3.841;11.445;-11.734;15.286
sub-11_raw.fif;motiv;hard;217;0.0;-10.188;-3.402;-14.889;6.786
sub-11_raw.fif;motiv;hard;218;1.0;-2.251;1.519;-16.447;3.77
sub-11_raw.fif;motiv;hard;219;0.0;-20.326;-7.072;-27.254;13.254
sub-11_raw.fif;motiv;hard;220;1.0;-8.429;4.359;-16.623;12.788
sub-11_raw.fif;motiv;hard;221;1.0;-6.893;-7.889;-18.591;-0.996
sub-11_raw.fif;motiv;hard;222;1.0;0.877;10.834;-5.765;9.958
sub-11_raw.fif;motiv;hard;223;0.0;-7.003;-6.11;-9.599;0.893
sub-11_raw.fif;motiv;hard;224;1.0;-5.777;5.519;-15.346;11.296
sub-11_raw.fif;motiv;hard;225;0.0;-15.874;-11.67;-18.214;4.205
sub-11_raw.fif;motiv;hard;226;1.0;2.424;9.928;-1.857;7.504
sub-11_raw.fif;motiv;hard;227;1.0;-4.188;-0.463;-10.511;3.724
sub-11_raw.fif;motiv;hard;228;1.0;-6.49;-7.05;-11.667;-0.559
sub-11_raw.fif;motiv;hard;229;1.0;19.007;2.502;11.535;-16.505
sub-11_raw.fif;motiv;hard;230;0.0;-5.399;0.047;-9.665;5.447
sub-11_raw.fif;motiv;hard;231;1.0;-8.188;8.73;-14.325;16.917
sub-11_raw.fif;motiv;hard;232;1.0;-3.739;6.585;-8.195;10.324
sub-11_raw.fif;motiv;hard;233;0.0;19.317;10.358;16.043;-8.959
sub-11_raw.fif;motiv;hard;234;1.0;-3.968;3.318;-7.44;7.286
sub-11_raw.fif;motiv;hard;235;1.0;-6.429;7.637;-8.969;14.067
sub-11_raw.fif;motiv;hard;236;0.0;-3.047;-13.733;-7.814;-10.686
sub-11_raw.fif;motiv;hard;237;1.0;-10.479;16.114;-14.196;26.593
sub-11_raw.fif;motiv;hard;238;1.0;5.501;15.32;-1.328;9.819
sub-11_raw.fif;motiv;hard;239;1.0;1.883;-0.896;-4.879;-2.779
sub-11_raw.fif;motiv;hard;240;1.0;-2.37;4.859;-6.433;7.229
sub-11_raw.fif;motiv;hard;241;1.0;0.07;-5.145;-8.392;-5.215
sub-11_raw.fif;motiv;hard;242;1.0;-4.3;-2.709;-7.241;1.591
sub-11_raw.fif;motiv;hard;243;1.0;-7.709;22.836;-12.869;30.546
sub-11_raw.fif;motiv;hard;244;1.0;8.194;4.673;1.546;-3.521
sub-11_raw.fif;amotiv;hard;245;0.0;12.029;7.772;7.371;-4.258
sub-11_raw.fif;amotiv;hard;246;1.0;-2.389;8.137;-6.408;10.526
sub-11_raw.fif;amotiv;hard;247;0.0;1.594;-3.181;-6.411;-4.775
sub-11_raw.fif;amotiv;hard;248;1.0;5.083;-2.294;-3.378;-7.377
sub-11_raw.fif;amotiv;hard;249;1.0;0.576;1.414;-2.605;0.838
sub-11_raw.fif;amotiv;hard;250;1.0;-3.892;0.337;-6.67;4.229
sub-11_raw.fif;amotiv;hard;251;1.0;-18.039;3.291;-26.097;21.33
sub-11_raw.fif;amotiv;hard;252;1.0;2.539;8.088;-5.162;5.549
sub-11_raw.fif;amotiv;hard;253;1.0;0.975;7.041;-8.866;6.066
sub-11_raw.fif;amotiv;hard;254;1.0;-5.594;-2.008;-9.785;3.586
sub-11_raw.fif;amotiv;hard;255;1.0;18.54;7.25;13.699;-11.289
sub-11_raw.fif;amotiv;hard;256;0.0;-4.515;-5.339;-8.571;-0.824
sub-11_raw.fif;amotiv;hard;257;0.0;-6.064;-0.046;-11.54;6.019
sub-11_raw.fif;amotiv;hard;258;0.0;-3.228;2.442;-7.462;5.67
sub-11_raw.fif;amotiv;hard;259;1.0;-5.253;-0.345;-7.535;4.909
sub-11_raw.fif;amotiv;hard;260;1.0;-4.379;2.164;-12.712;6.544
sub-11_raw.fif;amotiv;hard;261;1.0;-7.066;9.2;-10.159;16.266
sub-11_raw.fif;amotiv;hard;262;1.0;7.114;-0.364;3.442;-7.478
sub-11_raw.fif;amotiv;hard;263;1.0;-0.458;3.981;-8.613;4.438
sub-11_raw.fif;amotiv;hard;264;0.0;-3.742;25.272;-6.798;29.014
sub-11_raw.fif;amotiv;hard;265;1.0;8.054;-5.44;2.425;-13.494
sub-11_raw.fif;amotiv;hard;266;1.0;-6.303;-2.783;-13.854;3.519
sub-11_raw.fif;amotiv;hard;267;0.0;-7.755;-7.939;-16.093;-0.183
sub-11_raw.fif;amotiv;hard;268;1.0;9.702;0.471;-7.114;-9.231
sub-11_raw.fif;amotiv;hard;269;1.0;5.665;-1.771;-1.434;-7.436
sub-11_raw.fif;amotiv;hard;270;1.0;3.968;4.956;-0.236;0.988
sub-11_raw.fif;amotiv;hard;271;1.0;-8.642;-3.425;-10.921;5.217
sub-11_raw.fif;amotiv;hard;272;1.0;4.123;-2.583;-1.634;-6.706
sub-11_raw.fif;amotiv;hard;273;0.0;14.653;29.396;9.6;14.742
sub-11_raw.fif;amotiv;hard;274;1.0;-3.825;7.892;-9.762;11.717
sub-11_raw.fif;amotiv;easy;275;0.0;-47.525;-18.622;-56.291;28.904
sub-11_raw.fif;amotiv;easy;276;0.0;-1.976;-7.038;-10.793;-5.062
sub-11_raw.fif;amotiv;easy;277;1.0;9.418;2.958;5.534;-6.46
sub-11_raw.fif;amotiv;easy;278;0.0;-3.102;14.712;-10.544;17.814
sub-11_raw.fif;amotiv;easy;279;1.0;-5.022;1.016;-15.223;6.038
sub-11_raw.fif;amotiv;easy;280;1.0;3.163;-10.531;-5.312;-13.693
sub-11_raw.fif;amotiv;easy;281;1.0;12.334;19.314;8.26;6.979
sub-11_raw.fif;amotiv;easy;282;1.0;-2.173;6.099;-10.44;8.272
sub-11_raw.fif;amotiv;easy;283;0.0;-5.945;-12.493;-8.035;-6.548
sub-11_raw.fif;amotiv;easy;284;1.0;-1.062;2.913;-2.728;3.974
sub-11_raw.fif;amotiv;easy;285;1.0;8.754;6.311;3.834;-2.443
sub-11_raw.fif;amotiv;easy;286;1.0;2.265;-0.485;-4.062;-2.751
sub-11_raw.fif;amotiv;easy;287;1.0;-1.344;5.181;-4.913;6.525
sub-11_raw.fif;amotiv;easy;288;1.0;4.547;-1.195;-1.288;-5.741
sub-11_raw.fif;amotiv;easy;289;1.0;2.073;-4.696;-3.207;-6.769
sub-11_raw.fif;amotiv;easy;290;1.0;2.664;2.754;0.22;0.091
sub-11_raw.fif;amotiv;easy;291;1.0;10.618;-13.291;6.273;-23.909
sub-11_raw.fif;amotiv;easy;292;1.0;-3.218;-1.47;-4.837;1.748
sub-11_raw.fif;amotiv;easy;293;1.0;-1.988;10.092;-4.865;12.081
sub-11_raw.fif;amotiv;easy;294;1.0;-4.107;-4.595;-8.085;-0.488
sub-11_raw.fif;amotiv;easy;295;1.0;1.169;11.413;-2.58;10.244
sub-11_raw.fif;amotiv;easy;296;1.0;-0.118;22.72;-5.09;22.838
sub-11_raw.fif;amotiv;easy;297;1.0;2.499;4.372;-0.083;1.873
sub-11_raw.fif;amotiv;easy;298;0.0;2.035;1.343;-2.989;-0.692
sub-11_raw.fif;amotiv;easy;299;1.0;-6.729;-3.576;-9.439;3.153
sub-11_raw.fif;amotiv;easy;300;0.0;4.086;-2.85;-3.995;-6.936
sub-11_raw.fif;amotiv;easy;301;1.0;15.656;3.407;7.819;-12.249
sub-11_raw.fif;amotiv;easy;302;1.0;5.587;1.987;2.937;-3.599
sub-11_raw.fif;amotiv;easy;303;1.0;1.491;-4.943;-5.621;-6.434
sub-11_raw.fif;amotiv;easy;304;1.0;9.925;-3.659;8.301;-13.584
sub-11_raw.fif;amotiv;extr;305;1.0;-1.261;2.503;-4.531;3.764
sub-11_raw.fif;amotiv;extr;306;1.0;1.611;7.492;-6.982;5.88
sub-11_raw.fif;amotiv;extr;307;1.0;-1.015;7.996;-5.22;9.011
sub-11_raw.fif;amotiv;extr;308;0.0;0.516;0.247;-4.813;-0.269
sub-11_raw.fif;amotiv;extr;309;0.0;-3.648;-3.253;-11.487;0.395
sub-11_raw.fif;amotiv;extr;310;0.0;-16.719;-5.506;-20.15;11.214
sub-11_raw.fif;amotiv;extr;311;0.0;7.379;2.117;0.056;-5.262
sub-11_raw.fif;amotiv;extr;312;1.0;6.518;2.44;-1.31;-4.078
sub-11_raw.fif;amotiv;extr;313;0.0;12.933;16.137;10.136;3.204
sub-11_raw.fif;amotiv;extr;314;0.0;16.259;3.99;11.633;-12.27
sub-11_raw.fif;amotiv;extr;315;1.0;-5.22;-2.757;-9.538;2.463
sub-11_raw.fif;amotiv;extr;316;1.0;6.775;13.352;-2.61;6.577
sub-11_raw.fif;amotiv;extr;317;1.0;-7.995;1.261;-14.565;9.256
sub-11_raw.fif;amotiv;extr;318;1.0;0.377;-4.56;-2.407;-4.937
sub-11_raw.fif;amotiv;extr;319;1.0;-0.486;5.608;-5.842;6.095
sub-11_raw.fif;amotiv;extr;320;1.0;4.871;14.342;1.779;9.471
sub-11_raw.fif;amotiv;extr;321;0.0;-5.667;22.737;-11.984;28.404
sub-11_raw.fif;amotiv;extr;322;1.0;1.615;13.408;-3.078;11.793
sub-11_raw.fif;amotiv;extr;323;1.0;-0.983;-4.784;-4.433;-3.802
sub-11_raw.fif;amotiv;extr;324;1.0;5.04;6.001;-3.032;0.961
sub-11_raw.fif;amotiv;extr;325;0.0;14.47;3.46;10.561;-11.011
sub-11_raw.fif;amotiv;extr;326;1.0;5.664;5.216;0.624;-0.448
sub-11_raw.fif;amotiv;extr;327;0.0;5.493;12.004;-1.705;6.511
sub-11_raw.fif;amotiv;extr;328;1.0;2.952;-1.102;-4.789;-4.054
sub-11_raw.fif;amotiv;extr;329;1.0;4.2;-5.838;-3.11;-10.038
sub-11_raw.fif;amotiv;extr;330;1.0;5.758;6.472;2.142;0.715
sub-11_raw.fif;amotiv;extr;331;1.0;-6.712;3.241;-12.765;9.953
sub-11_raw.fif;amotiv;extr;332;1.0;6.856;0.286;4.587;-6.57
sub-11_raw.fif;amotiv;extr;333;1.0;-0.484;3.55;-4.384;4.034
sub-11_raw.fif;amotiv;extr;334;1.0;9.524;1.693;3.88;-7.831
sub-12_raw.fif;motiv;hard;0;1.0;0.256;-1.57;-4.539;-1.827
sub-12_raw.fif;motiv;hard;1;1.0;-6.623;9.213;-14.168;15.836
sub-12_raw.fif;motiv;hard;2;1.0;12.873;5.639;10.811;-7.234
sub-12_raw.fif;motiv;hard;3;1.0;1.55;-2.664;-1.559;-4.214
sub-12_raw.fif;motiv;hard;4;1.0;2.719;9.591;-1.362;6.872
sub-12_raw.fif;motiv;hard;5;1.0;0.504;8.935;-4.614;8.432
sub-12_raw.fif;motiv;hard;6;0.0;-7.379;-10.555;-16.286;-3.176
sub-12_raw.fif;motiv;hard;7;1.0;-0.114;4.174;-6.143;4.288
sub-12_raw.fif;motiv;hard;8;1.0;2.677;1.638;-4.235;-1.039
sub-12_raw.fif;motiv;hard;9;1.0;7.957;-2.393;-2.264;-10.351
sub-12_raw.fif;motiv;hard;10;1.0;-4.663;-2.432;-10.183;2.231
sub-12_raw.fif;motiv;hard;11;1.0;-7.43;12.299;-11.551;19.729
sub-12_raw.fif;motiv;hard;12;0.0;-13.526;-18.769;-17.476;-5.244
sub-12_raw.fif;motiv;hard;13;0.0;56.55;86.92;47.906;30.37
sub-12_raw.fif;motiv;hard;14;0.0;-65.265;-60.869;-72.595;4.396
sub-12_raw.fif;motiv;hard;15;0.0;-1.697;-12.359;-7.486;-10.662
sub-12_raw.fif;motiv;hard;16;0.0;14.482;22.999;10.489;8.517
sub-12_raw.fif;motiv;hard;17;0.0;12.43;15.005;9.671;2.575
sub-12_raw.fif;motiv;hard;18;1.0;0.138;-0.11;-4.337;-0.248
sub-12_raw.fif;motiv;hard;19;0.0;-12.977;-7.14;-17.977;5.837
sub-12_raw.fif;motiv;hard;20;0.0;-17.813;-13.996;-23.618;3.817
sub-12_raw.fif;motiv;hard;21;1.0;-0.063;5.344;-2.705;5.407
sub-12_raw.fif;motiv;hard;22;1.0;-6.917;-3.707;-13.241;3.21
sub-12_raw.fif;motiv;hard;23;1.0;3.8;9.657;0.012;5.857
sub-12_raw.fif;motiv;hard;24;1.0;5.344;10.431;2.096;5.087
sub-12_raw.fif;motiv;hard;25;1.0;-0.123;-6.175;-8.954;-6.052
sub-12_raw.fif;motiv;hard;26;1.0;11.682;1.204;9.401;-10.478
sub-12_raw.fif;motiv;hard;27;1.0;-10.043;-2.479;-13.567;7.564
sub-12_raw.fif;motiv;hard;28;1.0;-6.964;9.434;-11.87;16.398
sub-12_raw.fif;motiv;hard;29;0.0;-7.438;-6.085;-17.414;1.352
sub-12_raw.fif;amotiv;hard;30;0.0;-15.957;-16.622;-21.56;-0.665
sub-12_raw.fif;amotiv;hard;31;1.0;-6.755;5.99;-11.943;12.745
sub-12_raw.fif;amotiv;hard;32;1.0;-10.248;2.243;-17.858;12.491
sub-12_raw.fif;amotiv;hard;33;1.0;8.982;0.613;2.905;-8.369
sub-12_raw.fif;amotiv;hard;34;1.0;-7.703;11.461;-13.205;19.164
sub-12_raw.fif;amotiv;hard;35;1.0;-2.267;10.616;-9.292;12.882
sub-12_raw.fif;amotiv;hard;36;1.0;-6.863;-0.58;-9.118;6.283
sub-12_raw.fif;amotiv;hard;37;0.0;1.737;-4.225;-5.245;-5.962
sub-12_raw.fif;amotiv;hard;38;0.0;8.327;17.265;5.108;8.938
sub-12_raw.fif;amotiv;hard;39;1.0;2.333;12.207;-6.123;9.874
sub-12_raw.fif;amotiv;hard;40;1.0;4.566;13.298;-0.247;8.732
sub-12_raw.fif;amotiv;hard;41;1.0;0.989;-4.581;-2.222;-5.57
sub-12_raw.fif;amotiv;hard;42;1.0;6.667;9.329;3.051;2.662
sub-12_raw.fif;amotiv;hard;43;0.0;-4.469;-9.859;-8.403;-5.389
sub-12_raw.fif;amotiv;hard;44;1.0;-1.026;-0.253;-5.049;0.772
sub-12_raw.fif;amotiv;hard;45;1.0;-4.048;-3.291;-8.692;0.757
sub-12_raw.fif;amotiv;hard;46;0.0;-7.454;-21.541;-13.013;-14.087
sub-12_raw.fif;amotiv;hard;47;1.0;11.049;6.117;6.965;-4.932
sub-12_raw.fif;amotiv;hard;48;1.0;-7.792;-1.217;-15.198;6.575
sub-12_raw.fif;amotiv;hard;49;0.0;-12.177;-7.194;-16.477;4.983
sub-12_raw.fif;amotiv;hard;50;1.0;1.991;-1.819;-1.309;-3.81
sub-12_raw.fif;amotiv;hard;51;1.0;-3.415;1.415;-9.486;4.83
sub-12_raw.fif;amotiv;hard;52;1.0;3.95;-9.921;-0.51;-13.871
sub-12_raw.fif;amotiv;hard;53;1.0;-7.733;4.68;-13.414;12.413
sub-12_raw.fif;amotiv;hard;54;1.0;-0.368;0.798;-3.932;1.165
sub-12_raw.fif;amotiv;hard;55;1.0;2.382;-1.839;-3.324;-4.221
sub-12_raw.fif;amotiv;hard;56;1.0;-3.663;10.241;-9.947;13.905
sub-12_raw.fif;amotiv;hard;57;1.0;-8.255;-8.278;-14.663;-0.024
sub-12_raw.fif;amotiv;hard;58;1.0;-11.928;-2.659;-17.207;9.268
sub-12_raw.fif;amotiv;hard;59;1.0;9.717;2.627;1.332;-7.09
sub-12_raw.fif;motiv;easy;60;1.0;-8.078;1.238;-13.38;9.316
sub-12_raw.fif;motiv;easy;61;1.0;12.699;-2.604;2.986;-15.302
sub-12_raw.fif;motiv;easy;62;1.0;2.993;8.639;-2.543;5.646
sub-12_raw.fif;motiv;easy;63;1.0;-6.499;-6.264;-13.554;0.235
sub-12_raw.fif;motiv;easy;64;1.0;5.126;11.642;1.676;6.515
sub-12_raw.fif;motiv;easy;65;1.0;-4.656;1.924;-5.914;6.58
sub-12_raw.fif;motiv;easy;66;1.0;7.253;3.414;4.928;-3.839
sub-12_raw.fif;motiv;easy;67;1.0;-8.318;-0.773;-12.22;7.545
sub-12_raw.fif;motiv;easy;68;1.0;-3.907;8.671;-7.126;12.578
sub-12_raw.fif;motiv;easy;69;1.0;0.547;2.217;-9.35;1.669
sub-12_raw.fif;motiv;easy;70;1.0;3.497;10.35;-3.087;6.854
sub-12_raw.fif;motiv;easy;71;0.0;19.021;24.051;12.849;5.03
sub-12_raw.fif;motiv;easy;72;1.0;10.321;13.391;8.065;3.07
sub-12_raw.fif;motiv;easy;73;1.0;-1.538;-10.222;-6.611;-8.684
sub-12_raw.fif;motiv;easy;74;1.0;-2.949;10.634;-5.169;13.583
sub-12_raw.fif;motiv;easy;75;1.0;-6.121;-1.031;-9.071;5.09
sub-12_raw.fif;motiv;easy;76;1.0;-0.261;-2.809;-3.978;-2.547
sub-12_raw.fif;motiv;easy;77;1.0;3.809;1.161;-0.545;-2.648
sub-12_raw.fif;motiv;easy;78;0.0;30.036;22.41;24.967;-7.626
sub-12_raw.fif;motiv;easy;79;1.0;-10.301;2.666;-11.841;12.967
sub-12_raw.fif;motiv;easy;80;1.0;-13.186;2.184;-22.455;15.37
sub-12_raw.fif;motiv;easy;81;1.0;4.938;-4.943;1.194;-9.881
sub-12_raw.fif;motiv;easy;82;1.0;1.195;-9.396;-5.466;-10.591
sub-12_raw.fif;motiv;easy;83;1.0;5.434;2.415;-3.652;-3.019
sub-12_raw.fif;motiv;easy;84;1.0;-4.316;0.242;-7.639;4.558
sub-12_raw.fif;motiv;easy;85;1.0;-12.298;-1.022;-17.253;11.276
sub-12_raw.fif;motiv;easy;86;1.0;5.341;9.798;-0.254;4.457
sub-12_raw.fif;motiv;easy;87;1.0;3.073;6.119;-1.581;3.047
sub-12_raw.fif;motiv;easy;88;1.0;6.403;0.759;-0.456;-5.644
sub-12_raw.fif;motiv;easy;89;1.0;4.062;-0.445;-0.358;-4.508
sub-12_raw.fif;motiv;extr;90;1.0;-2.161;-2.891;-7.739;-0.731
sub-12_raw.fif;motiv;extr;91;1.0;1.314;4.772;-0.706;3.458
sub-12_raw.fif;motiv;extr;92;1.0;-0.765;3.132;-2.688;3.897
sub-12_raw.fif;motiv;extr;93;1.0;4.805;-1.341;-1.314;-6.147
sub-12_raw.fif;motiv;extr;94;1.0;-0.387;3.758;-5.346;4.146
sub-12_raw.fif;motiv;extr;95;1.0;-3.754;3.287;-6.515;7.041
sub-12_raw.fif;motiv;extr;96;1.0;0.467;4.916;-7.384;4.449
sub-12_raw.fif;motiv;extr;97;1.0;6.981;8.844;0.784;1.862
sub-12_raw.fif;motiv;extr;98;1.0;-6.528;-5.086;-14.691;1.442
sub-12_raw.fif;motiv;extr;99;1.0;8.307;2.49;3.495;-5.817
sub-12_raw.fif;motiv;extr;100;0.0;10.946;17.07;4.043;6.124
sub-12_raw.fif;motiv;extr;101;1.0;10.422;10.226;4.357;-0.196
sub-12_raw.fif;motiv;extr;102;1.0;-6.423;3.342;-11.578;9.765
sub-12_raw.fif;motiv;extr;103;1.0;-5.906;-0.201;-13.275;5.705
sub-12_raw.fif;motiv;extr;104;1.0;-2.555;13.747;-6.626;16.302
sub-12_raw.fif;motiv;extr;105;1.0;-0.373;-5.653;-10.233;-5.28
sub-12_raw.fif;motiv;extr;106;1.0;6.589;3.684;-1.115;-2.905
sub-12_raw.fif;motiv;extr;107;1.0;-10.831;-5.745;-15.166;5.087
sub-12_raw.fif;motiv;extr;108;1.0;-7.162;-1.383;-11.049;5.779
sub-12_raw.fif;motiv;extr;109;1.0;-4.802;3.611;-17.336;8.413
sub-12_raw.fif;motiv;extr;110;1.0;-6.366;-11.285;-13.485;-4.919
sub-12_raw.fif;motiv;extr;111;1.0;5.783;10.61;1.096;4.826
sub-12_raw.fif;motiv;extr;112;1.0;-3.444;2.16;-8.473;5.604
sub-12_raw.fif;motiv;extr;113;1.0;-4.987;2.72;-12.534;7.707
sub-12_raw.fif;motiv;extr;114;1.0;7.654;0.634;-3.05;-7.02
sub-12_raw.fif;motiv;extr;115;1.0;-3.095;2.422;-12.445;5.517
sub-12_raw.fif;motiv;extr;116;1.0;-1.412;-4.899;-15.105;-3.487
sub-12_raw.fif;motiv;extr;117;1.0;0.09;5.619;-8.711;5.529
sub-12_raw.fif;motiv;extr;118;1.0;-5.755;3.516;-10.647;9.271
sub-12_raw.fif;motiv;extr;119;1.0;4.322;-11.122;-3.646;-15.444
sub-12_raw.fif;amotiv;easy;120;0.0;6.885;19.306;-0.409;12.422
sub-12_raw.fif;amotiv;easy;121;1.0;-11.017;-2.72;-14.377;8.297
sub-12_raw.fif;amotiv;easy;122;1.0;3.845;0.553;-3.404;-3.292
sub-12_raw.fif;amotiv;easy;123;1.0;2.7;1.456;-1.735;-1.244
sub-12_raw.fif;amotiv;easy;124;1.0;-3.067;-3.113;-6.482;-0.046
sub-12_raw.fif;amotiv;easy;125;1.0;-2.286;0.395;-9.105;2.681
sub-12_raw.fif;amotiv;easy;126;1.0;-2.781;4.419;-7.498;7.201
sub-12_raw.fif;amotiv;easy;127;1.0;5.556;7.385;-2.16;1.828
sub-12_raw.fif;amotiv;easy;128;1.0;0.144;-2.339;-11.821;-2.482
sub-12_raw.fif;amotiv;easy;129;1.0;-0.336;-0.854;-9.727;-0.519
sub-12_raw.fif;amotiv;easy;130;1.0;13.671;8.15;9.775;-5.521
sub-12_raw.fif;amotiv;easy;131;1.0;12.051;-1.917;6.703;-13.968
sub-12_raw.fif;amotiv;easy;132;1.0;-2.21;2.497;-15.986;4.707
sub-12_raw.fif;amotiv;easy;133;1.0;1.206;-0.118;-5.701;-1.324
sub-12_raw.fif;amotiv;easy;134;1.0;3.88;-3.181;-3.049;-7.061
sub-12_raw.fif;amotiv;easy;135;1.0;-10.579;-5.718;-16.512;4.86
sub-12_raw.fif;amotiv;easy;136;1.0;0.163;6.23;-3.441;6.067
sub-12_raw.fif;amotiv;easy;137;1.0;-11.436;-5.006;-20.273;6.429
sub-12_raw.fif;amotiv;easy;138;1.0;-2.635;15.63;-14.185;18.265
sub-12_raw.fif;amotiv;easy;139;1.0;3.399;4.763;-9.953;1.364
sub-12_raw.fif;amotiv;easy;140;1.0;-1.396;-2.842;-10.349;-1.446
sub-12_raw.fif;amotiv;easy;141;1.0;6.443;5.01;3.355;-1.434
sub-12_raw.fif;amotiv;easy;142;1.0;1.081;-3.964;-2.945;-5.045
sub-12_raw.fif;amotiv;easy;143;1.0;-4.684;3.857;-9.906;8.541
sub-12_raw.fif;amotiv;easy;144;1.0;6.017;-8.334;-8.129;-14.351
sub-12_raw.fif;amotiv;easy;145;0.0;10.597;6.308;1.751;-4.289
sub-12_raw.fif;amotiv;easy;146;1.0;1.094;0.831;-7.151;-0.263
sub-12_raw.fif;amotiv;easy;147;1.0;6.833;-2.655;-5.887;-9.488
sub-12_raw.fif;amotiv;easy;148;0.0;-11.273;-16.816;-20.42;-5.543
sub-12_raw.fif;amotiv;easy;149;0.0;2.574;14.428;-6.741;11.854
sub-12_raw.fif;amotiv;extr;150;1.0;-11.618;-7.858;-15.487;3.759
sub-12_raw.fif;amotiv;extr;151;0.0;-1.599;-11.552;-11.132;-9.953
sub-12_raw.fif;amotiv;extr;152;1.0;-1.342;9.742;-9.117;11.083
sub-12_raw.fif;amotiv;extr;153;1.0;-0.331;5.47;-9.777;5.801
sub-12_raw.fif;amotiv;extr;154;1.0;0.508;14.752;-6.956;14.244
sub-12_raw.fif;amotiv;extr;155;1.0;4.885;-7.5;-7.082;-12.386
sub-12_raw.fif;amotiv;extr;156;1.0;-2.854;2.073;-10.125;4.926
sub-12_raw.fif;amotiv;extr;157;1.0;0.387;-0.482;-12.084;-0.869
sub-12_raw.fif;amotiv;extr;158;1.0;0.005;8.716;-10.475;8.711
sub-12_raw.fif;amotiv;extr;159;1.0;-2.462;-4.496;-6.259;-2.034
sub-12_raw.fif;amotiv;extr;160;1.0;-3.46;-2.058;-12.626;1.402
sub-12_raw.fif;amotiv;extr;161;1.0;5.394;5.873;1.858;0.479
sub-12_raw.fif;amotiv;extr;162;1.0;1.754;3.655;-7.451;1.901
sub-12_raw.fif;amotiv;extr;163;0.0;6.206;9.833;-5.109;3.627
sub-12_raw.fif;amotiv;extr;164;1.0;-3.221;1.89;-6.566;5.111
sub-12_raw.fif;amotiv;extr;165;1.0;-9.611;3.367;-16.041;12.977
sub-12_raw.fif;amotiv;extr;166;1.0;9.073;-1.851;2.149;-10.924
sub-12_raw.fif;amotiv;extr;167;1.0;7.284;3.529;-0.652;-3.755
sub-12_raw.fif;amotiv;extr;168;1.0;-3.15;0.618;-11.972;3.768
sub-12_raw.fif;amotiv;extr;169;1.0;5.743;10.967;1.763;5.224
sub-12_raw.fif;amotiv;extr;170;1.0;5.39;8.083;-3.29;2.693
sub-12_raw.fif;amotiv;extr;171;1.0;-5.647;-0.953;-7.38;4.694
sub-12_raw.fif;amotiv;extr;172;0.0;10.188;9.4;5.504;-0.787
sub-12_raw.fif;amotiv;extr;173;1.0;-2.78;-0.735;-6.512;2.044
sub-12_raw.fif;amotiv;extr;174;1.0;-1.987;-2.076;-5.738;-0.089
sub-12_raw.fif;amotiv;extr;175;1.0;-1.764;0.07;-10.654;1.834
sub-12_raw.fif;amotiv;extr;176;1.0;3.076;4.198;-2.475;1.122
sub-12_raw.fif;amotiv;extr;177;1.0;-9.766;8.396;-15.499;18.162
sub-12_raw.fif;amotiv;extr;178;1.0;-3.416;6.86;-10.143;10.276
sub-12_raw.fif;amotiv;extr;179;1.0;2.195;-0.187;-3.755;-2.382
sub-12_raw.fif;motiv;hard;180;0.0;-16.637;-18.127;-22.854;-1.49
sub-12_raw.fif;motiv;hard;181;1.0;-2.861;2.922;-8.639;5.783
sub-12_raw.fif;motiv;hard;182;1.0;0.109;3.219;-6.31;3.11
sub-12_raw.fif;motiv;hard;183;1.0;2.955;-2.807;-7.036;-5.763
sub-12_raw.fif;motiv;hard;184;1.0;-2.626;9.139;-6.159;11.764
sub-12_raw.fif;motiv;hard;185;0.0;-9.675;-9.841;-18.496;-0.166
sub-12_raw.fif;motiv;hard;186;0.0;-19.459;-0.904;-25.815;18.555
sub-12_raw.fif;motiv;hard;187;1.0;2.43;2.269;-8.835;-0.162
sub-12_raw.fif;motiv;hard;188;1.0;-3.274;3.559;-14.487;6.833
sub-12_raw.fif;motiv;hard;189;1.0;1.135;0.624;-8.257;-0.511
sub-12_raw.fif;motiv;hard;190;1.0;-1.511;1.783;-7.216;3.294
sub-12_raw.fif;motiv;hard;191;1.0;-13.512;3.029;-22.346;16.541
sub-12_raw.fif;motiv;hard;192;1.0;8.359;-6.916;2.138;-15.275
sub-12_raw.fif;motiv;hard;193;1.0;3.706;0.956;-0.782;-2.75
sub-12_raw.fif;motiv;hard;194;1.0;-5.888;9.514;-8.959;15.402
sub-12_raw.fif;motiv;hard;195;1.0;-9.13;-2.215;-12.49;6.915
sub-12_raw.fif;motiv;hard;196;0.0;5.491;8.104;-0.197;2.613
sub-12_raw.fif;motiv;hard;197;1.0;-0.116;-2.004;-8.165;-1.888
sub-12_raw.fif;motiv;hard;198;1.0;5.982;4.079;3.343;-1.903
sub-12_raw.fif;motiv;hard;199;1.0;-4.429;1.771;-10.202;6.2
sub-12_raw.fif;motiv;hard;200;1.0;-6.111;0.052;-11.245;6.163
sub-12_raw.fif;motiv;hard;201;0.0;-17.035;1.273;-19.903;18.307
sub-12_raw.fif;motiv;hard;202;0.0;6.017;8.855;-0.426;2.838
sub-12_raw.fif;motiv;hard;203;1.0;11.915;-5.036;6.266;-16.951
sub-12_raw.fif;motiv;hard;204;1.0;-3.595;-4.083;-6.726;-0.488
sub-12_raw.fif;motiv;hard;205;1.0;3.621;-7.892;0.235;-11.513
sub-12_raw.fif;amotiv;hard;206;1.0;-13.145;-2.05;-19.057;11.094
sub-12_raw.fif;amotiv;hard;207;1.0;10.768;4.589;6.088;-6.179
sub-12_raw.fif;amotiv;hard;208;1.0;2.373;2.521;-3.581;0.148
sub-12_raw.fif;amotiv;hard;209;1.0;-0.425;9.343;-7.245;9.768
sub-12_raw.fif;amotiv;hard;210;1.0;-4.466;7.536;-11.779;12.002
sub-12_raw.fif;amotiv;hard;211;1.0;6.429;9.735;-0.319;3.306
sub-12_raw.fif;amotiv;hard;212;1.0;-8.85;-9.896;-15.899;-1.046
sub-12_raw.fif;amotiv;hard;213;1.0;-11.904;-5.339;-18.131;6.565
sub-12_raw.fif;amotiv;hard;214;1.0;1.291;-5.642;-2.622;-6.932
sub-12_raw.fif;amotiv;hard;215;1.0;-10.245;1.864;-15.286;12.109
sub-12_raw.fif;amotiv;hard;216;1.0;-2.332;9.036;-9.66;11.368
sub-12_raw.fif;amotiv;hard;217;1.0;3.174;4.067;0.063;0.893
sub-12_raw.fif;amotiv;hard;218;1.0;-8.598;-4.539;-12.502;4.059
sub-12_raw.fif;amotiv;hard;219;1.0;4.147;10.634;-4.237;6.487
sub-12_raw.fif;amotiv;hard;220;1.0;10.157;-7.131;5.238;-17.288
sub-12_raw.fif;amotiv;hard;221;1.0;-3.102;-3.985;-7.326;-0.883
sub-12_raw.fif;amotiv;hard;222;0.0;-8.069;-5.49;-11.679;2.579
sub-12_raw.fif;amotiv;hard;223;1.0;-5.896;-0.8;-15.532;5.097
sub-12_raw.fif;amotiv;hard;224;1.0;4.925;-5.418;-5.218;-10.343
sub-12_raw.fif;amotiv;hard;225;1.0;-14.784;-1.885;-18.78;12.899
sub-12_raw.fif;amotiv;hard;226;1.0;2.163;4.984;-2.816;2.821
sub-12_raw.fif;amotiv;hard;227;0.0;8.014;17.237;4.735;9.223
sub-12_raw.fif;amotiv;hard;228;0.0;28.312;21.191;23.873;-7.121
sub-12_raw.fif;amotiv;hard;229;1.0;2.155;4.67;-3.577;2.514
sub-12_raw.fif;amotiv;hard;230;1.0;2.414;8.499;-6.546;6.085
sub-12_raw.fif;amotiv;hard;231;1.0;-1.5;-8.599;-8.569;-7.099
sub-12_raw.fif;motiv;easy;232;1.0;3.445;3.169;-1.924;-0.276
sub-12_raw.fif;motiv;easy;233;1.0;10.877;-4.256;6.375;-15.134
sub-12_raw.fif;motiv;easy;234;1.0;-6.436;6.562;-12.413;12.998
sub-12_raw.fif;motiv;easy;235;1.0;-3.233;-4.858;-6.304;-1.625
sub-12_raw.fif;motiv;easy;236;1.0;7.144;5.295;1.457;-1.849
sub-12_raw.fif;motiv;easy;237;1.0;-11.089;4.016;-16.98;15.105
sub-12_raw.fif;motiv;easy;238;1.0;4.792;2.455;-7.15;-2.337
sub-12_raw.fif;motiv;easy;239;1.0;10.875;0.545;6.882;-10.33
sub-12_raw.fif;motiv;easy;240;1.0;4.839;-2.018;-3.98;-6.857
sub-12_raw.fif;motiv;easy;241;1.0;-5.858;-3.616;-12.345;2.242
sub-12_raw.fif;motiv;easy;242;1.0;2.221;2.241;-0.872;0.02
sub-12_raw.fif;motiv;easy;243;1.0;7.278;2.206;-0.566;-5.071
sub-12_raw.fif;motiv;easy;244;1.0;1.299;3.478;-2.737;2.179
sub-12_raw.fif;motiv;easy;245;1.0;10.797;4.04;5.216;-6.757
sub-12_raw.fif;motiv;easy;246;1.0;-7.183;-4.34;-9.819;2.843
sub-12_raw.fif;motiv;easy;247;1.0;-11.809;-2.197;-21.133;9.612
sub-12_raw.fif;motiv;easy;248;1.0;-3.634;5.007;-10.62;8.641
sub-12_raw.fif;motiv;easy;249;1.0;-3.932;-2.67;-6.774;1.262
sub-12_raw.fif;motiv;easy;250;1.0;-2.45;5.125;-8.358;7.576
sub-12_raw.fif;motiv;easy;251;1.0;-3.147;1.806;-14.155;4.953
sub-12_raw.fif;motiv;easy;252;1.0;-8.506;6.01;-14.306;14.515
sub-12_raw.fif;motiv;easy;253;1.0;7.793;5.476;-1.948;-2.318
sub-12_raw.fif;motiv;easy;254;1.0;-10.589;-5.153;-13.945;5.437
sub-12_raw.fif;motiv;easy;255;1.0;-7.948;1.776;-17.59;9.725
sub-12_raw.fif;motiv;easy;256;1.0;2.206;8.252;-3.237;6.046
sub-12_raw.fif;motiv;easy;257;1.0;11.621;10.518;-1.457;-1.103
sub-12_raw.fif;motiv;extr;258;0.0;-8.43;-18.501;-19.045;-10.071
sub-12_raw.fif;motiv;extr;259;1.0;-6.274;7.935;-8.829;14.209
sub-12_raw.fif;motiv;extr;260;0.0;7.976;8.376;2.317;0.4
sub-12_raw.fif;motiv;extr;261;1.0;0.372;7.544;-5.377;7.172
sub-12_raw.fif;motiv;extr;262;1.0;0.361;6.827;-8.353;6.467
sub-12_raw.fif;motiv;extr;263;1.0;1.584;6.426;-6.113;4.841
sub-12_raw.fif;motiv;extr;264;0.0;5.182;19.277;1.904;14.095
sub-12_raw.fif;motiv;extr;265;1.0;1.672;4.894;-4.038;3.222
sub-12_raw.fif;motiv;extr;266;0.0;-13.093;-6.035;-17.29;7.058
sub-12_raw.fif;motiv;extr;267;1.0;5.672;4.357;-5.987;-1.315
sub-12_raw.fif;motiv;extr;268;1.0;-1.181;10.241;-6.005;11.421
sub-12_raw.fif;motiv;extr;269;1.0;0.636;-0.781;-3.886;-1.417
sub-12_raw.fif;motiv;extr;270;1.0;1.693;-0.428;-1.525;-2.121
sub-12_raw.fif;motiv;extr;271;1.0;3.627;5.715;-4.655;2.088
sub-12_raw.fif;motiv;extr;272;1.0;-3.054;12.041;-6.749;15.095
sub-12_raw.fif;motiv;extr;273;1.0;-16.517;5.035;-22.294;21.552
sub-12_raw.fif;motiv;extr;274;1.0;2.932;11.181;-5.182;8.25
sub-12_raw.fif;motiv;extr;275;1.0;5.619;1.206;-1.818;-4.413
sub-12_raw.fif;motiv;extr;276;1.0;1.98;2.825;-0.804;0.844
sub-12_raw.fif;motiv;extr;277;1.0;-4.601;3.082;-12.098;7.682
sub-12_raw.fif;motiv;extr;278;1.0;5.141;3.649;0.452;-1.492
sub-12_raw.fif;motiv;extr;279;0.0;-10.285;1.331;-17.261;11.616
sub-12_raw.fif;motiv;extr;280;1.0;3.225;-1.585;-1.588;-4.81
sub-12_raw.fif;motiv;extr;281;1.0;1.36;-1.894;-5.565;-3.253
sub-12_raw.fif;motiv;extr;282;1.0;-15.12;-0.614;-22.553;14.506
sub-12_raw.fif;motiv;extr;283;1.0;-7.412;4.673;-15.215;12.085
sub-12_raw.fif;amotiv;easy;284;1.0;-6.288;8.19;-11.354;14.478
sub-12_raw.fif;amotiv;easy;285;1.0;-9.395;7.518;-13.156;16.913
sub-12_raw.fif;amotiv;easy;286;1.0;-0.498;-0.008;-7.05;0.49
sub-12_raw.fif;amotiv;easy;287;1.0;3.693;-0.066;-8.717;-3.76
sub-12_raw.fif;amotiv;easy;288;1.0;-8.485;0.276;-13.947;8.761
sub-12_raw.fif;amotiv;easy;289;1.0;-7.959;4.606;-13.762;12.566
sub-12_raw.fif;amotiv;easy;290;0.0;14.348;-1.808;10.938;-16.156
sub-12_raw.fif;amotiv;easy;291;1.0;-7.16;7.715;-17.674;14.875
sub-12_raw.fif;amotiv;easy;292;0.0;-18.675;-7.476;-31.226;11.199
sub-12_raw.fif;amotiv;easy;293;1.0;-4.175;2.002;-16.998;6.177
sub-12_raw.fif;amotiv;easy;294;1.0;6.414;12.005;-1.24;5.591
sub-12_raw.fif;amotiv;easy;295;1.0;4.205;13.183;-5.475;8.977
sub-12_raw.fif;amotiv;easy;296;1.0;-7.363;4.143;-18.973;11.507
sub-12_raw.fif;amotiv;easy;297;1.0;16.628;2.168;13.712;-14.46
sub-12_raw.fif;amotiv;easy;298;1.0;9.897;8.524;6.383;-1.373
sub-12_raw.fif;amotiv;easy;299;0.0;7.974;14.054;2.742;6.08
sub-12_raw.fif;amotiv;easy;300;1.0;-0.227;2.35;-12.3;2.577
sub-12_raw.fif;amotiv;easy;301;1.0;-7.714;-5.096;-13.056;2.619
sub-12_raw.fif;amotiv;easy;302;1.0;-2.962;-1.942;-7.281;1.02
sub-12_raw.fif;amotiv;easy;303;1.0;3.294;11.119;-9.689;7.825
sub-12_raw.fif;amotiv;easy;304;0.0;-6.455;7.309;-9.413;13.764
sub-12_raw.fif;amotiv;easy;305;1.0;-8.142;-3.172;-15.835;4.97
sub-12_raw.fif;amotiv;easy;306;1.0;-4.254;2.927;-8.928;7.181
sub-12_raw.fif;amotiv;easy;307;1.0;15.624;4.708;12.967;-10.916
sub-12_raw.fif;amotiv;easy;308;0.0;4.88;12.583;-2.664;7.704
sub-12_raw.fif;amotiv;easy;309;1.0;10.879;-3.159;6.889;-14.038
sub-12_raw.fif;amotiv;extr;310;0.0;-13.25;-8.519;-18.398;4.731
sub-12_raw.fif;amotiv;extr;311;1.0;11.556;3.873;5.051;-7.684
sub-12_raw.fif;amotiv;extr;312;0.0;-18.288;-1.847;-25.268;16.441
sub-12_raw.fif;amotiv;extr;313;1.0;-4.568;-1.551;-9.663;3.017
sub-12_raw.fif;amotiv;extr;314;1.0;2.995;3.794;1.764;0.799
sub-12_raw.fif;amotiv;extr;315;1.0;5.245;0.217;0.15;-5.028
sub-12_raw.fif;amotiv;extr;316;1.0;0.959;7.046;-5.616;6.086
sub-12_raw.fif;amotiv;extr;317;1.0;-0.139;-7.141;-5.291;-7.002
sub-12_raw.fif;amotiv;extr;318;1.0;3.421;8.968;-4.71;5.547
sub-12_raw.fif;amotiv;extr;319;1.0;5.839;7.745;1.273;1.906
sub-12_raw.fif;amotiv;extr;320;1.0;-2.609;0.201;-8.482;2.81
sub-12_raw.fif;amotiv;extr;321;1.0;-3.152;9.429;-5.728;12.58
sub-12_raw.fif;amotiv;extr;322;1.0;-5.883;4.333;-8.039;10.216
sub-12_raw.fif;amotiv;extr;323;1.0;3.317;-8.198;-0.937;-11.515
sub-12_raw.fif;amotiv;extr;324;1.0;-0.657;5.505;-4.37;6.162
sub-12_raw.fif;amotiv;extr;325;1.0;-8.818;5.727;-12.967;14.545
sub-12_raw.fif;amotiv;extr;326;1.0;-0.797;-7.137;-6.157;-6.34
sub-12_raw.fif;amotiv;extr;327;1.0;1.641;8.426;-8.404;6.785
sub-12_raw.fif;amotiv;extr;328;1.0;2.553;-0.597;-1.853;-3.15
sub-12_raw.fif;amotiv;extr;329;1.0;-6.289;7.947;-12.933;14.235
sub-12_raw.fif;amotiv;extr;330;0.0;3.949;16.991;-6.706;13.041
sub-12_raw.fif;amotiv;extr;331;1.0;-1.927;1.586;-12.368;3.513
sub-12_raw.fif;amotiv;extr;332;1.0;3.508;-2.465;-1.269;-5.974
sub-12_raw.fif;amotiv;extr;333;1.0;-14.35;3.98;-22.442;18.33
sub-12_raw.fif;amotiv;extr;334;1.0;-5.751;3.541;-10.024;9.293
sub-12_raw.fif;amotiv;extr;335;1.0;3.168;-2.001;-4.883;-5.169
sub-13_raw.fif;amotiv;easy;0;0.0;-8.195;-20.605;-18.966;-12.411
sub-13_raw.fif;amotiv;easy;1;0.0;-6.987;-2.584;-14.335;4.404
sub-13_raw.fif;amotiv;easy;2;1.0;-1.597;6.424;-4.687;8.022
sub-13_raw.fif;amotiv;easy;3;0.0;-12.349;-21.915;-16.301;-9.565
sub-13_raw.fif;amotiv;easy;4;1.0;0.214;15.633;-12.413;15.42
sub-13_raw.fif;amotiv;easy;5;0.0;8.004;7.468;-1.047;-0.536
sub-13_raw.fif;amotiv;easy;6;0.0;-11.56;3.394;-14.738;14.954
sub-13_raw.fif;amotiv;easy;7;1.0;4.235;4.66;-9.315;0.425
sub-13_raw.fif;amotiv;easy;8;1.0;-6.393;14.48;-9.956;20.873
sub-13_raw.fif;amotiv;easy;9;0.0;-6.684;-19.667;-10.739;-12.982
sub-13_raw.fif;amotiv;easy;10;1.0;0.504;1.587;-7.547;1.083
sub-13_raw.fif;amotiv;easy;11;1.0;2.197;-5.614;-0.108;-7.811
sub-13_raw.fif;amotiv;easy;12;1.0;9.775;-0.705;4.338;-10.48
sub-13_raw.fif;amotiv;easy;13;0.0;-1.415;34.425;-10.333;35.84
sub-13_raw.fif;amotiv;easy;14;1.0;13.773;9.719;6.404;-4.054
sub-13_raw.fif;amotiv;easy;15;0.0;9.165;-3.337;1.128;-12.502
sub-13_raw.fif;amotiv;easy;16;1.0;-8.487;-0.596;-17.041;7.891
sub-13_raw.fif;amotiv;easy;17;1.0;1.838;2.007;-1.484;0.169
sub-13_raw.fif;amotiv;easy;18;0.0;9.84;-9.551;2.912;-19.391
sub-13_raw.fif;amotiv;easy;19;1.0;-20.152;19.999;-28.696;40.151
sub-13_raw.fif;amotiv;easy;20;1.0;17.039;0.367;8.708;-16.672
sub-13_raw.fif;amotiv;easy;21;0.0;20.748;-4.128;12.529;-24.876
sub-13_raw.fif;amotiv;easy;22;1.0;-3.201;7.257;-9.232;10.459
sub-13_raw.fif;amotiv;easy;23;1.0;8.929;20.906;-6.105;11.977
sub-13_raw.fif;amotiv;easy;24;1.0;-2.455;0.876;-6.003;3.331
sub-13_raw.fif;amotiv;easy;25;1.0;2.601;8.597;-0.924;5.995
sub-13_raw.fif;motiv;easy;26;1.0;6.788;-1.883;0.977;-8.671
sub-13_raw.fif;motiv;easy;27;0.0;10.561;5.7;1.073;-4.861
sub-13_raw.fif;motiv;easy;28;1.0;-1.922;8.815;-6.314;10.736
sub-13_raw.fif;motiv;easy;29;1.0;13.332;8.034;9.267;-5.298
sub-13_raw.fif;motiv;easy;30;1.0;0.801;11.032;-6.65;10.231
sub-13_raw.fif;motiv;easy;31;0.0;-18.692;7.912;-27.058;26.604
sub-13_raw.fif;motiv;easy;32;1.0;-0.501;19.527;-4.673;20.028
sub-13_raw.fif;motiv;easy;33;1.0;-10.798;1.272;-15.864;12.07
sub-13_raw.fif;motiv;easy;34;1.0;1.593;9.512;-2.995;7.92
sub-13_raw.fif;motiv;easy;35;0.0;-1.423;-9.511;-8.226;-8.088
sub-13_raw.fif;motiv;easy;36;0.0;-29.082;4.878;-38.605;33.959
sub-13_raw.fif;motiv;easy;37;1.0;12.994;5.354;8.836;-7.64
sub-13_raw.fif;motiv;easy;38;0.0;19.888;16.338;13.532;-3.55
sub-13_raw.fif;motiv;easy;39;0.0;-11.178;4.42;-16.217;15.597
sub-13_raw.fif;motiv;easy;40;1.0;12.429;2.154;-3.502;-10.275
sub-13_raw.fif;motiv;easy;41;1.0;-1.155;5.004;-5.727;6.159
sub-13_raw.fif;motiv;easy;42;1.0;13.677;-9.447;11.112;-23.124
sub-13_raw.fif;motiv;easy;43;1.0;-9.151;-4.736;-18.224;4.415
sub-13_raw.fif;motiv;easy;44;1.0;1.289;-12.508;-2.511;-13.797
sub-13_raw.fif;motiv;easy;45;1.0;4.285;-5.838;-3.849;-10.122
sub-13_raw.fif;motiv;easy;46;1.0;3.199;10.554;0.374;7.356
sub-13_raw.fif;motiv;easy;47;1.0;14.312;10.736;3.267;-3.576
sub-13_raw.fif;motiv;easy;48;1.0;1.885;-3.09;-5.931;-4.975
sub-13_raw.fif;motiv;easy;49;0.0;8.71;-1.605;2.83;-10.315
sub-13_raw.fif;motiv;easy;50;1.0;-4.728;26.047;-13.757;30.775
sub-13_raw.fif;motiv;easy;51;1.0;0.597;7.119;-4.282;6.522
sub-13_raw.fif;amotiv;hard;52;1.0;-3.922;21.209;-5.346;25.132
sub-13_raw.fif;amotiv;hard;53;1.0;4.899;16.131;2.096;11.232
sub-13_raw.fif;amotiv;hard;54;1.0;-15.267;16.133;-16.682;31.4
sub-13_raw.fif;amotiv;hard;55;1.0;16.514;-1.423;11.325;-17.937
sub-13_raw.fif;amotiv;hard;56;1.0;-1.086;-11.392;-14.536;-10.306
sub-13_raw.fif;amotiv;hard;57;1.0;9.301;0.18;7.206;-9.122
sub-13_raw.fif;amotiv;hard;58;1.0;10.152;4.152;1.965;-5.999
sub-13_raw.fif;amotiv;hard;59;1.0;6.545;-2.689;0.726;-9.234
sub-13_raw.fif;amotiv;hard;60;0.0;14.265;8.744;8.175;-5.521
sub-13_raw.fif;amotiv;hard;61;1.0;11.178;12.134;3.094;0.956
sub-13_raw.fif;amotiv;hard;62;1.0;3.137;15.791;-1.175;12.653
sub-13_raw.fif;amotiv;hard;63;1.0;6.791;12.34;-7.441;5.548
sub-13_raw.fif;amotiv;hard;64;1.0;7.887;3.803;3.854;-4.084
sub-13_raw.fif;amotiv;hard;65;1.0;-3.137;11.271;-10.261;14.407
sub-13_raw.fif;amotiv;hard;66;0.0;1.698;-7.317;-0.856;-9.015
sub-13_raw.fif;amotiv;hard;67;1.0;18.256;0.314;13.766;-17.942
sub-13_raw.fif;amotiv;hard;68;1.0;-2.878;3.731;-11.774;6.608
sub-13_raw.fif;amotiv;hard;69;1.0;-13.302;13.709;-18.669;27.011
sub-13_raw.fif;amotiv;hard;70;1.0;-1.139;5.13;-2.629;6.269
sub-13_raw.fif;amotiv;hard;71;1.0;-4.873;3.627;-13.249;8.5
sub-13_raw.fif;amotiv;hard;72;1.0;3.066;7.411;-2.483;4.344
sub-13_raw.fif;amotiv;hard;73;0.0;-2.693;23.803;-8.083;26.496
sub-13_raw.fif;amotiv;hard;74;1.0;4.913;5.756;-2.04;0.843
sub-13_raw.fif;amotiv;hard;75;0.0;12.056;20.578;7.609;8.522
sub-13_raw.fif;amotiv;hard;76;1.0;2.659;-5.101;0.571;-7.76
sub-13_raw.fif;amotiv;hard;77;1.0;9.873;4.569;-0.428;-5.304
sub-13_raw.fif;amotiv;extr;78;1.0;-5.681;17.78;-9.794;23.461
sub-13_raw.fif;amotiv;extr;79;0.0;27.947;14.365;22.164;-13.582
sub-13_raw.fif;amotiv;extr;80;1.0;-5.374;16.53;-15.97;21.903
sub-13_raw.fif;amotiv;extr;81;0.0;32.235;-5.578;20.017;-37.814
sub-13_raw.fif;amotiv;extr;82;1.0;-9.157;4.515;-15.348;13.672
sub-13_raw.fif;amotiv;extr;83;1.0;-2.143;9.724;-6.679;11.867
sub-13_raw.fif;amotiv;extr;84;1.0;-2.376;-2.585;-11.355;-0.209
sub-13_raw.fif;amotiv;extr;85;1.0;6.991;33.105;3.677;26.114
sub-13_raw.fif;amotiv;extr;86;1.0;1.0;7.56;-3.313;6.56
sub-13_raw.fif;amotiv;extr;87;1.0;-10.654;7.618;-13.792;18.272
sub-13_raw.fif;amotiv;extr;88;0.0;-1.883;-4.731;-10.928;-2.848
sub-13_raw.fif;amotiv;extr;89;1.0;0.823;0.485;-1.348;-0.337
sub-13_raw.fif;amotiv;extr;90;1.0;3.568;-1.862;0.468;-5.43
sub-13_raw.fif;amotiv;extr;91;0.0;8.376;22.442;2.447;14.065
sub-13_raw.fif;amotiv;extr;92;1.0;-18.796;10.198;-29.181;28.994
sub-13_raw.fif;amotiv;extr;93;1.0;5.561;8.376;2.171;2.816
sub-13_raw.fif;amotiv;extr;94;0.0;0.173;-7.51;-6.447;-7.683
sub-13_raw.fif;amotiv;extr;95;1.0;6.262;7.217;2.134;0.954
sub-13_raw.fif;amotiv;extr;96;1.0;10.586;15.848;8.722;5.262
sub-13_raw.fif;amotiv;extr;97;0.0;19.434;12.31;16.36;-7.124
sub-13_raw.fif;amotiv;extr;98;1.0;-3.048;8.0;-9.908;11.048
sub-13_raw.fif;amotiv;extr;99;1.0;-7.084;0.072;-18.872;7.157
sub-13_raw.fif;amotiv;extr;100;1.0;20.939;7.061;14.268;-13.878
sub-13_raw.fif;amotiv;extr;101;0.0;8.539;23.49;0.945;14.951
sub-13_raw.fif;amotiv;extr;102;1.0;9.715;3.893;-5.006;-5.822
sub-13_raw.fif;amotiv;extr;103;1.0;4.701;15.25;-1.27;10.55
sub-13_raw.fif;motiv;extr;104;1.0;4.899;6.526;-4.906;1.627
sub-13_raw.fif;motiv;extr;105;1.0;3.939;7.02;-1.42;3.081
sub-13_raw.fif;motiv;extr;106;0.0;3.563;17.33;-0.009;13.767
sub-13_raw.fif;motiv;extr;107;1.0;17.695;2.963;13.803;-14.732
sub-13_raw.fif;motiv;extr;108;1.0;12.895;4.198;8.948;-8.698
sub-13_raw.fif;motiv;extr;109;1.0;-7.633;4.083;-14.896;11.716
sub-13_raw.fif;motiv;extr;110;1.0;6.162;11.787;1.525;5.625
sub-13_raw.fif;motiv;extr;111;1.0;-7.556;9.17;-10.19;16.726
sub-13_raw.fif;motiv;extr;112;1.0;6.092;11.925;-7.723;5.833
sub-13_raw.fif;motiv;extr;113;1.0;-11.639;13.087;-22.771;24.726
sub-13_raw.fif;motiv;extr;114;1.0;1.714;20.223;-8.282;18.509
sub-13_raw.fif;motiv;extr;115;1.0;7.294;6.1;-1.363;-1.194
sub-13_raw.fif;motiv;extr;116;0.0;1.22;7.334;-5.499;6.114
sub-13_raw.fif;motiv;extr;117;1.0;12.524;6.255;2.601;-6.269
sub-13_raw.fif;motiv;extr;118;1.0;-1.906;11.325;-10.381;13.23
sub-13_raw.fif;motiv;extr;119;1.0;7.351;2.26;1.951;-5.091
sub-13_raw.fif;motiv;extr;120;1.0;-3.089;8.105;-10.437;11.194
sub-13_raw.fif;motiv;extr;121;1.0;-7.686;0.733;-18.498;8.419
sub-13_raw.fif;motiv;extr;122;1.0;-0.38;10.871;-4.85;11.251
sub-13_raw.fif;motiv;extr;123;1.0;-5.472;21.908;-11.308;27.38
sub-13_raw.fif;motiv;extr;124;0.0;7.806;15.335;2.479;7.53
sub-13_raw.fif;motiv;extr;125;1.0;4.821;-0.923;0.082;-5.744
sub-13_raw.fif;motiv;extr;126;1.0;10.268;6.995;3.574;-3.273
sub-13_raw.fif;motiv;extr;127;1.0;5.703;-2.347;-0.334;-8.05
sub-13_raw.fif;motiv;extr;128;1.0;2.169;9.915;-8.63;7.746
sub-13_raw.fif;motiv;extr;129;1.0;3.132;13.499;-3.72;10.367
sub-13_raw.fif;motiv;hard;130;1.0;-3.315;11.23;-12.045;14.545
sub-13_raw.fif;motiv;hard;131;1.0;-4.018;9.023;-11.736;13.041
sub-13_raw.fif;motiv;hard;132;0.0;20.498;2.73;15.601;-17.768
sub-13_raw.fif;motiv;hard;133;1.0;16.334;5.903;8.502;-10.432
sub-13_raw.fif;motiv;hard;134;1.0;-14.835;7.633;-21.53;22.469
sub-13_raw.fif;motiv;hard;135;1.0;19.413;16.701;10.958;-2.712
sub-13_raw.fif;motiv;hard;136;1.0;-11.845;12.813;-16.786;24.658
sub-13_raw.fif;motiv;hard;137;1.0;7.726;8.734;4.125;1.008
sub-13_raw.fif;motiv;hard;138;1.0;-14.094;10.064;-20.415;24.157
sub-13_raw.fif;motiv;hard;139;0.0;16.584;12.981;11.76;-3.603
sub-13_raw.fif;motiv;hard;140;1.0;15.973;-10.216;12.921;-26.189
sub-13_raw.fif;motiv;hard;141;1.0;4.036;-0.041;-5.589;-4.078
sub-13_raw.fif;motiv;hard;142;1.0;-9.306;6.611;-14.25;15.917
sub-13_raw.fif;motiv;hard;143;1.0;8.053;5.094;5.024;-2.959
sub-13_raw.fif;motiv;hard;144;1.0;2.709;7.327;-4.711;4.618
sub-13_raw.fif;motiv;hard;145;1.0;-3.223;12.466;-6.554;15.689
sub-13_raw.fif;motiv;hard;146;0.0;10.748;17.716;2.454;6.968
sub-13_raw.fif;motiv;hard;147;1.0;-0.285;26.75;-8.3;27.036
sub-13_raw.fif;motiv;hard;148;1.0;-4.631;10.74;-10.141;15.37
sub-13_raw.fif;motiv;hard;149;1.0;8.876;12.21;0.187;3.334
sub-13_raw.fif;motiv;hard;150;1.0;-5.442;-3.451;-11.885;1.991
sub-13_raw.fif;motiv;hard;151;1.0;8.985;-0.239;5.363;-9.225
sub-13_raw.fif;motiv;hard;152;1.0;7.587;24.631;4.503;17.044
sub-13_raw.fif;motiv;hard;153;1.0;8.45;8.2;2.123;-0.251
sub-13_raw.fif;motiv;hard;154;1.0;21.536;11.684;16.046;-9.852
sub-13_raw.fif;motiv;hard;155;1.0;7.177;16.054;3.869;8.877
sub-13_raw.fif;amotiv;easy;156;1.0;4.752;13.493;-3.0;8.74
sub-13_raw.fif;amotiv;easy;157;1.0;2.529;12.867;-1.767;10.338
sub-13_raw.fif;amotiv;easy;158;1.0;3.078;18.841;-4.156;15.763
sub-13_raw.fif;amotiv;easy;159;1.0;4.041;6.559;-0.347;2.518
sub-13_raw.fif;amotiv;easy;160;0.0;9.293;9.618;4.816;0.326
sub-13_raw.fif;amotiv;easy;161;1.0;6.522;16.868;1.388;10.346
sub-13_raw.fif;amotiv;easy;162;0.0;9.769;28.092;-5.927;18.323
sub-13_raw.fif;amotiv;easy;163;0.0;-10.275;6.451;-13.157;16.726
sub-13_raw.fif;amotiv;easy;164;0.0;-3.086;7.649;-9.191;10.735
sub-13_raw.fif;amotiv;easy;165;0.0;4.411;25.517;-4.545;21.106
sub-13_raw.fif;amotiv;easy;166;1.0;-0.199;15.52;-4.604;15.719
sub-13_raw.fif;amotiv;easy;167;0.0;11.119;-9.701;-2.113;-20.82
sub-13_raw.fif;amotiv;easy;168;1.0;9.125;-7.142;0.828;-16.267
sub-13_raw.fif;amotiv;easy;169;1.0;10.088;15.914;4.272;5.826
sub-13_raw.fif;amotiv;easy;170;1.0;2.472;18.351;-6.024;15.879
sub-13_raw.fif;amotiv;easy;171;1.0;-6.844;4.195;-12.072;11.039
sub-13_raw.fif;amotiv;easy;172;1.0;-6.686;26.942;-8.35;33.628
sub-13_raw.fif;amotiv;easy;173;1.0;9.077;26.173;-0.847;17.096
sub-13_raw.fif;amotiv;easy;174;1.0;-11.396;8.783;-16.634;20.18
sub-13_raw.fif;amotiv;easy;175;1.0;-3.311;22.457;-13.269;25.768
sub-13_raw.fif;amotiv;easy;176;1.0;8.739;15.629;3.078;6.89
sub-13_raw.fif;amotiv;easy;177;1.0;1.726;10.662;-0.961;8.936
sub-13_raw.fif;amotiv;easy;178;1.0;2.35;8.91;-3.151;6.56
sub-13_raw.fif;amotiv;easy;179;1.0;12.098;12.409;9.705;0.311
sub-13_raw.fif;amotiv;easy;180;1.0;-6.732;-0.809;-10.74;5.923
sub-13_raw.fif;amotiv;easy;181;1.0;10.921;9.424;0.28;-1.497
sub-13_raw.fif;amotiv;easy;182;1.0;-1.315;6.912;-2.782;8.227
sub-13_raw.fif;amotiv;easy;183;1.0;-10.618;2.878;-25.202;13.496
sub-13_raw.fif;amotiv;easy;184;1.0;0.901;1.477;-9.903;0.576
sub-13_raw.fif;amotiv;easy;185;1.0;9.793;13.648;1.389;3.856
sub-13_raw.fif;motiv;easy;186;1.0;12.859;2.886;10.514;-9.974
sub-13_raw.fif;motiv;easy;187;1.0;2.484;0.542;-7.381;-1.942
sub-13_raw.fif;motiv;easy;188;0.0;-3.48;17.175;-6.838;20.655
sub-13_raw.fif;motiv;easy;189;1.0;6.057;-1.163;-5.632;-7.219
sub-13_raw.fif;motiv;easy;190;0.0;7.074;18.696;4.208;11.622
sub-13_raw.fif;motiv;easy;191;1.0;7.69;22.671;0.681;14.981
sub-13_raw.fif;motiv;easy;192;1.0;17.327;12.617;0.174;-4.71
sub-13_raw.fif;motiv;easy;193;1.0;-0.892;6.164;-8.734;7.057
sub-13_raw.fif;motiv;easy;194;1.0;25.101;3.046;20.719;-22.055
sub-13_raw.fif;motiv;easy;195;1.0;9.758;17.76;4.819;8.002
sub-13_raw.fif;motiv;easy;196;1.0;10.379;6.56;7.826;-3.819
sub-13_raw.fif;motiv;easy;197;1.0;-4.444;2.968;-11.856;7.412
sub-13_raw.fif;motiv;easy;198;1.0;0.287;-3.504;-6.223;-3.791
sub-13_raw.fif;motiv;easy;199;1.0;-0.234;4.059;-3.731;4.293
sub-13_raw.fif;motiv;easy;200;1.0;6.857;3.03;-3.531;-3.828
sub-13_raw.fif;motiv;easy;201;0.0;1.987;-12.812;-6.564;-14.799
sub-13_raw.fif;motiv;easy;202;0.0;17.171;18.099;14.116;0.929
sub-13_raw.fif;motiv;easy;203;0.0;9.383;27.188;3.928;17.805
sub-13_raw.fif;motiv;easy;204;1.0;-6.197;12.734;-12.798;18.931
sub-13_raw.fif;motiv;easy;205;0.0;-5.087;10.521;-11.929;15.609
sub-13_raw.fif;motiv;easy;206;0.0;28.095;19.119;18.882;-8.977
sub-13_raw.fif;motiv;easy;207;1.0;-0.6;11.331;-3.046;11.931
sub-13_raw.fif;motiv;easy;208;0.0;-2.031;12.363;-9.426;14.395
sub-13_raw.fif;motiv;easy;209;1.0;4.909;12.877;-2.078;7.968
sub-13_raw.fif;motiv;easy;210;1.0;1.375;12.629;-4.641;11.254
sub-13_raw.fif;motiv;easy;211;1.0;16.774;15.333;11.967;-1.44
sub-13_raw.fif;motiv;easy;212;1.0;-5.086;6.34;-10.365;11.426
sub-13_raw.fif;motiv;easy;213;1.0;20.547;0.065;10.959;-20.482
sub-13_raw.fif;motiv;easy;214;1.0;16.304;16.853;13.757;0.55
sub-13_raw.fif;motiv;easy;215;1.0;-5.155;6.133;-12.546;11.288
sub-13_raw.fif;amotiv;hard;216;0.0;4.616;29.028;-2.407;24.412
sub-13_raw.fif;amotiv;hard;217;1.0;11.417;2.628;6.3;-8.789
sub-13_raw.fif;amotiv;hard;218;1.0;-2.339;11.297;-8.345;13.636
sub-13_raw.fif;amotiv;hard;219;1.0;15.907;6.189;4.446;-9.718
sub-13_raw.fif;amotiv;hard;220;1.0;-5.39;1.637;-12.949;7.027
sub-13_raw.fif;amotiv;hard;221;0.0;-1.03;4.435;-33.711;5.465
sub-13_raw.fif;amotiv;hard;222;0.0;16.047;17.179;11.457;1.132
sub-13_raw.fif;amotiv;hard;223;1.0;-4.118;-0.02;-11.947;4.098
sub-13_raw.fif;amotiv;hard;224;1.0;10.85;1.033;3.729;-9.817
sub-13_raw.fif;amotiv;hard;225;1.0;8.534;-1.606;2.195;-10.14
sub-13_raw.fif;amotiv;hard;226;1.0;-1.21;10.12;-4.473;11.33
sub-13_raw.fif;amotiv;hard;227;0.0;32.343;-9.362;27.415;-41.705
sub-13_raw.fif;amotiv;hard;228;1.0;-5.612;23.874;-12.611;29.486
sub-13_raw.fif;amotiv;hard;229;0.0;-11.934;9.578;-15.134;21.512
sub-13_raw.fif;amotiv;hard;230;1.0;-0.104;-3.315;-6.971;-3.211
sub-13_raw.fif;amotiv;hard;231;0.0;-4.965;24.23;-14.472;29.195
sub-13_raw.fif;amotiv;hard;232;0.0;19.357;19.513;11.761;0.156
sub-13_raw.fif;amotiv;hard;233;0.0;7.177;17.014;-1.506;9.837
sub-13_raw.fif;amotiv;hard;234;0.0;9.73;-13.768;0.339;-23.499
sub-13_raw.fif;amotiv;hard;235;1.0;-2.044;4.891;-6.538;6.935
sub-13_raw.fif;amotiv;hard;236;1.0;6.847;21.753;1.62;14.906
sub-13_raw.fif;amotiv;hard;237;0.0;7.371;22.584;0.691;15.212
sub-13_raw.fif;amotiv;hard;238;1.0;3.26;14.836;-3.748;11.576
sub-13_raw.fif;amotiv;hard;239;1.0;-10.408;8.371;-29.704;18.779
sub-13_raw.fif;amotiv;hard;240;0.0;9.243;-13.076;4.19;-22.318
sub-13_raw.fif;amotiv;hard;241;1.0;12.156;17.331;2.143;5.175
sub-13_raw.fif;amotiv;hard;242;1.0;-9.918;-1.107;-15.362;8.811
sub-13_raw.fif;amotiv;hard;243;1.0;14.803;4.519;9.955;-10.284
sub-13_raw.fif;amotiv;hard;244;1.0;11.463;-1.864;7.08;-13.327
sub-13_raw.fif;amotiv;hard;245;1.0;0.914;13.051;-11.334;12.137
sub-13_raw.fif;amotiv;extr;246;0.0;-0.461;0.364;-3.493;0.825
sub-13_raw.fif;amotiv;extr;247;1.0;-1.886;1.125;-9.816;3.011
sub-13_raw.fif;amotiv;extr;248;1.0;14.144;-5.97;7.695;-20.114
sub-13_raw.fif;amotiv;extr;249;0.0;-6.277;-6.542;-14.951;-0.265
sub-13_raw.fif;amotiv;extr;250;1.0;12.48;1.872;4.902;-10.608
sub-13_raw.fif;amotiv;extr;251;1.0;19.113;6.876;11.26;-12.237
sub-13_raw.fif;amotiv;extr;252;1.0;4.382;-3.675;-3.07;-8.057
sub-13_raw.fif;amotiv;extr;253;1.0;6.16;15.48;-2.0;9.319
sub-13_raw.fif;amotiv;extr;254;1.0;8.306;14.537;-0.352;6.23
sub-13_raw.fif;amotiv;extr;255;1.0;-6.095;13.679;-17.133;19.773
sub-13_raw.fif;amotiv;extr;256;1.0;7.474;-2.943;0.575;-10.417
sub-13_raw.fif;amotiv;extr;257;1.0;3.158;10.42;-6.392;7.261
sub-13_raw.fif;amotiv;extr;258;1.0;12.702;-0.24;3.967;-12.943
sub-13_raw.fif;amotiv;extr;259;1.0;3.219;1.187;-2.789;-2.033
sub-13_raw.fif;amotiv;extr;260;1.0;25.329;-0.262;17.753;-25.591
sub-13_raw.fif;amotiv;extr;261;1.0;-2.811;2.613;-11.68;5.424
sub-13_raw.fif;amotiv;extr;262;1.0;22.204;0.297;12.333;-21.907
sub-13_raw.fif;amotiv;extr;263;1.0;-6.269;4.067;-13.992;10.336
sub-13_raw.fif;amotiv;extr;264;1.0;4.385;8.873;-3.991;4.488
sub-13_raw.fif;amotiv;extr;265;0.0;10.785;25.775;6.031;14.991
sub-13_raw.fif;amotiv;extr;266;1.0;-3.742;0.879;-11.279;4.621
sub-13_raw.fif;amotiv;extr;267;0.0;1.512;15.429;-5.123;13.917
sub-13_raw.fif;amotiv;extr;268;1.0;2.988;2.153;-9.535;-0.835
sub-13_raw.fif;amotiv;extr;269;1.0;-2.387;1.013;-9.168;3.401
sub-13_raw.fif;amotiv;extr;270;1.0;17.364;-3.362;5.992;-20.726
sub-13_raw.fif;amotiv;extr;271;1.0;-8.772;6.093;-17.597;14.865
sub-13_raw.fif;amotiv;extr;272;1.0;0.509;17.692;-8.928;17.182
sub-13_raw.fif;amotiv;extr;273;0.0;-5.561;32.697;-8.955;38.258
sub-13_raw.fif;amotiv;extr;274;0.0;0.125;6.917;-12.413;6.792
sub-13_raw.fif;amotiv;extr;275;1.0;2.015;16.125;-10.427;14.11
sub-13_raw.fif;motiv;extr;276;0.0;7.806;13.191;-0.186;5.385
sub-13_raw.fif;motiv;extr;277;1.0;12.066;-9.297;2.997;-21.364
sub-13_raw.fif;motiv;extr;278;1.0;6.341;21.769;-0.015;15.427
sub-13_raw.fif;motiv;extr;279;1.0;6.773;15.171;2.397;8.397
sub-13_raw.fif;motiv;extr;280;1.0;0.367;5.018;-4.8;4.651
sub-13_raw.fif;motiv;extr;281;1.0;1.129;-6.093;-3.917;-7.222
sub-13_raw.fif;motiv;extr;282;1.0;6.438;3.89;-2.262;-2.547
sub-13_raw.fif;motiv;extr;283;1.0;4.797;4.254;0.351;-0.544
sub-13_raw.fif;motiv;extr;284;1.0;12.023;8.852;7.657;-3.171
sub-13_raw.fif;motiv;extr;285;0.0;27.895;18.395;24.194;-9.5
sub-13_raw.fif;motiv;extr;286;1.0;-9.335;11.746;-13.466;21.081
sub-13_raw.fif;motiv;extr;287;1.0;11.515;21.994;1.488;10.479
sub-13_raw.fif;motiv;extr;288;1.0;-9.77;1.429;-13.799;11.199
sub-13_raw.fif;motiv;extr;289;1.0;14.699;-2.479;6.466;-17.177
sub-13_raw.fif;motiv;extr;290;1.0;11.375;-2.608;-0.496;-13.984
sub-13_raw.fif;motiv;extr;291;1.0;-2.227;10.856;-6.789;13.083
sub-13_raw.fif;motiv;extr;292;0.0;4.453;-2.027;1.166;-6.48
sub-13_raw.fif;motiv;extr;293;0.0;8.066;19.717;5.279;11.651
sub-13_raw.fif;motiv;extr;294;1.0;7.753;0.903;0.857;-6.85
sub-13_raw.fif;motiv;extr;295;0.0;25.925;15.134;20.526;-10.791
sub-13_raw.fif;motiv;extr;296;0.0;5.526;-6.815;1.609;-12.341
sub-13_raw.fif;motiv;extr;297;1.0;10.733;21.787;3.106;11.054
sub-13_raw.fif;motiv;extr;298;1.0;16.284;-6.586;11.089;-22.87
sub-13_raw.fif;motiv;extr;299;0.0;-2.132;3.232;-11.254;5.364
sub-13_raw.fif;motiv;extr;300;0.0;16.341;14.539;8.087;-1.802
sub-13_raw.fif;motiv;extr;301;1.0;3.747;11.58;0.262;7.833
sub-13_raw.fif;motiv;extr;302;0.0;-25.774;14.013;-59.528;39.787
sub-13_raw.fif;motiv;extr;303;1.0;-0.409;11.142;-4.118;11.551
sub-13_raw.fif;motiv;extr;304;1.0;-6.306;7.696;-13.518;14.001
sub-13_raw.fif;motiv;extr;305;1.0;-8.546;4.7;-10.619;13.246
sub-13_raw.fif;motiv;hard;306;1.0;7.794;14.005;2.012;6.211
sub-13_raw.fif;motiv;hard;307;0.0;0.749;26.489;-5.715;25.739
sub-13_raw.fif;motiv;hard;308;1.0;-6.862;7.718;-8.545;14.58
sub-13_raw.fif;motiv;hard;309;1.0;4.101;9.18;-3.807;5.08
sub-13_raw.fif;motiv;hard;310;1.0;-7.187;2.443;-14.654;9.63
sub-13_raw.fif;motiv;hard;311;1.0;10.311;7.2;0.808;-3.111
sub-13_raw.fif;motiv;hard;312;1.0;12.416;11.48;9.034;-0.937
sub-13_raw.fif;motiv;hard;313;1.0;11.588;6.44;8.184;-5.148
sub-13_raw.fif;motiv;hard;314;1.0;0.656;2.402;-4.919;1.746
sub-13_raw.fif;motiv;hard;315;1.0;-15.206;8.785;-19.553;23.99
sub-13_raw.fif;motiv;hard;316;0.0;17.94;25.504;14.47;7.564
sub-13_raw.fif;motiv;hard;317;1.0;2.46;2.372;-8.203;-0.087
sub-13_raw.fif;motiv;hard;318;1.0;-5.42;2.843;-12.423;8.263
sub-13_raw.fif;motiv;hard;319;1.0;-3.769;5.75;-11.366;9.519
sub-13_raw.fif;motiv;hard;320;1.0;14.788;4.119;8.572;-10.669
sub-13_raw.fif;motiv;hard;321;1.0;-4.838;-1.596;-12.124;3.243
sub-13_raw.fif;motiv;hard;322;1.0;-2.357;18.416;-7.538;20.773
sub-13_raw.fif;motiv;hard;323;1.0;3.365;11.555;-1.136;8.19
sub-13_raw.fif;motiv;hard;324;1.0;1.064;-1.969;-2.318;-3.033
sub-13_raw.fif;motiv;hard;325;1.0;12.965;-5.3;7.738;-18.266
sub-13_raw.fif;motiv;hard;326;1.0;-3.625;-0.847;-11.56;2.777
sub-13_raw.fif;motiv;hard;327;1.0;3.697;13.18;-1.724;9.483
sub-13_raw.fif;motiv;hard;328;1.0;1.621;1.177;-1.0;-0.444
sub-13_raw.fif;motiv;hard;329;1.0;4.052;0.275;1.328;-3.776
sub-13_raw.fif;motiv;hard;330;0.0;-6.425;-1.202;-9.817;5.223
sub-13_raw.fif;motiv;hard;331;0.0;3.686;9.287;0.633;5.601
sub-13_raw.fif;motiv;hard;332;1.0;1.588;9.734;-2.062;8.146
sub-13_raw.fif;motiv;hard;333;1.0;11.031;-2.172;5.753;-13.203
sub-13_raw.fif;motiv;hard;334;1.0;-3.169;-1.382;-10.485;1.786
sub-13_raw.fif;motiv;hard;335;1.0;10.357;7.36;2.959;-2.997
sub-14_raw.fif;motiv;hard;0;1.0;7.058;-5.189;1.828;-12.247
sub-14_raw.fif;motiv;hard;1;1.0;5.126;13.492;2.203;8.366
sub-14_raw.fif;motiv;hard;2;1.0;1.715;11.292;-3.363;9.577
sub-14_raw.fif;motiv;hard;3;1.0;8.768;11.756;5.472;2.988
sub-14_raw.fif;motiv;hard;4;1.0;7.865;3.292;2.63;-4.573
sub-14_raw.fif;motiv;hard;5;0.0;-12.366;-26.868;-15.109;-14.502
sub-14_raw.fif;motiv;hard;6;1.0;-8.215;-3.675;-14.507;4.54
sub-14_raw.fif;motiv;hard;7;1.0;5.783;1.141;-3.846;-4.642
sub-14_raw.fif;motiv;hard;8;1.0;-1.058;2.078;-5.178;3.136
sub-14_raw.fif;motiv;hard;9;0.0;13.031;24.051;8.251;11.02
sub-14_raw.fif;motiv;hard;10;1.0;3.898;-6.669;-3.424;-10.567
sub-14_raw.fif;motiv;hard;11;0.0;-0.303;-16.494;-3.652;-16.191
sub-14_raw.fif;motiv;hard;12;1.0;2.546;6.255;-1.301;3.709
sub-14_raw.fif;motiv;hard;13;1.0;5.274;18.912;1.327;13.637
sub-14_raw.fif;motiv;hard;14;1.0;17.516;20.316;14.183;2.8
sub-14_raw.fif;motiv;hard;15;1.0;5.771;-5.792;-5.982;-11.563
sub-14_raw.fif;motiv;hard;16;1.0;-7.677;12.442;-10.668;20.119
sub-14_raw.fif;motiv;hard;17;1.0;12.507;17.266;1.376;4.759
sub-14_raw.fif;motiv;hard;18;1.0;12.839;10.051;4.335;-2.788
sub-14_raw.fif;motiv;hard;19;1.0;7.408;8.451;3.723;1.043
sub-14_raw.fif;motiv;hard;20;1.0;-1.077;8.55;-8.788;9.628
sub-14_raw.fif;motiv;hard;21;0.0;-2.838;-8.622;-10.448;-5.784
sub-14_raw.fif;motiv;hard;22;1.0;6.219;-3.788;1.698;-10.007
sub-14_raw.fif;motiv;hard;23;1.0;8.24;7.719;1.571;-0.521
sub-14_raw.fif;motiv;hard;24;1.0;2.122;13.802;-1.034;11.68
sub-14_raw.fif;motiv;hard;25;0.0;21.996;11.507;14.211;-10.489
sub-14_raw.fif;motiv;hard;26;1.0;11.301;-3.352;6.227;-14.653
sub-14_raw.fif;motiv;hard;27;1.0;2.569;5.007;0.681;2.437
sub-14_raw.fif;motiv;hard;28;1.0;7.653;7.068;3.689;-0.584
sub-14_raw.fif;motiv;hard;29;1.0;13.464;5.244;9.485;-8.219
sub-14_raw.fif;amotiv;hard;30;1.0;4.62;14.49;-8.273;9.869
sub-14_raw.fif;amotiv;hard;31;0.0;16.784;19.817;11.591;3.033
sub-14_raw.fif;amotiv;hard;32;1.0;9.181;-1.845;4.114;-11.026
sub-14_raw.fif;amotiv;hard;33;1.0;0.135;9.074;-3.204;8.939
sub-14_raw.fif;amotiv;hard;34;1.0;2.974;16.555;-1.551;13.581
sub-14_raw.fif;amotiv;hard;35;1.0;9.642;4.69;6.136;-4.952
sub-14_raw.fif;amotiv;hard;36;0.0;13.732;20.006;6.056;6.275
sub-14_raw.fif;amotiv;hard;37;1.0;13.607;-4.26;10.572;-17.867
sub-14_raw.fif;amotiv;hard;38;1.0;12.981;8.431;8.818;-4.55
sub-14_raw.fif;amotiv;hard;39;1.0;4.707;7.178;-0.727;2.472
sub-14_raw.fif;amotiv;hard;40;1.0;13.06;7.416;7.975;-5.644
sub-14_raw.fif;amotiv;hard;41;1.0;10.123;3.155;4.079;-6.969
sub-14_raw.fif;amotiv;hard;42;1.0;6.713;3.034;2.231;-3.679
sub-14_raw.fif;amotiv;hard;43;1.0;3.492;0.372;0.677;-3.12
sub-14_raw.fif;amotiv;hard;44;1.0;17.668;8.934;10.596;-8.734
sub-14_raw.fif;amotiv;hard;45;0.0;3.409;-9.957;-1.185;-13.366
sub-14_raw.fif;amotiv;hard;46;1.0;-0.512;-8.651;-7.661;-8.139
sub-14_raw.fif;amotiv;hard;47;1.0;16.005;8.549;7.663;-7.455
sub-14_raw.fif;amotiv;hard;48;1.0;15.918;6.958;11.072;-8.959
sub-14_raw.fif;amotiv;hard;49;1.0;9.575;10.289;1.169;0.714
sub-14_raw.fif;amotiv;hard;50;1.0;11.855;-0.429;5.056;-12.284
sub-14_raw.fif;amotiv;hard;51;0.0;16.08;12.671;14.266;-3.408
sub-14_raw.fif;amotiv;hard;52;1.0;-4.742;-2.419;-6.779;2.322
sub-14_raw.fif;amotiv;hard;53;1.0;5.549;3.526;0.18;-2.023
sub-14_raw.fif;amotiv;hard;54;1.0;6.6;-6.25;1.973;-12.85
sub-14_raw.fif;amotiv;hard;55;1.0;12.507;12.491;4.885;-0.017
sub-14_raw.fif;amotiv;hard;56;1.0;12.158;3.699;7.337;-8.459
sub-14_raw.fif;amotiv;hard;57;0.0;20.334;22.207;15.308;1.873
sub-14_raw.fif;amotiv;hard;58;1.0;13.437;1.654;9.257;-11.784
sub-14_raw.fif;amotiv;hard;59;1.0;-0.377;20.884;-6.521;21.261
sub-14_raw.fif;motiv;extr;60;1.0;3.34;6.738;-7.667;3.398
sub-14_raw.fif;motiv;extr;61;1.0;-0.974;8.004;-9.437;8.978
sub-14_raw.fif;motiv;extr;62;1.0;11.682;-4.378;1.765;-16.06
sub-14_raw.fif;motiv;extr;63;1.0;-0.154;-1.171;-4.139;-1.017
sub-14_raw.fif;motiv;extr;64;1.0;11.821;7.905;10.477;-3.916
sub-14_raw.fif;motiv;extr;65;1.0;7.892;4.184;1.166;-3.708
sub-14_raw.fif;motiv;extr;66;1.0;7.813;10.451;5.375;2.638
sub-14_raw.fif;motiv;extr;67;1.0;15.498;7.941;6.291;-7.557
sub-14_raw.fif;motiv;extr;68;1.0;7.508;4.456;1.468;-3.052
sub-14_raw.fif;motiv;extr;69;0.0;2.668;-16.915;0.3;-19.584
sub-14_raw.fif;motiv;extr;70;1.0;16.936;9.341;10.23;-7.596
sub-14_raw.fif;motiv;extr;71;1.0;15.795;8.392;11.707;-7.403
sub-14_raw.fif;motiv;extr;72;1.0;-1.42;3.513;-9.497;4.933
sub-14_raw.fif;motiv;extr;73;1.0;2.77;-6.028;-0.489;-8.798
sub-14_raw.fif;motiv;extr;74;1.0;-0.784;6.722;-5.488;7.506
sub-14_raw.fif;motiv;extr;75;1.0;-7.464;1.302;-11.896;8.767
sub-14_raw.fif;motiv;extr;76;1.0;8.702;6.548;5.292;-2.154
sub-14_raw.fif;motiv;extr;77;1.0;3.471;13.26;0.188;9.789
sub-14_raw.fif;motiv;extr;78;1.0;2.374;-0.574;-5.014;-2.948
sub-14_raw.fif;motiv;extr;79;1.0;19.339;2.761;15.169;-16.578
sub-14_raw.fif;motiv;extr;80;1.0;11.639;4.579;6.797;-7.059
sub-14_raw.fif;motiv;extr;81;1.0;8.648;11.881;1.636;3.234
sub-14_raw.fif;motiv;extr;82;1.0;6.542;5.2;0.426;-1.342
sub-14_raw.fif;motiv;extr;83;1.0;6.095;3.52;1.916;-2.575
sub-14_raw.fif;motiv;extr;84;1.0;6.53;7.679;-0.465;1.149
sub-14_raw.fif;motiv;extr;85;1.0;16.446;10.382;9.417;-6.064
sub-14_raw.fif;motiv;extr;86;0.0;-11.409;10.897;-14.705;22.306
sub-14_raw.fif;motiv;extr;87;1.0;-1.927;4.925;-6.393;6.852
sub-14_raw.fif;motiv;extr;88;1.0;5.674;10.285;0.325;4.611
sub-14_raw.fif;motiv;extr;89;0.0;11.147;24.525;8.181;13.378
sub-14_raw.fif;motiv;easy;90;1.0;8.256;12.667;1.843;4.411
sub-14_raw.fif;motiv;easy;91;1.0;20.772;-2.832;16.952;-23.604
sub-14_raw.fif;motiv;easy;92;1.0;14.312;8.907;6.792;-5.406
sub-14_raw.fif;motiv;easy;93;1.0;4.946;13.072;2.437;8.126
sub-14_raw.fif;motiv;easy;94;1.0;-8.923;2.626;-12.752;11.549
sub-14_raw.fif;motiv;easy;95;1.0;5.624;4.073;0.832;-1.552
sub-14_raw.fif;motiv;easy;96;1.0;11.049;4.379;5.323;-6.67
sub-14_raw.fif;motiv;easy;97;1.0;10.901;6.621;3.499;-4.279
sub-14_raw.fif;motiv;easy;98;0.0;-14.835;-8.611;-31.592;6.223
sub-14_raw.fif;motiv;easy;99;1.0;0.676;3.378;-4.334;2.702
sub-14_raw.fif;motiv;easy;100;0.0;14.207;24.523;6.426;10.316
sub-14_raw.fif;motiv;easy;101;1.0;0.979;10.88;-4.139;9.901
sub-14_raw.fif;motiv;easy;102;1.0;11.758;9.025;6.597;-2.733
sub-14_raw.fif;motiv;easy;103;1.0;17.512;-0.203;12.85;-17.716
sub-14_raw.fif;motiv;easy;104;1.0;17.158;1.751;11.582;-15.407
sub-14_raw.fif;motiv;easy;105;1.0;7.107;11.442;-0.544;4.335
sub-14_raw.fif;motiv;easy;106;1.0;-0.77;-8.173;-8.057;-7.403
sub-14_raw.fif;motiv;easy;107;1.0;-8.976;0.085;-16.601;9.061
sub-14_raw.fif;motiv;easy;108;1.0;12.697;-2.855;4.047;-15.552
sub-14_raw.fif;motiv;easy;109;1.0;-9.67;7.257;-21.829;16.926
sub-14_raw.fif;motiv;easy;110;1.0;5.739;11.322;-1.466;5.583
sub-14_raw.fif;motiv;easy;111;1.0;5.041;12.277;-0.265;7.237
sub-14_raw.fif;motiv;easy;112;0.0;31.23;20.695;27.904;-10.534
sub-14_raw.fif;motiv;easy;113;1.0;3.211;2.608;-3.025;-0.603
sub-14_raw.fif;motiv;easy;114;1.0;-6.358;-2.953;-14.474;3.406
sub-14_raw.fif;motiv;easy;115;1.0;6.759;10.566;1.417;3.807
sub-14_raw.fif;motiv;easy;116;1.0;7.464;4.424;-3.878;-3.041
sub-14_raw.fif;motiv;easy;117;1.0;0.25;10.649;-2.693;10.399
sub-14_raw.fif;motiv;easy;118;1.0;7.047;8.683;-0.946;1.637
sub-14_raw.fif;motiv;easy;119;1.0;30.363;-0.08;16.664;-30.442
sub-14_raw.fif;amotiv;easy;120;1.0;-1.935;-5.343;-5.745;-3.408
sub-14_raw.fif;amotiv;easy;121;0.0;13.627;27.598;5.844;13.971
sub-14_raw.fif;amotiv;easy;122;1.0;7.172;0.515;-3.11;-6.657
sub-14_raw.fif;amotiv;easy;123;1.0;-2.162;-6.807;-4.111;-4.644
sub-14_raw.fif;amotiv;easy;124;1.0;20.896;0.451;15.179;-20.445
sub-14_raw.fif;amotiv;easy;125;1.0;-2.222;-10.004;-12.826;-7.782
sub-14_raw.fif;amotiv;easy;126;1.0;14.042;7.672;6.436;-6.37
sub-14_raw.fif;amotiv;easy;127;0.0;75.253;75.25;-62.773;-0.003
sub-14_raw.fif;amotiv;easy;128;1.0;1.11;2.639;-6.04;1.53
sub-14_raw.fif;amotiv;easy;129;1.0;8.29;1.682;-1.186;-6.608
sub-14_raw.fif;amotiv;easy;130;1.0;16.964;5.633;7.216;-11.331
sub-14_raw.fif;amotiv;easy;131;1.0;6.66;7.66;-2.412;1.001
sub-14_raw.fif;amotiv;easy;132;1.0;3.924;5.92;-3.06;1.996
sub-14_raw.fif;amotiv;easy;133;0.0;-1.827;-2.862;-6.4;-1.034
sub-14_raw.fif;amotiv;easy;134;0.0;-5.052;2.864;-13.488;7.917
sub-14_raw.fif;amotiv;easy;135;1.0;9.472;0.787;6.666;-8.684
sub-14_raw.fif;amotiv;easy;136;1.0;13.509;9.519;5.11;-3.99
sub-14_raw.fif;amotiv;easy;137;1.0;14.732;5.696;9.339;-9.036
sub-14_raw.fif;amotiv;easy;138;1.0;17.841;8.177;10.156;-9.664
sub-14_raw.fif;amotiv;easy;139;1.0;-2.711;-6.243;-20.819;-3.532
sub-14_raw.fif;amotiv;easy;140;1.0;-4.873;10.824;-12.388;15.697
sub-14_raw.fif;amotiv;easy;141;1.0;-8.228;-2.769;-15.855;5.458
sub-14_raw.fif;amotiv;easy;142;1.0;10.027;1.72;2.257;-8.307
sub-14_raw.fif;amotiv;easy;143;1.0;10.277;15.592;3.374;5.315
sub-14_raw.fif;amotiv;easy;144;1.0;5.867;1.186;1.681;-4.681
sub-14_raw.fif;amotiv;easy;145;0.0;-7.83;-3.536;-15.549;4.294
sub-14_raw.fif;amotiv;easy;146;1.0;4.906;14.711;-0.24;9.805
sub-14_raw.fif;amotiv;easy;147;1.0;10.772;9.528;4.41;-1.245
sub-14_raw.fif;amotiv;easy;148;1.0;1.347;14.636;-3.903;13.289
sub-14_raw.fif;amotiv;easy;149;1.0;4.524;3.05;-1.388;-1.474
sub-14_raw.fif;amotiv;extr;150;1.0;11.601;-0.95;4.308;-12.551
sub-14_raw.fif;amotiv;extr;151;1.0;-6.586;-2.9;-11.162;3.686
sub-14_raw.fif;amotiv;extr;152;0.0;17.548;19.381;13.097;1.833
sub-14_raw.fif;amotiv;extr;153;1.0;-4.645;-3.29;-9.475;1.355
sub-14_raw.fif;amotiv;extr;154;1.0;13.087;11.488;8.819;-1.6
sub-14_raw.fif;amotiv;extr;155;1.0;10.483;14.959;5.644;4.476
sub-14_raw.fif;amotiv;extr;156;0.0;22.486;13.089;18.58;-9.396
sub-14_raw.fif;amotiv;extr;157;1.0;7.82;17.878;4.213;10.058
sub-14_raw.fif;amotiv;extr;158;1.0;3.638;6.296;1.2;2.658
sub-14_raw.fif;amotiv;extr;159;0.0;1.418;-7.737;-5.098;-9.155
sub-14_raw.fif;amotiv;extr;160;1.0;7.881;4.289;5.206;-3.592
sub-14_raw.fif;amotiv;extr;161;1.0;3.338;2.959;-4.019;-0.379
sub-14_raw.fif;amotiv;extr;162;1.0;25.121;7.121;19.1;-17.999
sub-14_raw.fif;amotiv;extr;163;1.0;6.958;19.058;2.766;12.1
sub-14_raw.fif;amotiv;extr;164;1.0;6.093;16.297;2.171;10.203
sub-14_raw.fif;amotiv;extr;165;1.0;6.123;10.634;-0.037;4.51
sub-14_raw.fif;amotiv;extr;166;0.0;0.859;-11.101;-4.929;-11.959
sub-14_raw.fif;amotiv;extr;167;1.0;5.091;10.28;-0.476;5.189
sub-14_raw.fif;amotiv;extr;168;1.0;-6.094;2.98;-8.986;9.074
sub-14_raw.fif;amotiv;extr;169;1.0;3.015;-1.913;1.214;-4.929
sub-14_raw.fif;amotiv;extr;170;1.0;-9.042;-6.142;-22.059;2.9
sub-14_raw.fif;amotiv;extr;171;1.0;8.123;9.966;1.364;1.843
sub-14_raw.fif;amotiv;extr;172;1.0;4.57;7.361;1.875;2.792
sub-14_raw.fif;amotiv;extr;173;1.0;1.497;1.415;-5.446;-0.083
sub-14_raw.fif;amotiv;extr;174;0.0;-1.859;-6.637;-6.889;-4.778
sub-14_raw.fif;amotiv;extr;175;0.0;-7.242;-15.719;-12.872;-8.476
sub-14_raw.fif;amotiv;extr;176;1.0;1.389;-6.402;-1.97;-7.791
sub-14_raw.fif;amotiv;extr;177;1.0;7.678;10.564;2.671;2.886
sub-14_raw.fif;amotiv;extr;178;1.0;15.397;11.479;9.309;-3.918
sub-14_raw.fif;amotiv;extr;179;1.0;12.166;2.069;-3.901;-10.097
sub-14_raw.fif;motiv;hard;180;0.0;94.772;116.658;60.211;21.886
sub-14_raw.fif;motiv;hard;181;1.0;-0.69;-0.928;-5.043;-0.239
sub-14_raw.fif;motiv;hard;182;1.0;14.094;0.423;9.837;-13.67
sub-14_raw.fif;motiv;hard;183;1.0;17.853;6.978;12.839;-10.875
sub-14_raw.fif;motiv;hard;184;1.0;11.348;9.625;8.385;-1.723
sub-14_raw.fif;motiv;hard;185;1.0;9.016;10.678;3.302;1.662
sub-14_raw.fif;motiv;hard;186;1.0;7.077;6.067;3.592;-1.009
sub-14_raw.fif;motiv;hard;187;1.0;1.714;7.336;-2.596;5.623
sub-14_raw.fif;motiv;hard;188;0.0;16.896;20.082;10.13;3.186
sub-14_raw.fif;motiv;hard;189;1.0;2.369;4.14;-4.895;1.771
sub-14_raw.fif;motiv;hard;190;1.0;-5.733;4.507;-9.186;10.241
sub-14_raw.fif;motiv;hard;191;1.0;5.357;5.03;1.967;-0.327
sub-14_raw.fif;motiv;hard;192;1.0;-14.726;1.894;-17.605;16.62
sub-14_raw.fif;motiv;hard;193;1.0;5.392;5.866;0.241;0.475
sub-14_raw.fif;motiv;hard;194;0.0;-9.794;-15.008;-15.019;-5.214
sub-14_raw.fif;motiv;hard;195;1.0;-11.67;4.143;-16.644;15.813
sub-14_raw.fif;motiv;hard;196;1.0;3.488;8.827;2.148;5.34
sub-14_raw.fif;motiv;hard;197;1.0;8.981;33.388;4.895;24.407
sub-14_raw.fif;motiv;hard;198;1.0;1.828;3.981;-1.872;2.153
sub-14_raw.fif;motiv;hard;199;1.0;11.865;5.528;3.493;-6.336
sub-14_raw.fif;motiv;hard;200;1.0;9.388;-2.807;8.021;-12.195
sub-14_raw.fif;motiv;hard;201;1.0;7.177;2.54;3.665;-4.637
sub-14_raw.fif;motiv;hard;202;0.0;7.873;24.261;4.577;16.389
sub-14_raw.fif;motiv;hard;203;1.0;3.386;2.085;-0.908;-1.301
sub-14_raw.fif;motiv;hard;204;1.0;16.59;1.06;10.611;-15.531
sub-14_raw.fif;motiv;hard;205;1.0;2.969;-2.17;0.774;-5.138
sub-14_raw.fif;amotiv;hard;206;1.0;2.526;1.356;-3.692;-1.169
sub-14_raw.fif;amotiv;hard;207;1.0;3.06;7.451;-3.917;4.391
sub-14_raw.fif;amotiv;hard;208;1.0;3.511;11.049;0.484;7.538
sub-14_raw.fif;amotiv;hard;209;1.0;6.954;7.079;3.903;0.124
sub-14_raw.fif;amotiv;hard;210;1.0;-0.043;3.6;-6.044;3.643
sub-14_raw.fif;amotiv;hard;211;1.0;12.104;8.662;-1.8;-3.442
sub-14_raw.fif;amotiv;hard;212;1.0;-4.444;1.197;-10.417;5.641
sub-14_raw.fif;amotiv;hard;213;1.0;9.867;4.638;7.462;-5.229
sub-14_raw.fif;amotiv;hard;214;1.0;13.826;3.446;10.057;-10.38
sub-14_raw.fif;amotiv;hard;215;1.0;16.892;12.633;5.983;-4.259
sub-14_raw.fif;amotiv;hard;216;1.0;5.743;18.372;0.479;12.628
sub-14_raw.fif;amotiv;hard;217;0.0;-10.182;-8.595;-16.607;1.587
sub-14_raw.fif;amotiv;hard;218;1.0;-2.516;0.949;-6.783;3.465
sub-14_raw.fif;amotiv;hard;219;1.0;3.549;9.056;-3.438;5.507
sub-14_raw.fif;amotiv;hard;220;1.0;16.156;18.744;9.606;2.588
sub-14_raw.fif;amotiv;hard;221;1.0;4.352;1.878;-0.523;-2.474
sub-14_raw.fif;amotiv;hard;222;1.0;8.241;3.998;-0.7;-4.243
sub-14_raw.fif;amotiv;hard;223;1.0;15.455;3.575;3.816;-11.88
sub-14_raw.fif;amotiv;hard;224;1.0;6.586;17.279;3.372;10.693
sub-14_raw.fif;amotiv;hard;225;1.0;11.001;2.897;8.417;-8.104
sub-14_raw.fif;amotiv;hard;226;1.0;11.674;13.438;7.74;1.763
sub-14_raw.fif;amotiv;hard;227;1.0;9.659;11.206;5.212;1.547
sub-14_raw.fif;amotiv;hard;228;1.0;4.801;5.901;1.357;1.1
sub-14_raw.fif;amotiv;hard;229;0.0;-5.618;-9.874;-9.506;-4.256
sub-14_raw.fif;amotiv;hard;230;1.0;3.466;0.325;-3.43;-3.141
sub-14_raw.fif;amotiv;hard;231;1.0;-6.326;3.673;-11.05;9.999
sub-14_raw.fif;motiv;extr;232;1.0;16.469;19.436;5.683;2.967
sub-14_raw.fif;motiv;extr;233;1.0;0.361;1.657;-5.608;1.296
sub-14_raw.fif;motiv;extr;234;1.0;4.408;-4.229;2.398;-8.637
sub-14_raw.fif;motiv;extr;235;0.0;-7.021;3.722;-13.098;10.743
sub-14_raw.fif;motiv;extr;236;1.0;5.416;5.719;3.738;0.303
sub-14_raw.fif;motiv;extr;237;1.0;8.165;0.593;4.529;-7.572
sub-14_raw.fif;motiv;extr;238;1.0;1.464;4.503;-4.095;3.039
sub-14_raw.fif;motiv;extr;239;1.0;7.253;15.671;4.349;8.418
sub-14_raw.fif;motiv;extr;240;1.0;10.444;19.059;5.464;8.615
sub-14_raw.fif;motiv;extr;241;1.0;8.224;13.907;4.341;5.684
sub-14_raw.fif;motiv;extr;242;1.0;4.444;9.764;0.718;5.32
sub-14_raw.fif;motiv;extr;243;1.0;13.946;9.844;10.212;-4.102
sub-14_raw.fif;motiv;extr;244;1.0;1.471;-5.157;-5.687;-6.628
sub-14_raw.fif;motiv;extr;245;1.0;7.894;10.38;4.424;2.486
sub-14_raw.fif;motiv;extr;246;1.0;5.297;-0.094;-9.088;-5.391
sub-14_raw.fif;motiv;extr;247;1.0;7.42;3.48;1.989;-3.939
sub-14_raw.fif;motiv;extr;248;0.0;8.557;-5.166;1.125;-13.723
sub-14_raw.fif;motiv;extr;249;1.0;8.183;-1.871;2.934;-10.053
sub-14_raw.fif;motiv;extr;250;1.0;17.723;5.03;15.511;-12.693
sub-14_raw.fif;motiv;extr;251;0.0;61.173;90.054;-76.238;28.881
sub-14_raw.fif;motiv;extr;252;0.0;14.207;6.033;3.149;-8.174
sub-14_raw.fif;motiv;extr;253;0.0;43.439;-6.371;37.174;-49.81
sub-14_raw.fif;motiv;extr;254;1.0;7.187;13.4;2.173;6.213
sub-14_raw.fif;motiv;extr;255;1.0;4.018;11.491;1.085;7.474
sub-14_raw.fif;motiv;extr;256;0.0;-3.493;0.778;-68.036;4.271
sub-14_raw.fif;motiv;extr;257;1.0;9.752;1.018;4.719;-8.734
sub-14_raw.fif;motiv;easy;258;1.0;7.087;-1.18;0.801;-8.267
sub-14_raw.fif;motiv;easy;259;1.0;-1.759;4.271;-5.359;6.03
sub-14_raw.fif;motiv;easy;260;1.0;-3.016;12.708;-7.746;15.724
sub-14_raw.fif;motiv;easy;261;1.0;6.973;5.295;-2.411;-1.678
sub-14_raw.fif;motiv;easy;262;1.0;0.885;1.577;-4.904;0.692
sub-14_raw.fif;motiv;easy;263;1.0;17.495;8.77;12.599;-8.724
sub-14_raw.fif;motiv;easy;264;1.0;0.239;-2.921;-4.065;-3.16
sub-14_raw.fif;motiv;easy;265;1.0;17.129;14.845;12.247;-2.284
sub-14_raw.fif;motiv;easy;266;1.0;14.717;6.241;11.001;-8.476
sub-14_raw.fif;motiv;easy;267;1.0;8.713;2.025;3.238;-6.688
sub-14_raw.fif;motiv;easy;268;0.0;3.05;-3.943;-0.146;-6.993
sub-14_raw.fif;motiv;easy;269;1.0;11.621;1.098;7.974;-10.524
sub-14_raw.fif;motiv;easy;270;1.0;8.588;11.683;1.189;3.095
sub-14_raw.fif;motiv;easy;271;1.0;10.857;7.862;5.004;-2.995
sub-14_raw.fif;motiv;easy;272;0.0;-8.107;3.22;-14.831;11.326
sub-14_raw.fif;motiv;easy;273;1.0;14.906;-5.958;10.035;-20.864
sub-14_raw.fif;motiv;easy;274;1.0;4.804;-1.927;0.086;-6.731
sub-14_raw.fif;motiv;easy;275;1.0;2.111;8.827;-4.153;6.716
sub-14_raw.fif;motiv;easy;276;1.0;1.558;10.64;-4.688;9.082
sub-14_raw.fif;motiv;easy;277;1.0;7.424;14.954;2.866;7.53
sub-14_raw.fif;motiv;easy;278;1.0;11.626;2.953;7.982;-8.673
sub-14_raw.fif;motiv;easy;279;1.0;13.38;9.534;7.546;-3.847
sub-14_raw.fif;motiv;easy;280;1.0;6.42;2.455;1.953;-3.965
sub-14_raw.fif;motiv;easy;281;1.0;13.164;9.978;9.433;-3.186
sub-14_raw.fif;motiv;easy;282;1.0;7.545;-1.08;0.445;-8.625
sub-14_raw.fif;motiv;easy;283;1.0;13.368;8.898;9.838;-4.47
sub-14_raw.fif;amotiv;easy;284;0.0;17.634;28.485;-18.15;10.851
sub-14_raw.fif;amotiv;easy;285;1.0;-7.099;14.155;-13.003;21.254
sub-14_raw.fif;amotiv;easy;286;0.0;0.488;-14.817;-1.413;-15.305
sub-14_raw.fif;amotiv;easy;287;1.0;11.378;10.102;4.062;-1.275
sub-14_raw.fif;amotiv;easy;288;1.0;7.018;-3.416;0.755;-10.434
sub-14_raw.fif;amotiv;easy;289;0.0;24.692;14.389;14.203;-10.302
sub-14_raw.fif;amotiv;easy;290;1.0;2.622;2.805;-0.265;0.183
sub-14_raw.fif;amotiv;easy;291;0.0;-5.819;0.533;-11.931;6.352
sub-14_raw.fif;amotiv;easy;292;1.0;8.48;22.096;5.223;13.616
sub-14_raw.fif;amotiv;easy;293;1.0;4.353;2.89;-1.779;-1.463
sub-14_raw.fif;amotiv;easy;294;0.0;-10.426;16.197;-19.258;26.622
sub-14_raw.fif;amotiv;easy;295;0.0;6.604;-6.902;-2.602;-13.505
sub-14_raw.fif;amotiv;easy;296;0.0;10.588;23.775;-9.894;13.187
sub-14_raw.fif;amotiv;easy;297;1.0;5.777;-0.005;2.272;-5.782
sub-14_raw.fif;amotiv;easy;298;1.0;8.209;14.593;5.249;6.384
sub-14_raw.fif;amotiv;easy;299;0.0;26.428;9.628;16.531;-16.8
sub-14_raw.fif;amotiv;easy;300;1.0;10.109;18.231;4.654;8.122
sub-14_raw.fif;amotiv;easy;301;1.0;-2.712;-3.18;-14.315;-0.467
sub-14_raw.fif;amotiv;easy;302;1.0;-2.032;0.441;-6.519;2.473
sub-14_raw.fif;amotiv;easy;303;1.0;5.118;-2.317;0.252;-7.435
sub-14_raw.fif;amotiv;easy;304;1.0;-10.067;-1.941;-15.216;8.126
sub-14_raw.fif;amotiv;easy;305;1.0;10.683;1.079;3.827;-9.604
sub-14_raw.fif;amotiv;easy;306;1.0;13.188;6.53;7.722;-6.658
sub-14_raw.fif;amotiv;easy;307;1.0;-2.001;-2.649;-4.712;-0.648
sub-14_raw.fif;amotiv;easy;308;1.0;-2.8;19.595;-9.531;22.396
sub-14_raw.fif;amotiv;easy;309;1.0;5.331;-7.291;2.34;-12.622
sub-14_raw.fif;amotiv;extr;310;0.0;7.666;-15.097;2.786;-22.763
sub-14_raw.fif;amotiv;extr;311;1.0;0.077;-5.684;-4.491;-5.761
sub-14_raw.fif;amotiv;extr;312;1.0;13.086;5.119;8.236;-7.967
sub-14_raw.fif;amotiv;extr;313;1.0;10.952;3.311;9.217;-7.641
sub-14_raw.fif;amotiv;extr;314;1.0;4.015;-3.787;-1.757;-7.802
sub-14_raw.fif;amotiv;extr;315;1.0;5.412;-5.834;-0.168;-11.246
sub-14_raw.fif;amotiv;extr;316;1.0;-4.153;7.049;-19.483;11.203
sub-14_raw.fif;amotiv;extr;317;1.0;-0.285;-10.302;-2.031;-10.017
sub-14_raw.fif;amotiv;extr;318;1.0;-0.595;0.271;-3.293;0.866
sub-14_raw.fif;amotiv;extr;319;1.0;5.076;7.446;-3.396;2.37
sub-14_raw.fif;amotiv;extr;320;1.0;0.487;9.327;-2.476;8.841
sub-14_raw.fif;amotiv;extr;321;1.0;1.154;2.897;-10.545;1.743
sub-14_raw.fif;amotiv;extr;322;1.0;0.276;4.791;-11.625;4.515
sub-14_raw.fif;amotiv;extr;323;1.0;13.506;13.05;9.399;-0.456
sub-14_raw.fif;amotiv;extr;324;1.0;6.847;-4.459;4.871;-11.306
sub-14_raw.fif;amotiv;extr;325;1.0;-3.422;4.296;-8.187;7.719
sub-14_raw.fif;amotiv;extr;326;1.0;3.653;11.79;-2.536;8.137
sub-14_raw.fif;amotiv;extr;327;1.0;6.902;0.808;-0.097;-6.094
sub-14_raw.fif;amotiv;extr;328;1.0;14.562;14.619;11.898;0.057
sub-14_raw.fif;amotiv;extr;329;1.0;-3.022;2.326;-8.236;5.348
sub-14_raw.fif;amotiv;extr;330;1.0;-3.203;0.258;-4.794;3.461
sub-14_raw.fif;amotiv;extr;331;1.0;16.737;9.007;11.433;-7.73
sub-14_raw.fif;amotiv;extr;332;1.0;2.374;5.908;-3.554;3.534
sub-14_raw.fif;amotiv;extr;333;1.0;1.36;4.183;-1.524;2.823
sub-14_raw.fif;amotiv;extr;334;1.0;2.924;5.62;-2.951;2.697
sub-14_raw.fif;amotiv;extr;335;1.0;6.335;7.325;4.553;0.99
sub-15_raw.fif;motiv;easy;0;1.0;1.023;1.386;-3.288;0.363
sub-15_raw.fif;motiv;easy;1;1.0;3.447;14.601;1.283;11.154
sub-15_raw.fif;motiv;easy;2;1.0;-0.657;18.744;-3.868;19.402
sub-15_raw.fif;motiv;easy;3;0.0;12.515;18.38;8.695;5.865
sub-15_raw.fif;motiv;easy;4;1.0;7.854;3.924;3.792;-3.93
sub-15_raw.fif;motiv;easy;5;1.0;-5.761;-1.439;-8.743;4.322
sub-15_raw.fif;motiv;easy;6;1.0;5.388;9.728;-0.133;4.34
sub-15_raw.fif;motiv;easy;7;1.0;-2.348;4.314;-6.317;6.662
sub-15_raw.fif;motiv;easy;8;1.0;4.246;5.404;-3.862;1.158
sub-15_raw.fif;motiv;easy;9;1.0;3.796;22.589;-0.251;18.792
sub-15_raw.fif;motiv;easy;10;1.0;-0.744;7.801;-7.761;8.544
sub-15_raw.fif;motiv;easy;11;1.0;4.868;13.411;-4.309;8.543
sub-15_raw.fif;motiv;easy;12;1.0;-1.241;5.842;-3.927;7.083
sub-15_raw.fif;motiv;easy;13;1.0;-10.505;3.714;-15.674;14.22
sub-15_raw.fif;motiv;easy;14;1.0;-0.443;-2.103;-4.316;-1.66
sub-15_raw.fif;motiv;easy;15;1.0;-0.225;23.415;-1.942;23.641
sub-15_raw.fif;motiv;easy;16;1.0;-1.769;13.982;-7.241;15.752
sub-15_raw.fif;motiv;easy;17;1.0;8.839;15.056;6.362;6.216
sub-15_raw.fif;motiv;easy;18;0.0;16.94;12.034;13.294;-4.906
sub-15_raw.fif;motiv;easy;19;1.0;-2.612;9.514;-8.3;12.127
sub-15_raw.fif;motiv;easy;20;0.0;4.912;-3.151;-5.707;-8.063
sub-15_raw.fif;motiv;easy;21;1.0;-1.368;4.209;-5.912;5.577
sub-15_raw.fif;motiv;easy;22;1.0;9.433;1.523;1.875;-7.91
sub-15_raw.fif;motiv;easy;23;1.0;8.589;12.03;6.189;3.44
sub-15_raw.fif;motiv;easy;24;0.0;-5.728;0.065;-9.488;5.793
sub-15_raw.fif;motiv;easy;25;1.0;-1.678;6.011;-5.867;7.688
sub-15_raw.fif;amotiv;extr;26;1.0;9.907;-0.615;1.311;-10.522
sub-15_raw.fif;amotiv;extr;27;0.0;13.178;24.203;10.828;11.026
sub-15_raw.fif;amotiv;extr;28;0.0;9.495;15.002;1.806;5.507
sub-15_raw.fif;amotiv;extr;29;1.0;3.819;5.404;0.004;1.586
sub-15_raw.fif;amotiv;extr;30;1.0;19.009;9.519;15.358;-9.489
sub-15_raw.fif;amotiv;extr;31;1.0;9.934;0.12;1.435;-9.814
sub-15_raw.fif;amotiv;extr;32;1.0;-2.971;1.534;-5.691;4.505
sub-15_raw.fif;amotiv;extr;33;1.0;1.752;9.248;-2.688;7.496
sub-15_raw.fif;amotiv;extr;34;0.0;4.12;-5.017;-2.633;-9.137
sub-15_raw.fif;amotiv;extr;35;1.0;18.52;15.03;14.807;-3.489
sub-15_raw.fif;amotiv;extr;36;1.0;4.711;14.456;1.473;9.744
sub-15_raw.fif;amotiv;extr;37;1.0;3.045;5.161;-3.543;2.116
sub-15_raw.fif;amotiv;extr;38;1.0;3.885;19.407;-6.08;15.522
sub-15_raw.fif;amotiv;extr;39;1.0;10.754;5.746;5.015;-5.008
sub-15_raw.fif;amotiv;extr;40;1.0;16.655;11.898;12.963;-4.756
sub-15_raw.fif;amotiv;extr;41;1.0;1.212;-6.468;-0.733;-7.68
sub-15_raw.fif;amotiv;extr;42;1.0;8.841;2.54;6.193;-6.301
sub-15_raw.fif;amotiv;extr;43;1.0;-0.107;13.939;-6.134;14.046
sub-15_raw.fif;amotiv;extr;44;1.0;8.555;7.774;2.094;-0.781
sub-15_raw.fif;amotiv;extr;45;1.0;4.841;5.188;0.603;0.347
sub-15_raw.fif;amotiv;extr;46;1.0;5.713;1.692;2.941;-4.021
sub-15_raw.fif;amotiv;extr;47;1.0;9.47;8.983;6.294;-0.487
sub-15_raw.fif;amotiv;extr;48;1.0;15.689;8.806;8.685;-6.884
sub-15_raw.fif;amotiv;extr;49;1.0;12.867;12.472;8.41;-0.396
sub-15_raw.fif;amotiv;extr;50;1.0;-6.521;16.33;-12.452;22.852
sub-15_raw.fif;amotiv;extr;51;0.0;26.504;11.697;11.549;-14.806
sub-15_raw.fif;motiv;hard;52;1.0;3.074;10.637;-0.952;7.562
sub-15_raw.fif;motiv;hard;53;1.0;10.684;10.495;4.307;-0.19
sub-15_raw.fif;motiv;hard;54;1.0;15.825;-9.997;9.478;-25.823
sub-15_raw.fif;motiv;hard;55;1.0;11.316;5.27;5.145;-6.046
sub-15_raw.fif;motiv;hard;56;0.0;11.733;21.491;9.392;9.758
sub-15_raw.fif;motiv;hard;57;1.0;9.841;18.962;2.855;9.121
sub-15_raw.fif;motiv;hard;58;1.0;10.426;4.335;6.776;-6.092
sub-15_raw.fif;motiv;hard;59;1.0;-1.443;4.676;-4.184;6.118
sub-15_raw.fif;motiv;hard;60;0.0;-1.255;-6.038;-6.621;-4.783
sub-15_raw.fif;motiv;hard;61;1.0;12.079;12.272;8.95;0.193
sub-15_raw.fif;motiv;hard;62;1.0;-2.11;15.343;-4.448;17.453
sub-15_raw.fif;motiv;hard;63;1.0;20.626;0.487;13.563;-20.139
sub-15_raw.fif;motiv;hard;64;1.0;6.643;6.459;1.339;-0.184
sub-15_raw.fif;motiv;hard;65;0.0;-3.317;-7.937;-5.23;-4.62
sub-15_raw.fif;motiv;hard;66;1.0;-9.436;2.896;-13.863;12.332
sub-15_raw.fif;motiv;hard;67;1.0;15.146;-3.162;10.84;-18.309
sub-15_raw.fif;motiv;hard;68;1.0;-3.032;6.675;-6.816;9.707
sub-15_raw.fif;motiv;hard;69;1.0;5.227;17.2;-0.48;11.974
sub-15_raw.fif;motiv;hard;70;0.0;4.827;10.307;2.058;5.48
sub-15_raw.fif;motiv;hard;71;1.0;-1.67;3.116;-9.08;4.786
sub-15_raw.fif;motiv;hard;72;1.0;-1.119;3.894;-9.754;5.013
sub-15_raw.fif;motiv;hard;73;1.0;-14.19;-0.958;-19.2;13.232
sub-15_raw.fif;motiv;hard;74;0.0;10.814;1.392;3.511;-9.422
sub-15_raw.fif;motiv;hard;75;1.0;3.623;6.789;-4.287;3.167
sub-15_raw.fif;motiv;hard;76;1.0;7.09;-6.11;4.065;-13.2
sub-15_raw.fif;motiv;hard;77;1.0;16.799;13.935;10.024;-2.864
sub-15_raw.fif;amotiv;hard;78;1.0;23.94;15.987;22.43;-7.953
sub-15_raw.fif;amotiv;hard;79;1.0;4.661;0.611;-4.001;-4.05
sub-15_raw.fif;amotiv;hard;80;0.0;21.332;20.305;14.64;-1.027
sub-15_raw.fif;amotiv;hard;81;1.0;0.071;6.326;-6.958;6.256
sub-15_raw.fif;amotiv;hard;82;1.0;8.287;3.51;4.592;-4.777
sub-15_raw.fif;amotiv;hard;83;1.0;6.879;-4.487;-2.217;-11.366
sub-15_raw.fif;amotiv;hard;84;1.0;7.524;19.873;-0.192;12.349
sub-15_raw.fif;amotiv;hard;85;0.0;23.861;1.523;18.684;-22.338
sub-15_raw.fif;amotiv;hard;86;0.0;3.692;-7.98;-1.375;-11.671
sub-15_raw.fif;amotiv;hard;87;1.0;-7.587;11.201;-11.621;18.788
sub-15_raw.fif;amotiv;hard;88;1.0;3.374;10.538;-2.936;7.164
sub-15_raw.fif;amotiv;hard;89;0.0;9.329;-4.653;5.692;-13.982
sub-15_raw.fif;amotiv;hard;90;1.0;8.455;1.062;3.498;-7.392
sub-15_raw.fif;amotiv;hard;91;0.0;-2.541;-12.992;-9.314;-10.451
sub-15_raw.fif;amotiv;hard;92;1.0;7.661;15.26;5.492;7.599
sub-15_raw.fif;amotiv;hard;93;1.0;9.325;18.988;0.697;9.663
sub-15_raw.fif;amotiv;hard;94;0.0;16.371;18.007;10.77;1.636
sub-15_raw.fif;amotiv;hard;95;1.0;6.621;-3.421;4.084;-10.042
sub-15_raw.fif;amotiv;hard;96;1.0;-4.785;5.021;-6.528;9.806
sub-15_raw.fif;amotiv;hard;97;0.0;-3.173;-17.565;-8.105;-14.392
sub-15_raw.fif;amotiv;hard;98;1.0;-0.566;7.173;-3.408;7.739
sub-15_raw.fif;amotiv;hard;99;0.0;10.826;14.139;8.193;3.313
sub-15_raw.fif;amotiv;hard;100;0.0;14.345;6.799;9.591;-7.546
sub-15_raw.fif;amotiv;hard;101;1.0;7.144;9.902;2.072;2.759
sub-15_raw.fif;amotiv;hard;102;1.0;3.946;10.809;0.397;6.863
sub-15_raw.fif;amotiv;hard;103;1.0;0.285;8.137;-3.872;7.852
sub-15_raw.fif;motiv;extr;104;1.0;-0.089;10.221;-7.98;10.31
sub-15_raw.fif;motiv;extr;105;1.0;-8.009;7.426;-15.0;15.435
sub-15_raw.fif;motiv;extr;106;1.0;12.281;7.115;4.26;-5.167
sub-15_raw.fif;motiv;extr;107;1.0;4.822;-1.876;0.255;-6.697
sub-15_raw.fif;motiv;extr;108;1.0;10.812;12.864;4.452;2.053
sub-15_raw.fif;motiv;extr;109;1.0;14.571;11.089;8.321;-3.482
sub-15_raw.fif;motiv;extr;110;1.0;3.165;16.912;-1.998;13.747
sub-15_raw.fif;motiv;extr;111;1.0;-0.161;16.773;-1.389;16.933
sub-15_raw.fif;motiv;extr;112;0.0;9.701;-2.762;0.812;-12.463
sub-15_raw.fif;motiv;extr;113;1.0;8.349;12.646;2.457;4.297
sub-15_raw.fif;motiv;extr;114;1.0;-4.916;9.799;-10.718;14.715
sub-15_raw.fif;motiv;extr;115;0.0;7.437;-8.181;-1.921;-15.618
sub-15_raw.fif;motiv;extr;116;1.0;8.308;6.251;5.83;-2.057
sub-15_raw.fif;motiv;extr;117;1.0;-6.614;-9.311;-10.253;-2.696
sub-15_raw.fif;motiv;extr;118;1.0;10.661;18.312;6.632;7.651
sub-15_raw.fif;motiv;extr;119;0.0;1.728;-4.333;-15.87;-6.061
sub-15_raw.fif;motiv;extr;120;1.0;8.75;15.025;2.692;6.275
sub-15_raw.fif;motiv;extr;121;1.0;10.188;5.482;6.612;-4.706
sub-15_raw.fif;motiv;extr;122;1.0;2.751;5.609;1.318;2.858
sub-15_raw.fif;motiv;extr;123;1.0;-1.324;12.025;-4.856;13.349
sub-15_raw.fif;motiv;extr;124;1.0;10.944;14.598;5.229;3.654
sub-15_raw.fif;motiv;extr;125;0.0;-3.564;-1.287;-9.392;2.277
sub-15_raw.fif;motiv;extr;126;0.0;6.183;21.211;1.083;15.029
sub-15_raw.fif;motiv;extr;127;1.0;16.125;13.556;13.602;-2.569
sub-15_raw.fif;motiv;extr;128;1.0;14.987;10.432;11.191;-4.555
sub-15_raw.fif;motiv;extr;129;1.0;6.173;9.839;-3.509;3.666
sub-15_raw.fif;amotiv;easy;130;1.0;-7.947;11.591;-11.69;19.538
sub-15_raw.fif;amotiv;easy;131;1.0;3.593;17.056;-3.138;13.463
sub-15_raw.fif;amotiv;easy;132;1.0;-3.117;14.758;-7.43;17.876
sub-15_raw.fif;amotiv;easy;133;0.0;4.754;6.803;-0.233;2.048
sub-15_raw.fif;amotiv;easy;134;1.0;-0.958;17.736;-3.139;18.694
sub-15_raw.fif;amotiv;easy;135;1.0;10.872;2.19;7.785;-8.682
sub-15_raw.fif;amotiv;easy;136;0.0;4.976;2.798;0.831;-2.178
sub-15_raw.fif;amotiv;easy;137;1.0;11.769;0.665;7.157;-11.104
sub-15_raw.fif;amotiv;easy;138;1.0;9.786;14.546;5.192;4.761
sub-15_raw.fif;amotiv;easy;139;1.0;10.7;8.731;6.57;-1.969
sub-15_raw.fif;amotiv;easy;140;1.0;3.146;6.378;-0.667;3.232
sub-15_raw.fif;amotiv;easy;141;0.0;-7.684;-4.76;-11.743;2.924
sub-15_raw.fif;amotiv;easy;142;1.0;10.001;10.091;4.446;0.09
sub-15_raw.fif;amotiv;easy;143;1.0;10.646;0.08;9.278;-10.566
sub-15_raw.fif;amotiv;easy;144;0.0;12.496;18.569;8.897;6.073
sub-15_raw.fif;amotiv;easy;145;1.0;15.162;13.138;4.845;-2.024
sub-15_raw.fif;amotiv;easy;146;1.0;9.647;11.109;1.348;1.462
sub-15_raw.fif;amotiv;easy;147;1.0;7.272;14.319;2.608;7.047
sub-15_raw.fif;amotiv;easy;148;1.0;-10.971;7.78;-12.574;18.751
sub-15_raw.fif;amotiv;easy;149;1.0;-2.495;6.02;-5.035;8.515
sub-15_raw.fif;amotiv;easy;150;1.0;5.865;11.746;4.204;5.881
sub-15_raw.fif;amotiv;easy;151;1.0;-2.126;7.445;-8.255;9.57
sub-15_raw.fif;amotiv;easy;152;0.0;-0.161;-4.197;-2.456;-4.036
sub-15_raw.fif;amotiv;easy;153;1.0;6.001;8.887;3.656;2.886
sub-15_raw.fif;amotiv;easy;154;1.0;0.349;7.082;-2.791;6.733
sub-15_raw.fif;amotiv;easy;155;1.0;1.304;1.029;-2.955;-0.276
sub-15_raw.fif;motiv;easy;156;1.0;-4.253;12.868;-10.09;17.121
sub-15_raw.fif;motiv;easy;157;1.0;20.44;11.107;15.268;-9.332
sub-15_raw.fif;motiv;easy;158;0.0;12.375;29.093;7.777;16.719
sub-15_raw.fif;motiv;easy;159;0.0;14.248;30.483;4.616;16.235
sub-15_raw.fif;motiv;easy;160;1.0;1.522;13.936;-5.738;12.414
sub-15_raw.fif;motiv;easy;161;0.0;7.895;0.465;-0.948;-7.431
sub-15_raw.fif;motiv;easy;162;1.0;7.142;6.5;2.119;-0.642
sub-15_raw.fif;motiv;easy;163;0.0;9.894;22.314;6.346;12.42
sub-15_raw.fif;motiv;easy;164;0.0;4.091;-3.116;1.077;-7.207
sub-15_raw.fif;motiv;easy;165;1.0;18.125;7.74;13.638;-10.386
sub-15_raw.fif;motiv;easy;166;1.0;9.755;7.202;5.797;-2.553
sub-15_raw.fif;motiv;easy;167;1.0;22.209;7.856;10.785;-14.353
sub-15_raw.fif;motiv;easy;168;0.0;-2.661;17.628;-9.027;20.289
sub-15_raw.fif;motiv;easy;169;0.0;4.871;-13.577;0.218;-18.448
sub-15_raw.fif;motiv;easy;170;1.0;-3.683;1.67;-8.259;5.354
sub-15_raw.fif;motiv;easy;171;1.0;12.832;19.721;7.64;6.889
sub-15_raw.fif;motiv;easy;172;0.0;6.406;14.359;2.125;7.952
sub-15_raw.fif;motiv;easy;173;1.0;17.111;7.895;13.382;-9.216
sub-15_raw.fif;motiv;easy;174;0.0;7.602;23.56;2.064;15.958
sub-15_raw.fif;motiv;easy;175;1.0;10.692;2.299;7.51;-8.392
sub-15_raw.fif;motiv;easy;176;1.0;8.268;15.151;0.435;6.883
sub-15_raw.fif;motiv;easy;177;1.0;0.564;-10.67;-1.315;-11.235
sub-15_raw.fif;motiv;easy;178;1.0;0.934;6.139;-1.878;5.205
sub-15_raw.fif;motiv;easy;179;1.0;11.936;-1.833;9.255;-13.77
sub-15_raw.fif;motiv;easy;180;1.0;-1.181;2.491;-4.354;3.671
sub-15_raw.fif;motiv;easy;181;1.0;8.164;5.316;2.008;-2.848
sub-15_raw.fif;motiv;easy;182;1.0;1.035;6.448;-2.345;5.413
sub-15_raw.fif;motiv;easy;183;1.0;10.162;1.157;5.413;-9.005
sub-15_raw.fif;motiv;easy;184;1.0;7.593;15.218;0.505;7.624
sub-15_raw.fif;motiv;easy;185;1.0;11.871;3.084;8.669;-8.786
sub-15_raw.fif;amotiv;extr;186;0.0;8.698;-5.359;3.496;-14.057
sub-15_raw.fif;amotiv;extr;187;1.0;7.696;13.506;3.301;5.81
sub-15_raw.fif;amotiv;extr;188;0.0;14.442;1.078;6.499;-13.364
sub-15_raw.fif;amotiv;extr;189;1.0;21.385;4.985;17.036;-16.4
sub-15_raw.fif;amotiv;extr;190;1.0;6.469;15.093;3.73;8.624
sub-15_raw.fif;amotiv;extr;191;1.0;7.938;2.315;3.761;-5.623
sub-15_raw.fif;amotiv;extr;192;1.0;1.867;2.293;-1.181;0.426
sub-15_raw.fif;amotiv;extr;193;1.0;16.728;4.433;12.682;-12.294
sub-15_raw.fif;amotiv;extr;194;0.0;4.677;-2.62;-0.5;-7.297
sub-15_raw.fif;amotiv;extr;195;0.0;0.246;4.598;-7.423;4.351
sub-15_raw.fif;amotiv;extr;196;1.0;5.775;4.957;1.241;-0.818
sub-15_raw.fif;amotiv;extr;197;1.0;11.656;5.353;7.849;-6.303
sub-15_raw.fif;amotiv;extr;198;1.0;-2.884;1.702;-7.406;4.586
sub-15_raw.fif;amotiv;extr;199;0.0;-0.379;1.409;-4.784;1.788
sub-15_raw.fif;amotiv;extr;200;1.0;-1.142;12.933;-6.013;14.075
sub-15_raw.fif;amotiv;extr;201;1.0;3.553;-3.41;-13.16;-6.963
sub-15_raw.fif;amotiv;extr;202;1.0;-3.674;13.955;-8.961;17.628
sub-15_raw.fif;amotiv;extr;203;1.0;7.169;7.218;0.39;0.049
sub-15_raw.fif;amotiv;extr;204;1.0;0.31;5.923;-6.813;5.613
sub-15_raw.fif;amotiv;extr;205;0.0;11.93;18.916;3.079;6.986
sub-15_raw.fif;amotiv;extr;206;1.0;9.391;-2.854;0.512;-12.245
sub-15_raw.fif;amotiv;extr;207;0.0;9.198;17.016;4.843;7.819
sub-15_raw.fif;amotiv;extr;208;1.0;6.828;-7.354;5.401;-14.182
sub-15_raw.fif;amotiv;extr;209;0.0;2.024;19.569;-0.635;17.545
sub-15_raw.fif;amotiv;extr;210;1.0;-0.265;5.077;-8.746;5.342
sub-15_raw.fif;amotiv;extr;211;0.0;0.287;23.096;-4.817;22.808
sub-15_raw.fif;amotiv;extr;212;0.0;3.515;-6.284;-2.337;-9.8
sub-15_raw.fif;amotiv;extr;213;1.0;7.229;3.888;1.658;-3.341
sub-15_raw.fif;amotiv;extr;214;0.0;5.534;-8.944;-7.447;-14.477
sub-15_raw.fif;amotiv;extr;215;1.0;-2.907;10.648;-5.89;13.555
sub-15_raw.fif;motiv;hard;216;0.0;17.775;23.603;15.622;5.829
sub-15_raw.fif;motiv;hard;217;0.0;31.268;12.7;25.965;-18.568
sub-15_raw.fif;motiv;hard;218;0.0;10.017;16.095;5.958;6.078
sub-15_raw.fif;motiv;hard;219;1.0;10.495;12.061;5.341;1.566
sub-15_raw.fif;motiv;hard;220;1.0;9.545;14.397;4.572;4.852
sub-15_raw.fif;motiv;hard;221;1.0;10.681;19.227;6.431;8.545
sub-15_raw.fif;motiv;hard;222;0.0;19.734;20.197;15.44;0.464
sub-15_raw.fif;motiv;hard;223;1.0;2.22;6.97;-2.419;4.75
sub-15_raw.fif;motiv;hard;224;1.0;2.087;5.154;-1.731;3.067
sub-15_raw.fif;motiv;hard;225;1.0;6.397;-7.414;1.119;-13.811
sub-15_raw.fif;motiv;hard;226;1.0;-4.379;3.47;-8.658;7.849
sub-15_raw.fif;motiv;hard;227;0.0;-13.019;-7.726;-16.141;5.293
sub-15_raw.fif;motiv;hard;228;1.0;-4.223;-7.334;-8.024;-3.112
sub-15_raw.fif;motiv;hard;229;1.0;3.317;-6.627;-0.058;-9.943
sub-15_raw.fif;motiv;hard;230;1.0;4.343;7.969;-0.798;3.625
sub-15_raw.fif;motiv;hard;231;1.0;-2.52;21.414;-6.563;23.934
sub-15_raw.fif;motiv;hard;232;0.0;12.947;20.257;10.353;7.31
sub-15_raw.fif;motiv;hard;233;1.0;4.117;1.476;-3.058;-2.641
sub-15_raw.fif;motiv;hard;234;0.0;18.231;7.581;6.287;-10.65
sub-15_raw.fif;motiv;hard;235;1.0;5.512;9.089;1.142;3.576
sub-15_raw.fif;motiv;hard;236;0.0;-10.0;-2.744;-16.329;7.256
sub-15_raw.fif;motiv;hard;237;0.0;6.394;18.195;-1.665;11.801
sub-15_raw.fif;motiv;hard;238;1.0;-0.197;3.801;-3.784;3.998
sub-15_raw.fif;motiv;hard;239;0.0;-13.627;2.763;-21.424;16.391
sub-15_raw.fif;motiv;hard;240;1.0;0.031;12.839;-2.144;12.808
sub-15_raw.fif;motiv;hard;241;1.0;-4.893;4.322;-9.893;9.215
sub-15_raw.fif;motiv;hard;242;0.0;2.909;-12.177;-2.268;-15.087
sub-15_raw.fif;motiv;hard;243;1.0;-5.109;0.104;-10.609;5.213
sub-15_raw.fif;motiv;hard;244;1.0;-3.894;-9.409;-8.108;-5.514
sub-15_raw.fif;motiv;hard;245;1.0;9.561;0.939;5.461;-8.622
sub-15_raw.fif;amotiv;hard;246;1.0;3.448;19.729;-1.164;16.281
sub-15_raw.fif;amotiv;hard;247;1.0;2.135;5.216;-5.386;3.082
sub-15_raw.fif;amotiv;hard;248;1.0;14.256;4.794;9.584;-9.462
sub-15_raw.fif;amotiv;hard;249;1.0;9.556;7.879;3.145;-1.677
sub-15_raw.fif;amotiv;hard;250;1.0;4.412;6.872;-5.23;2.46
sub-15_raw.fif;amotiv;hard;251;1.0;10.401;-5.03;2.319;-15.432
sub-15_raw.fif;amotiv;hard;252;0.0;12.716;16.79;8.638;4.074
sub-15_raw.fif;amotiv;hard;253;1.0;5.581;-1.336;1.558;-6.917
sub-15_raw.fif;amotiv;hard;254;1.0;4.138;7.411;0.036;3.273
sub-15_raw.fif;amotiv;hard;255;1.0;4.891;11.783;-0.548;6.892
sub-15_raw.fif;amotiv;hard;256;0.0;2.5;-4.52;0.228;-7.02
sub-15_raw.fif;amotiv;hard;257;1.0;4.101;4.064;-2.377;-0.036
sub-15_raw.fif;amotiv;hard;258;1.0;10.489;4.492;1.385;-5.997
sub-15_raw.fif;amotiv;hard;259;1.0;7.935;2.474;5.72;-5.46
sub-15_raw.fif;amotiv;hard;260;1.0;12.242;5.015;4.948;-7.227
sub-15_raw.fif;amotiv;hard;261;1.0;19.626;4.23;10.15;-15.395
sub-15_raw.fif;amotiv;hard;262;1.0;0.315;6.705;-5.766;6.39
sub-15_raw.fif;amotiv;hard;263;1.0;11.643;3.908;7.909;-7.735
sub-15_raw.fif;amotiv;hard;264;1.0;11.628;7.428;6.925;-4.2
sub-15_raw.fif;amotiv;hard;265;0.0;4.897;15.278;1.19;10.381
sub-15_raw.fif;amotiv;hard;266;1.0;6.832;1.132;4.85;-5.7
sub-15_raw.fif;amotiv;hard;267;1.0;18.891;6.962;15.249;-11.929
sub-15_raw.fif;amotiv;hard;268;1.0;11.227;-2.99;-1.833;-14.217
sub-15_raw.fif;amotiv;hard;269;0.0;-2.402;-4.877;-3.754;-2.475
sub-15_raw.fif;amotiv;hard;270;1.0;-4.437;-2.8;-13.473;1.637
sub-15_raw.fif;amotiv;hard;271;1.0;4.251;12.195;-6.58;7.943
sub-15_raw.fif;amotiv;hard;272;0.0;0.212;-0.37;-8.701;-0.582
sub-15_raw.fif;amotiv;hard;273;1.0;6.457;6.232;3.838;-0.224
sub-15_raw.fif;amotiv;hard;274;1.0;-6.021;-2.958;-14.757;3.063
sub-15_raw.fif;amotiv;hard;275;1.0;5.718;5.597;3.157;-0.122
sub-15_raw.fif;motiv;extr;276;1.0;4.79;6.972;1.607;2.182
sub-15_raw.fif;motiv;extr;277;1.0;1.696;1.424;-1.301;-0.272
sub-15_raw.fif;motiv;extr;278;0.0;17.918;14.451;10.406;-3.467
sub-15_raw.fif;motiv;extr;279;1.0;4.499;4.318;-0.519;-0.181
sub-15_raw.fif;motiv;extr;280;1.0;6.082;1.644;-0.417;-4.438
sub-15_raw.fif;motiv;extr;281;0.0;8.941;12.873;2.879;3.933
sub-15_raw.fif;motiv;extr;282;1.0;8.676;10.113;5.193;1.436
sub-15_raw.fif;motiv;extr;283;1.0;6.48;0.663;3.779;-5.817
sub-15_raw.fif;motiv;extr;284;1.0;14.203;13.396;10.429;-0.807
sub-15_raw.fif;motiv;extr;285;1.0;0.794;3.135;-7.513;2.341
sub-15_raw.fif;motiv;extr;286;0.0;-1.226;-6.877;-2.331;-5.651
sub-15_raw.fif;motiv;extr;287;0.0;-13.142;-14.251;-16.797;-1.109
sub-15_raw.fif;motiv;extr;288;1.0;3.492;19.611;-0.797;16.119
sub-15_raw.fif;motiv;extr;289;1.0;4.017;-6.022;2.058;-10.039
sub-15_raw.fif;motiv;extr;290;1.0;-5.075;12.323;-7.9;17.399
sub-15_raw.fif;motiv;extr;291;1.0;8.918;-2.195;2.064;-11.113
sub-15_raw.fif;motiv;extr;292;1.0;3.687;-0.106;-1.854;-3.793
sub-15_raw.fif;motiv;extr;293;1.0;12.877;7.466;10.134;-5.411
sub-15_raw.fif;motiv;extr;294;0.0;-14.443;-0.301;-16.818;14.143
sub-15_raw.fif;motiv;extr;295;1.0;5.589;12.099;2.196;6.509
sub-15_raw.fif;motiv;extr;296;0.0;10.193;26.557;-0.989;16.364
sub-15_raw.fif;motiv;extr;297;0.0;9.14;5.362;-8.877;-3.778
sub-15_raw.fif;motiv;extr;298;1.0;18.322;13.5;11.828;-4.822
sub-15_raw.fif;motiv;extr;299;1.0;4.7;1.066;2.766;-3.633
sub-15_raw.fif;motiv;extr;300;0.0;7.121;-3.213;0.871;-10.334
sub-15_raw.fif;motiv;extr;301;0.0;-11.884;-9.924;-17.924;1.961
sub-15_raw.fif;motiv;extr;302;1.0;1.654;-7.199;-8.446;-8.854
sub-15_raw.fif;motiv;extr;303;0.0;8.06;29.232;4.756;21.172
sub-15_raw.fif;motiv;extr;304;1.0;4.227;11.447;-4.327;7.22
sub-15_raw.fif;motiv;extr;305;0.0;12.089;15.169;6.138;3.08
sub-15_raw.fif;amotiv;easy;306;0.0;-0.13;7.235;-7.227;7.365
sub-15_raw.fif;amotiv;easy;307;1.0;2.293;-6.193;-0.754;-8.486
sub-15_raw.fif;amotiv;easy;308;1.0;3.381;-2.218;0.103;-5.599
sub-15_raw.fif;amotiv;easy;309;1.0;-15.828;7.873;-20.481;23.701
sub-15_raw.fif;amotiv;easy;310;1.0;-3.643;10.778;-10.177;14.421
sub-15_raw.fif;amotiv;easy;311;1.0;8.371;-0.372;4.643;-8.743
sub-15_raw.fif;amotiv;easy;312;1.0;3.024;18.264;-1.047;15.239
sub-15_raw.fif;amotiv;easy;313;0.0;-1.76;0.595;-5.477;2.355
sub-15_raw.fif;amotiv;easy;314;0.0;16.969;14.723;7.173;-2.246
sub-15_raw.fif;amotiv;easy;315;1.0;-18.443;3.587;-25.997;22.029
sub-15_raw.fif;amotiv;easy;316;1.0;2.428;1.351;-7.026;-1.077
sub-15_raw.fif;amotiv;easy;317;1.0;0.096;9.668;-3.082;9.572
sub-15_raw.fif;amotiv;easy;318;1.0;5.561;-4.337;2.29;-9.898
sub-15_raw.fif;amotiv;easy;319;0.0;-2.334;11.627;-7.7;13.961
sub-15_raw.fif;amotiv;easy;320;0.0;-7.73;-9.983;-19.182;-2.253
sub-15_raw.fif;amotiv;easy;321;1.0;-0.09;-0.124;-5.115;-0.034
sub-15_raw.fif;amotiv;easy;322;1.0;3.356;9.549;-9.068;6.193
sub-15_raw.fif;amotiv;easy;323;1.0;6.578;3.953;1.895;-2.625
sub-15_raw.fif;amotiv;easy;324;1.0;7.359;7.631;5.265;0.273
sub-15_raw.fif;amotiv;easy;325;1.0;4.306;11.847;-3.122;7.541
sub-15_raw.fif;amotiv;easy;326;0.0;29.965;24.585;24.717;-5.381
sub-15_raw.fif;amotiv;easy;327;0.0;4.584;-5.669;1.503;-10.253
sub-15_raw.fif;amotiv;easy;328;1.0;6.348;-3.11;-0.157;-9.458
sub-15_raw.fif;amotiv;easy;329;1.0;-4.764;-3.517;-7.982;1.247
sub-15_raw.fif;amotiv;easy;330;0.0;-5.882;-13.334;-10.526;-7.452
sub-15_raw.fif;amotiv;easy;331;1.0;15.037;9.942;8.911;-5.095
sub-15_raw.fif;amotiv;easy;332;0.0;2.683;-11.627;-6.218;-14.31
sub-15_raw.fif;amotiv;easy;333;1.0;7.825;-5.88;2.001;-13.705
sub-15_raw.fif;amotiv;easy;334;0.0;5.978;12.973;1.767;6.995
sub-15_raw.fif;amotiv;easy;335;1.0;-8.291;-0.09;-17.595;8.201
sub-16_raw.fif;motiv;extr;0;1.0;4.002;11.182;0.225;7.181
sub-16_raw.fif;motiv;extr;1;1.0;0.2;-1.555;-10.022;-1.756
sub-16_raw.fif;motiv;extr;2;1.0;-0.387;5.226;-4.669;5.613
sub-16_raw.fif;motiv;extr;3;0.0;-10.532;-21.059;-14.792;-10.527
sub-16_raw.fif;motiv;extr;4;1.0;-3.056;0.29;-7.658;3.346
sub-16_raw.fif;motiv;extr;5;1.0;4.922;13.003;0.891;8.081
sub-16_raw.fif;motiv;extr;6;1.0;8.646;16.278;4.801;7.632
sub-16_raw.fif;motiv;extr;7;1.0;3.502;9.188;-0.99;5.687
sub-16_raw.fif;motiv;extr;8;1.0;6.8;1.661;1.656;-5.139
sub-16_raw.fif;motiv;extr;9;1.0;-2.045;-3.964;-6.724;-1.919
sub-16_raw.fif;motiv;extr;10;0.0;7.891;15.709;4.451;7.818
sub-16_raw.fif;motiv;extr;11;1.0;-3.244;-0.495;-6.819;2.749
sub-16_raw.fif;motiv;extr;12;1.0;10.029;9.399;7.449;-0.63
sub-16_raw.fif;motiv;extr;13;1.0;3.598;-3.419;0.93;-7.017
sub-16_raw.fif;motiv;extr;14;0.0;18.91;3.453;-8.725;-15.456
sub-16_raw.fif;motiv;extr;15;0.0;-0.022;-3.452;-8.918;-3.43
sub-16_raw.fif;motiv;extr;16;1.0;-4.891;-7.432;-9.652;-2.542
sub-16_raw.fif;motiv;extr;17;1.0;-13.173;-0.276;-18.852;12.897
sub-16_raw.fif;motiv;extr;18;1.0;-3.283;11.592;-6.403;14.875
sub-16_raw.fif;motiv;extr;19;0.0;13.921;13.929;11.777;0.008
sub-16_raw.fif;motiv;extr;20;1.0;0.334;0.102;-1.994;-0.232
sub-16_raw.fif;motiv;extr;21;1.0;1.334;0.934;-1.468;-0.399
sub-16_raw.fif;motiv;extr;22;0.0;9.018;17.709;2.368;8.691
sub-16_raw.fif;motiv;extr;23;1.0;4.779;10.832;2.283;6.052
sub-16_raw.fif;motiv;extr;24;1.0;0.002;-2.066;-5.392;-2.068
sub-16_raw.fif;motiv;extr;25;0.0;-11.636;-7.456;-14.889;4.18
sub-16_raw.fif;motiv;extr;26;1.0;-7.857;-0.925;-13.057;6.932
sub-16_raw.fif;motiv;extr;27;0.0;-1.118;19.825;-14.861;20.943
sub-16_raw.fif;motiv;extr;28;1.0;6.395;4.547;2.584;-1.848
sub-16_raw.fif;amotiv;easy;29;1.0;-8.043;-0.441;-13.248;7.603
sub-16_raw.fif;amotiv;easy;30;1.0;-0.098;-4.81;-6.621;-4.713
sub-16_raw.fif;amotiv;easy;31;1.0;3.131;9.491;-1.965;6.36
sub-16_raw.fif;amotiv;easy;32;0.0;-12.042;-13.902;-20.819;-1.86
sub-16_raw.fif;amotiv;easy;33;0.0;10.769;9.729;7.751;-1.04
sub-16_raw.fif;amotiv;easy;34;1.0;-0.098;5.355;-7.302;5.453
sub-16_raw.fif;amotiv;easy;35;0.0;-2.079;10.376;-8.56;12.455
sub-16_raw.fif;amotiv;easy;36;1.0;-8.245;-3.99;-12.653;4.255
sub-16_raw.fif;amotiv;easy;37;1.0;2.233;7.558;0.563;5.324
sub-16_raw.fif;amotiv;easy;38;0.0;6.962;13.19;2.916;6.229
sub-16_raw.fif;amotiv;easy;39;1.0;0.727;6.379;-3.609;5.653
sub-16_raw.fif;amotiv;easy;40;0.0;-11.875;-5.828;-15.472;6.047
sub-16_raw.fif;amotiv;easy;41;1.0;-0.24;-2.451;-5.002;-2.21
sub-16_raw.fif;amotiv;easy;42;0.0;9.265;24.632;5.97;15.367
sub-16_raw.fif;amotiv;easy;43;1.0;1.386;4.455;-3.666;3.069
sub-16_raw.fif;amotiv;easy;44;0.0;-10.432;-3.146;-12.673;7.286
sub-16_raw.fif;amotiv;easy;45;1.0;13.257;-3.981;10.091;-17.238
sub-16_raw.fif;amotiv;easy;46;1.0;-0.666;0.837;-4.461;1.503
sub-16_raw.fif;amotiv;easy;47;1.0;-2.386;1.773;-13.504;4.159
sub-16_raw.fif;amotiv;easy;48;1.0;-9.691;4.748;-11.893;14.439
sub-16_raw.fif;amotiv;easy;49;1.0;4.697;-10.071;-3.501;-14.768
sub-16_raw.fif;amotiv;easy;50;1.0;1.407;5.31;-8.81;3.903
sub-16_raw.fif;amotiv;easy;51;1.0;4.96;-5.479;1.537;-10.438
sub-16_raw.fif;amotiv;easy;52;0.0;-13.503;-7.757;-19.272;5.746
sub-16_raw.fif;amotiv;easy;53;1.0;2.633;3.062;-3.751;0.429
sub-16_raw.fif;amotiv;easy;54;1.0;-2.702;7.962;-3.691;10.664
sub-16_raw.fif;amotiv;easy;55;1.0;11.844;3.596;5.349;-8.248
sub-16_raw.fif;amotiv;easy;56;1.0;4.334;-1.749;0.885;-6.083
sub-16_raw.fif;amotiv;easy;57;1.0;3.099;0.797;-1.48;-2.302
sub-16_raw.fif;amotiv;easy;58;0.0;25.663;14.767;22.269;-10.896
sub-16_raw.fif;amotiv;hard;59;1.0;-2.579;-4.03;-8.878;-1.451
sub-16_raw.fif;amotiv;hard;60;1.0;6.263;1.937;-0.994;-4.326
sub-16_raw.fif;amotiv;hard;61;0.0;-9.944;-9.577;-12.789;0.367
sub-16_raw.fif;amotiv;hard;62;0.0;8.84;12.301;2.756;3.461
sub-16_raw.fif;amotiv;hard;63;1.0;-5.918;-2.083;-13.811;3.835
sub-16_raw.fif;amotiv;hard;64;0.0;16.726;-3.872;11.24;-20.598
sub-16_raw.fif;amotiv;hard;65;1.0;1.382;-8.805;-5.161;-10.187
sub-16_raw.fif;amotiv;hard;66;1.0;1.211;-0.103;-3.243;-1.314
sub-16_raw.fif;amotiv;hard;67;1.0;8.431;7.958;6.902;-0.473
sub-16_raw.fif;amotiv;hard;68;1.0;-9.897;-2.682;-12.409;7.215
sub-16_raw.fif;amotiv;hard;69;0.0;0.478;-9.938;-3.96;-10.415
sub-16_raw.fif;amotiv;hard;70;1.0;7.888;8.146;4.687;0.258
sub-16_raw.fif;amotiv;hard;71;1.0;-2.876;10.741;-9.535;13.617
sub-16_raw.fif;amotiv;hard;72;0.0;-40.675;-14.598;-46.49;26.077
sub-16_raw.fif;amotiv;hard;73;0.0;14.834;14.824;7.481;-0.011
sub-16_raw.fif;amotiv;hard;74;1.0;6.376;-4.763;2.373;-11.138
sub-16_raw.fif;amotiv;hard;75;1.0;0.815;-4.029;-3.968;-4.844
sub-16_raw.fif;amotiv;hard;76;1.0;-9.293;0.53;-13.079;9.822
sub-16_raw.fif;amotiv;hard;77;1.0;4.324;5.387;-0.882;1.063
sub-16_raw.fif;amotiv;hard;78;1.0;3.797;3.137;-1.224;-0.66
sub-16_raw.fif;amotiv;hard;79;1.0;-3.909;-3.758;-11.867;0.151
sub-16_raw.fif;amotiv;hard;80;1.0;0.764;3.197;-3.171;2.433
sub-16_raw.fif;amotiv;hard;81;0.0;-4.628;9.384;-11.018;14.012
sub-16_raw.fif;amotiv;hard;82;1.0;12.154;16.835;8.691;4.681
sub-16_raw.fif;amotiv;hard;83;1.0;-4.844;2.838;-12.304;7.682
sub-16_raw.fif;amotiv;hard;84;1.0;-1.55;2.518;-8.251;4.068
sub-16_raw.fif;amotiv;hard;85;1.0;8.984;-5.939;5.58;-14.922
sub-16_raw.fif;amotiv;hard;86;0.0;10.575;-3.409;7.173;-13.984
sub-16_raw.fif;amotiv;hard;87;1.0;8.765;-5.204;4.61;-13.968
sub-16_raw.fif;amotiv;hard;88;1.0;2.725;7.14;0.429;4.415
sub-16_raw.fif;amotiv;extr;89;0.0;-6.33;-12.519;-10.585;-6.189
sub-16_raw.fif;amotiv;extr;90;1.0;-0.099;1.841;-4.906;1.94
sub-16_raw.fif;amotiv;extr;91;1.0;-5.813;2.229;-9.707;8.043
sub-16_raw.fif;amotiv;extr;92;1.0;1.062;-4.179;-1.728;-5.241
sub-16_raw.fif;amotiv;extr;93;1.0;13.216;1.347;9.305;-11.869
sub-16_raw.fif;amotiv;extr;94;0.0;-1.69;-2.817;-4.973;-1.126
sub-16_raw.fif;amotiv;extr;95;1.0;8.135;4.938;6.035;-3.197
sub-16_raw.fif;amotiv;extr;96;1.0;18.023;8.112;15.947;-9.911
sub-16_raw.fif;amotiv;extr;97;1.0;5.724;7.296;-1.633;1.572
sub-16_raw.fif;amotiv;extr;98;0.0;-18.084;-4.121;-18.759;13.962
sub-16_raw.fif;amotiv;extr;99;1.0;-1.953;-4.54;-3.819;-2.588
sub-16_raw.fif;amotiv;extr;100;1.0;8.099;1.075;4.531;-7.024
sub-16_raw.fif;amotiv;extr;101;1.0;-2.969;2.976;-5.953;5.944
sub-16_raw.fif;amotiv;extr;102;1.0;8.83;3.186;3.63;-5.644
sub-16_raw.fif;amotiv;extr;103;1.0;3.842;10.574;0.563;6.732
sub-16_raw.fif;amotiv;extr;104;1.0;0.042;0.23;-2.412;0.188
sub-16_raw.fif;amotiv;extr;105;1.0;6.44;-0.75;2.14;-7.191
sub-16_raw.fif;amotiv;extr;106;1.0;-7.735;-4.285;-10.345;3.45
sub-16_raw.fif;amotiv;extr;107;1.0;7.599;2.373;0.639;-5.226
sub-16_raw.fif;amotiv;extr;108;1.0;-5.158;6.93;-8.4;12.088
sub-16_raw.fif;amotiv;extr;109;1.0;-6.913;7.703;-8.541;14.617
sub-16_raw.fif;amotiv;extr;110;0.0;13.364;14.817;7.432;1.453
sub-16_raw.fif;amotiv;extr;111;1.0;-8.791;-3.482;-11.259;5.309
sub-16_raw.fif;amotiv;extr;112;1.0;-3.688;2.78;-7.557;6.468
sub-16_raw.fif;amotiv;extr;113;1.0;12.245;6.156;10.892;-6.089
sub-16_raw.fif;amotiv;extr;114;1.0;-1.444;7.271;-4.067;8.715
sub-16_raw.fif;amotiv;extr;115;1.0;5.737;1.17;-0.253;-4.567
sub-16_raw.fif;amotiv;extr;116;0.0;4.834;16.336;2.454;11.502
sub-16_raw.fif;amotiv;extr;117;1.0;-6.591;-7.753;-14.137;-1.162
sub-16_raw.fif;motiv;easy;118;1.0;-8.959;-6.043;-11.069;2.916
sub-16_raw.fif;motiv;easy;119;1.0;-0.967;12.422;-3.791;13.389
sub-16_raw.fif;motiv;easy;120;1.0;-2.275;3.473;-9.076;5.748
sub-16_raw.fif;motiv;easy;121;1.0;-4.25;8.603;-7.119;12.852
sub-16_raw.fif;motiv;easy;122;1.0;-7.885;-0.128;-10.215;7.757
sub-16_raw.fif;motiv;easy;123;1.0;4.134;5.206;1.091;1.071
sub-16_raw.fif;motiv;easy;124;1.0;1.216;1.893;-3.818;0.677
sub-16_raw.fif;motiv;easy;125;1.0;12.454;6.425;5.919;-6.029
sub-16_raw.fif;motiv;easy;126;1.0;-7.629;-3.264;-16.595;4.364
sub-16_raw.fif;motiv;easy;127;1.0;2.483;-2.158;-3.052;-4.641
sub-16_raw.fif;motiv;easy;128;1.0;5.608;2.419;1.19;-3.189
sub-16_raw.fif;motiv;easy;129;1.0;1.655;-8.21;-3.697;-9.865
sub-16_raw.fif;motiv;easy;130;0.0;-17.385;-15.303;-26.844;2.081
sub-16_raw.fif;motiv;easy;131;1.0;8.534;5.622;6.329;-2.912
sub-16_raw.fif;motiv;easy;132;1.0;4.249;-2.585;-2.823;-6.834
sub-16_raw.fif;motiv;easy;133;0.0;9.971;11.946;7.674;1.975
sub-16_raw.fif;motiv;easy;134;1.0;-2.055;4.372;-5.355;6.427
sub-16_raw.fif;motiv;easy;135;1.0;-1.142;-3.035;-6.238;-1.894
sub-16_raw.fif;motiv;easy;136;1.0;-1.307;-1.498;-9.049;-0.192
sub-16_raw.fif;motiv;easy;137;1.0;-3.482;7.732;-5.339;11.213
sub-16_raw.fif;motiv;easy;138;0.0;17.033;8.256;10.871;-8.777
sub-16_raw.fif;motiv;easy;139;1.0;0.653;10.181;-2.975;9.528
sub-16_raw.fif;motiv;easy;140;0.0;-10.34;-2.606;-14.907;7.735
sub-16_raw.fif;motiv;easy;141;0.0;-2.165;-1.216;-15.052;0.949
sub-16_raw.fif;motiv;easy;142;0.0;-5.752;2.82;-16.513;8.572
sub-16_raw.fif;motiv;easy;143;1.0;3.527;4.946;2.133;1.419
sub-16_raw.fif;motiv;easy;144;1.0;-0.133;12.675;-1.922;12.809
sub-16_raw.fif;motiv;easy;145;1.0;1.876;-2.768;-0.634;-4.644
sub-16_raw.fif;motiv;easy;146;1.0;8.437;-4.473;6.68;-12.91
sub-16_raw.fif;motiv;hard;147;1.0;-0.408;-6.262;-3.263;-5.855
sub-16_raw.fif;motiv;hard;148;1.0;-2.207;-7.74;-10.757;-5.532
sub-16_raw.fif;motiv;hard;149;1.0;10.43;6.872;5.852;-3.558
sub-16_raw.fif;motiv;hard;150;1.0;1.529;-2.053;-2.209;-3.581
sub-16_raw.fif;motiv;hard;151;1.0;10.53;9.429;2.791;-1.101
sub-16_raw.fif;motiv;hard;152;1.0;2.912;-1.108;0.424;-4.02
sub-16_raw.fif;motiv;hard;153;0.0;-2.556;-17.58;-6.589;-15.023
sub-16_raw.fif;motiv;hard;154;1.0;0.742;14.127;-6.656;13.385
sub-16_raw.fif;motiv;hard;155;1.0;-0.776;5.587;-5.747;6.363
sub-16_raw.fif;motiv;hard;156;1.0;9.51;6.779;5.65;-2.731
sub-16_raw.fif;motiv;hard;157;0.0;-19.315;2.101;-24.399;21.416
sub-16_raw.fif;motiv;hard;158;1.0;4.569;-1.545;-1.406;-6.114
sub-16_raw.fif;motiv;hard;159;0.0;15.149;11.183;6.988;-3.966
sub-16_raw.fif;motiv;hard;160;1.0;15.409;7.274;13.633;-8.134
sub-16_raw.fif;motiv;hard;161;0.0;-11.754;-6.868;-16.843;4.886
sub-16_raw.fif;motiv;hard;162;1.0;7.467;-2.791;4.89;-10.257
sub-16_raw.fif;motiv;hard;163;0.0;9.616;11.713;7.043;2.096
sub-16_raw.fif;motiv;hard;164;1.0;-4.927;5.423;-8.977;10.35
sub-16_raw.fif;motiv;hard;165;1.0;9.69;11.873;5.99;2.183
sub-16_raw.fif;motiv;hard;166;1.0;0.0;6.2;-4.985;6.2
sub-16_raw.fif;motiv;hard;167;1.0;-6.409;9.403;-9.077;15.812
sub-16_raw.fif;motiv;hard;168;1.0;6.106;14.009;2.899;7.903
sub-16_raw.fif;motiv;hard;169;1.0;4.482;16.852;1.194;12.37
sub-16_raw.fif;motiv;hard;170;1.0;-2.702;-1.571;-3.964;1.13
sub-16_raw.fif;motiv;hard;171;0.0;-13.809;-6.105;-17.398;7.704
sub-16_raw.fif;motiv;hard;172;1.0;-1.297;-3.035;-5.577;-1.738
sub-16_raw.fif;motiv;hard;173;1.0;-8.487;-3.18;-10.972;5.307
sub-16_raw.fif;motiv;hard;174;1.0;1.425;-7.866;-1.683;-9.291
sub-16_raw.fif;motiv;hard;175;1.0;-2.521;8.491;-9.181;11.013
sub-16_raw.fif;motiv;hard;176;1.0;-4.444;-2.612;-8.447;1.832
sub-16_raw.fif;motiv;extr;177;0.0;-2.357;3.572;-6.649;5.929
sub-16_raw.fif;motiv;extr;178;0.0;6.676;17.162;1.359;10.486
sub-16_raw.fif;motiv;extr;179;1.0;1.801;11.173;-3.382;9.373
sub-16_raw.fif;motiv;extr;180;0.0;11.095;14.483;6.955;3.388
sub-16_raw.fif;motiv;extr;181;1.0;1.005;5.106;-0.632;4.101
sub-16_raw.fif;motiv;extr;182;1.0;-0.174;15.999;-3.266;16.173
sub-16_raw.fif;motiv;extr;183;0.0;12.714;17.345;10.414;4.63
sub-16_raw.fif;motiv;extr;184;1.0;-4.271;-7.514;-9.084;-3.243
sub-16_raw.fif;motiv;extr;185;1.0;0.402;1.045;-3.052;0.643
sub-16_raw.fif;motiv;extr;186;1.0;4.642;5.5;-0.421;0.858
sub-16_raw.fif;motiv;extr;187;1.0;10.147;4.191;7.455;-5.957
sub-16_raw.fif;motiv;extr;188;1.0;-12.657;4.494;-15.596;17.15
sub-16_raw.fif;motiv;extr;189;1.0;10.592;3.531;7.989;-7.061
sub-16_raw.fif;motiv;extr;190;1.0;8.16;11.391;2.068;3.231
sub-16_raw.fif;motiv;extr;191;1.0;0.827;6.037;-0.431;5.21
sub-16_raw.fif;motiv;extr;192;1.0;9.515;10.197;4.24;0.682
sub-16_raw.fif;motiv;extr;193;1.0;14.839;7.424;12.174;-7.415
sub-16_raw.fif;motiv;extr;194;1.0;2.082;11.935;-2.324;9.853
sub-16_raw.fif;motiv;extr;195;1.0;12.248;7.92;7.715;-4.329
sub-16_raw.fif;motiv;extr;196;1.0;14.724;5.013;12.16;-9.71
sub-16_raw.fif;motiv;extr;197;1.0;-9.66;0.456;-12.87;10.116
sub-16_raw.fif;motiv;extr;198;1.0;10.482;4.162;7.514;-6.32
sub-16_raw.fif;motiv;extr;199;1.0;-1.788;2.959;-4.751;4.747
sub-16_raw.fif;motiv;extr;200;1.0;-4.469;1.686;-7.623;6.156
sub-16_raw.fif;motiv;extr;201;1.0;-8.099;4.807;-11.288;12.905
sub-16_raw.fif;motiv;extr;202;1.0;-1.33;14.926;-6.124;16.256
sub-16_raw.fif;amotiv;easy;203;1.0;-3.526;10.644;-7.715;14.17
sub-16_raw.fif;amotiv;easy;204;1.0;8.952;3.419;7.147;-5.533
sub-16_raw.fif;amotiv;easy;205;0.0;-7.568;-7.179;-11.84;0.389
sub-16_raw.fif;amotiv;easy;206;1.0;4.635;9.712;-2.234;5.077
sub-16_raw.fif;amotiv;easy;207;0.0;8.594;20.866;3.951;12.272
sub-16_raw.fif;amotiv;easy;208;0.0;-12.747;-21.546;-17.413;-8.798
sub-16_raw.fif;amotiv;easy;209;1.0;5.159;8.337;0.84;3.178
sub-16_raw.fif;amotiv;easy;210;1.0;-9.302;2.936;-11.97;12.238
sub-16_raw.fif;amotiv;easy;211;1.0;-2.596;-6.402;-9.034;-3.806
sub-16_raw.fif;amotiv;easy;212;1.0;-3.154;5.882;-8.785;9.036
sub-16_raw.fif;amotiv;easy;213;1.0;12.267;6.326;7.566;-5.941
sub-16_raw.fif;amotiv;easy;214;1.0;1.328;11.217;-3.217;9.889
sub-16_raw.fif;amotiv;easy;215;1.0;12.923;6.775;9.595;-6.148
sub-16_raw.fif;amotiv;easy;216;1.0;15.093;11.459;11.231;-3.634
sub-16_raw.fif;amotiv;easy;217;1.0;7.413;5.828;4.745;-1.585
sub-16_raw.fif;amotiv;easy;218;0.0;12.227;16.634;4.781;4.407
sub-16_raw.fif;amotiv;easy;219;0.0;-7.42;7.667;-10.6;15.087
sub-16_raw.fif;amotiv;easy;220;0.0;-2.058;-0.169;-7.216;1.89
sub-16_raw.fif;amotiv;easy;221;0.0;3.77;26.326;-3.255;22.556
sub-16_raw.fif;amotiv;easy;222;1.0;-0.068;-5.517;-1.8;-5.448
sub-16_raw.fif;amotiv;easy;223;1.0;-1.983;4.868;-7.16;6.851
sub-16_raw.fif;amotiv;easy;224;1.0;7.587;-5.743;4.841;-13.33
sub-16_raw.fif;amotiv;easy;225;0.0;-10.932;-11.075;-16.768;-0.143
sub-16_raw.fif;amotiv;easy;226;1.0;-3.864;-1.17;-6.99;2.694
sub-16_raw.fif;amotiv;easy;227;1.0;-3.825;12.975;-8.861;16.8
sub-16_raw.fif;amotiv;easy;228;1.0;-2.809;-5.285;-6.488;-2.476
sub-16_raw.fif;amotiv;hard;229;1.0;-0.534;2.214;-3.393;2.748
sub-16_raw.fif;amotiv;hard;230;1.0;-3.727;2.247;-6.919;5.975
sub-16_raw.fif;amotiv;hard;231;1.0;0.637;2.596;-4.054;1.958
sub-16_raw.fif;amotiv;hard;232;1.0;-5.671;6.445;-8.957;12.117
sub-16_raw.fif;amotiv;hard;233;1.0;9.73;4.199;-0.653;-5.531
sub-16_raw.fif;amotiv;hard;234;1.0;11.482;-8.734;7.676;-20.216
sub-16_raw.fif;amotiv;hard;235;1.0;-4.834;1.279;-10.362;6.114
sub-16_raw.fif;amotiv;hard;236;1.0;3.802;5.74;0.108;1.937
sub-16_raw.fif;amotiv;hard;237;0.0;11.481;20.159;6.271;8.679
sub-16_raw.fif;amotiv;hard;238;1.0;-15.69;6.327;-20.612;22.017
sub-16_raw.fif;amotiv;hard;239;0.0;4.126;1.009;1.325;-3.117
sub-16_raw.fif;amotiv;hard;240;1.0;-2.887;-0.122;-11.027;2.765
sub-16_raw.fif;amotiv;hard;241;0.0;12.527;12.113;9.294;-0.414
sub-16_raw.fif;amotiv;hard;242;1.0;-6.52;-9.884;-9.906;-3.365
sub-16_raw.fif;amotiv;hard;243;1.0;2.496;11.496;-2.476;9.001
sub-16_raw.fif;amotiv;hard;244;1.0;7.811;8.431;5.47;0.619
sub-16_raw.fif;amotiv;hard;245;1.0;-1.167;7.908;-5.532;9.074
sub-16_raw.fif;amotiv;hard;246;1.0;-7.338;-5.235;-14.255;2.104
sub-16_raw.fif;amotiv;hard;247;1.0;9.659;1.537;5.992;-8.122
sub-16_raw.fif;amotiv;hard;248;1.0;0.938;-0.444;-2.217;-1.382
sub-16_raw.fif;amotiv;hard;249;1.0;-3.72;4.435;-12.218;8.155
sub-16_raw.fif;amotiv;hard;250;1.0;4.581;4.761;2.194;0.18
sub-16_raw.fif;amotiv;hard;251;1.0;1.429;-6.707;-0.557;-8.136
sub-16_raw.fif;amotiv;hard;252;1.0;10.251;11.327;8.867;1.075
sub-16_raw.fif;amotiv;hard;253;1.0;8.673;9.353;5.184;0.68
sub-16_raw.fif;amotiv;hard;254;0.0;12.543;10.057;9.803;-2.486
sub-16_raw.fif;amotiv;extr;255;1.0;3.516;3.011;1.226;-0.505
sub-16_raw.fif;amotiv;extr;256;1.0;5.389;17.996;3.993;12.607
sub-16_raw.fif;amotiv;extr;257;1.0;-15.727;11.088;-22.196;26.815
sub-16_raw.fif;amotiv;extr;258;1.0;-6.064;7.559;-11.538;13.622
sub-16_raw.fif;amotiv;extr;259;1.0;0.004;-0.719;-1.999;-0.723
sub-16_raw.fif;amotiv;extr;260;1.0;5.879;15.828;1.85;9.948
sub-16_raw.fif;amotiv;extr;261;1.0;-1.931;1.73;-8.185;3.66
sub-16_raw.fif;amotiv;extr;262;1.0;-4.907;4.455;-10.121;9.362
sub-16_raw.fif;amotiv;extr;263;1.0;4.707;5.904;-2.131;1.197
sub-16_raw.fif;amotiv;extr;264;0.0;-3.27;-10.009;-6.167;-6.738
sub-16_raw.fif;amotiv;extr;265;1.0;7.453;6.195;1.167;-1.257
sub-16_raw.fif;amotiv;extr;266;1.0;9.65;10.123;6.914;0.473
sub-16_raw.fif;amotiv;extr;267;1.0;3.633;11.687;1.153;8.054
sub-16_raw.fif;amotiv;extr;268;1.0;7.626;4.363;0.977;-3.263
sub-16_raw.fif;amotiv;extr;269;1.0;-3.882;10.555;-5.823;14.438
sub-16_raw.fif;amotiv;extr;270;0.0;16.929;9.751;11.017;-7.178
sub-16_raw.fif;amotiv;extr;271;1.0;-5.169;6.305;-11.583;11.474
sub-16_raw.fif;amotiv;extr;272;1.0;0.431;-0.986;-3.133;-1.417
sub-16_raw.fif;amotiv;extr;273;1.0;-6.754;4.302;-9.464;11.056
sub-16_raw.fif;amotiv;extr;274;1.0;0.164;2.727;-1.071;2.563
sub-16_raw.fif;amotiv;extr;275;1.0;-8.98;6.914;-11.95;15.894
sub-16_raw.fif;amotiv;extr;276;0.0;6.363;4.183;0.427;-2.18
sub-16_raw.fif;amotiv;extr;277;1.0;3.316;5.811;-2.101;2.495
sub-16_raw.fif;amotiv;extr;278;1.0;9.046;13.624;5.764;4.578
sub-16_raw.fif;amotiv;extr;279;1.0;9.908;3.494;5.732;-6.413
sub-16_raw.fif;amotiv;extr;280;1.0;-7.822;2.001;-10.245;9.824
sub-16_raw.fif;motiv;easy;281;1.0;-8.957;-4.753;-17.242;4.204
sub-16_raw.fif;motiv;easy;282;1.0;7.088;10.156;0.259;3.069
sub-16_raw.fif;motiv;easy;283;1.0;1.932;-4.047;-3.732;-5.979
sub-16_raw.fif;motiv;easy;284;0.0;-9.215;-21.796;-15.939;-12.582
sub-16_raw.fif;motiv;easy;285;1.0;17.844;-2.271;14.772;-20.115
sub-16_raw.fif;motiv;easy;286;1.0;6.492;-12.621;0.364;-19.113
sub-16_raw.fif;motiv;easy;287;1.0;4.096;-11.067;1.136;-15.163
sub-16_raw.fif;motiv;easy;288;1.0;-2.775;2.497;-4.024;5.273
sub-16_raw.fif;motiv;easy;289;0.0;-8.061;-12.407;-12.274;-4.345
sub-16_raw.fif;motiv;easy;290;1.0;5.788;2.389;0.953;-3.4
sub-16_raw.fif;motiv;easy;291;1.0;15.44;3.644;11.763;-11.795
sub-16_raw.fif;motiv;easy;292;1.0;-0.573;0.019;-5.571;0.592
sub-16_raw.fif;motiv;easy;293;0.0;-12.478;-8.757;-17.238;3.721
sub-16_raw.fif;motiv;easy;294;0.0;-0.87;3.856;-12.796;4.726
sub-16_raw.fif;motiv;easy;295;1.0;12.602;5.747;2.283;-6.854
sub-16_raw.fif;motiv;easy;296;1.0;10.024;3.118;8.482;-6.906
sub-16_raw.fif;motiv;easy;297;1.0;-5.385;7.824;-20.952;13.209
sub-16_raw.fif;motiv;easy;298;0.0;-13.679;-8.166;-18.586;5.513
sub-16_raw.fif;motiv;easy;299;1.0;-6.855;0.09;-11.995;6.945
sub-16_raw.fif;motiv;easy;300;1.0;-10.426;-7.891;-13.739;2.535
sub-16_raw.fif;motiv;easy;301;0.0;-15.641;-16.437;-22.558;-0.796
sub-16_raw.fif;motiv;easy;302;1.0;-4.038;2.191;-8.797;6.228
sub-16_raw.fif;motiv;easy;303;1.0;-0.74;0.344;-6.665;1.084
sub-16_raw.fif;motiv;easy;304;1.0;-2.162;-2.469;-5.649;-0.307
sub-16_raw.fif;motiv;easy;305;1.0;-4.03;-0.619;-6.337;3.411
sub-16_raw.fif;motiv;easy;306;1.0;-10.64;-8.674;-15.107;1.966
sub-16_raw.fif;motiv;hard;307;1.0;-1.247;-1.372;-4.844;-0.126
sub-16_raw.fif;motiv;hard;308;1.0;-6.967;3.818;-10.261;10.784
sub-16_raw.fif;motiv;hard;309;0.0;-21.069;-2.232;-26.68;18.836
sub-16_raw.fif;motiv;hard;310;1.0;-3.0;-1.097;-5.849;1.903
sub-16_raw.fif;motiv;hard;311;0.0;-1.423;8.499;-4.674;9.922
sub-16_raw.fif;motiv;hard;312;1.0;2.463;3.026;0.817;0.562
sub-16_raw.fif;motiv;hard;313;1.0;-13.605;10.477;-17.315;24.082
sub-16_raw.fif;motiv;hard;314;0.0;-8.971;-11.143;-14.33;-2.172
sub-16_raw.fif;motiv;hard;315;1.0;10.56;2.046;8.801;-8.514
sub-16_raw.fif;motiv;hard;316;1.0;-7.272;1.797;-9.193;9.069
sub-16_raw.fif;motiv;hard;317;1.0;2.222;1.783;-1.524;-0.439
sub-16_raw.fif;motiv;hard;318;1.0;1.267;-3.289;-6.992;-4.556
sub-16_raw.fif;motiv;hard;319;0.0;-9.113;-0.449;-15.722;8.664
sub-16_raw.fif;motiv;hard;320;0.0;7.724;6.849;-3.975;-0.875
sub-16_raw.fif;motiv;hard;321;1.0;7.256;10.827;4.273;3.571
sub-16_raw.fif;motiv;hard;322;0.0;3.197;-0.531;-11.862;-3.727
sub-16_raw.fif;motiv;hard;323;1.0;5.458;-7.189;-3.971;-12.648
sub-16_raw.fif;motiv;hard;324;1.0;12.266;4.675;7.132;-7.591
sub-16_raw.fif;motiv;hard;325;0.0;1.814;1.548;-1.301;-0.266
sub-16_raw.fif;motiv;hard;326;1.0;-0.646;-1.108;-7.394;-0.462
sub-16_raw.fif;motiv;hard;327;0.0;-8.814;-7.725;-12.582;1.089
sub-16_raw.fif;motiv;hard;328;1.0;8.268;2.051;3.276;-6.216
sub-16_raw.fif;motiv;hard;329;1.0;8.489;-3.532;3.316;-12.021
sub-16_raw.fif;motiv;hard;330;1.0;-4.6;-9.448;-7.239;-4.848
sub-17_raw.fif;motiv;easy;0;1.0;8.796;9.693;6.212;0.897
sub-17_raw.fif;motiv;easy;1;1.0;-2.459;19.411;-4.083;21.87
sub-17_raw.fif;motiv;easy;2;1.0;5.495;8.833;-5.367;3.338
sub-17_raw.fif;motiv;easy;3;0.0;-3.88;25.0;-8.507;28.88
sub-17_raw.fif;motiv;easy;4;1.0;1.058;13.107;-4.484;12.05
sub-17_raw.fif;motiv;easy;5;1.0;1.073;6.572;-1.791;5.499
sub-17_raw.fif;motiv;easy;6;0.0;-15.173;-3.12;-19.296;12.053
sub-17_raw.fif;motiv;easy;7;1.0;-4.61;10.63;-11.17;15.239
sub-17_raw.fif;motiv;easy;8;1.0;9.375;10.145;5.893;0.771
sub-17_raw.fif;motiv;easy;9;1.0;3.38;14.536;-1.047;11.156
sub-17_raw.fif;motiv;easy;10;1.0;4.803;10.756;1.541;5.953
sub-17_raw.fif;motiv;easy;11;1.0;3.483;19.678;0.41;16.195
sub-17_raw.fif;motiv;easy;12;1.0;4.909;6.21;1.634;1.3
sub-17_raw.fif;motiv;easy;13;1.0;6.279;9.435;1.09;3.156
sub-17_raw.fif;motiv;easy;14;1.0;-4.977;1.556;-6.49;6.533
sub-17_raw.fif;motiv;easy;15;1.0;-0.67;13.57;-5.645;14.24
sub-17_raw.fif;motiv;easy;16;0.0;-0.601;2.822;-6.228;3.422
sub-17_raw.fif;motiv;easy;17;1.0;4.366;7.223;2.858;2.856
sub-17_raw.fif;motiv;easy;18;1.0;-7.236;4.209;-12.226;11.445
sub-17_raw.fif;motiv;easy;19;1.0;2.605;-2.386;-1.32;-4.991
sub-17_raw.fif;motiv;easy;20;1.0;13.742;6.322;8.376;-7.42
sub-17_raw.fif;motiv;easy;21;1.0;3.704;-6.289;1.235;-9.993
sub-17_raw.fif;motiv;easy;22;1.0;0.831;10.362;-2.548;9.531
sub-17_raw.fif;motiv;easy;23;0.0;11.785;11.023;8.582;-0.762
sub-17_raw.fif;motiv;easy;24;1.0;2.6;12.444;-2.708;9.844
sub-17_raw.fif;motiv;easy;25;1.0;-4.442;-2.367;-8.353;2.075
sub-17_raw.fif;amotiv;hard;26;0.0;5.25;7.767;-9.224;2.517
sub-17_raw.fif;amotiv;hard;27;1.0;9.098;12.177;5.326;3.079
sub-17_raw.fif;amotiv;hard;28;0.0;-13.874;10.797;-37.114;24.671
sub-17_raw.fif;amotiv;hard;29;1.0;1.611;-2.405;-2.523;-4.015
sub-17_raw.fif;amotiv;hard;30;1.0;-6.681;5.442;-15.105;12.123
sub-17_raw.fif;amotiv;hard;31;0.0;-8.053;-14.612;-11.729;-6.559
sub-17_raw.fif;amotiv;hard;32;1.0;-0.665;9.283;-1.773;9.947
sub-17_raw.fif;amotiv;hard;33;0.0;7.584;13.623;-1.01;6.039
sub-17_raw.fif;amotiv;hard;34;0.0;8.996;13.924;-2.437;4.928
sub-17_raw.fif;amotiv;hard;35;1.0;-16.309;4.384;-23.057;20.693
sub-17_raw.fif;amotiv;hard;36;0.0;19.677;12.924;15.851;-6.753
sub-17_raw.fif;amotiv;hard;37;0.0;-10.736;-3.454;-15.252;7.281
sub-17_raw.fif;amotiv;hard;38;1.0;12.257;8.164;9.375;-4.093
sub-17_raw.fif;amotiv;hard;39;1.0;3.059;7.098;-5.984;4.039
sub-17_raw.fif;amotiv;hard;40;1.0;12.663;9.933;4.301;-2.73
sub-17_raw.fif;amotiv;hard;41;1.0;-10.351;7.686;-16.722;18.037
sub-17_raw.fif;amotiv;hard;42;1.0;0.956;22.937;-5.695;21.981
sub-17_raw.fif;amotiv;hard;43;1.0;-0.788;1.197;-5.956;1.986
sub-17_raw.fif;amotiv;hard;44;1.0;-4.012;0.001;-6.647;4.013
sub-17_raw.fif;amotiv;hard;45;1.0;5.022;6.343;0.596;1.32
sub-17_raw.fif;amotiv;hard;46;0.0;-9.24;-10.599;-13.709;-1.359
sub-17_raw.fif;amotiv;hard;47;1.0;-1.616;-0.36;-7.205;1.256
sub-17_raw.fif;amotiv;hard;48;1.0;-9.665;5.769;-12.23;15.434
sub-17_raw.fif;amotiv;hard;49;1.0;-4.398;4.638;-7.062;9.036
sub-17_raw.fif;amotiv;hard;50;1.0;-2.688;-2.517;-7.301;0.171
sub-17_raw.fif;amotiv;hard;51;1.0;-1.171;0.361;-3.076;1.532
sub-17_raw.fif;amotiv;easy;52;0.0;19.991;31.273;1.057;11.282
sub-17_raw.fif;amotiv;easy;53;1.0;9.127;8.393;4.393;-0.734
sub-17_raw.fif;amotiv;easy;54;1.0;10.365;10.045;5.513;-0.32
sub-17_raw.fif;amotiv;easy;55;1.0;5.75;7.178;3.903;1.428
sub-17_raw.fif;amotiv;easy;56;1.0;-4.779;12.888;-7.96;17.668
sub-17_raw.fif;amotiv;easy;57;1.0;3.439;-3.849;1.499;-7.288
sub-17_raw.fif;amotiv;easy;58;1.0;1.199;15.098;-2.397;13.899
sub-17_raw.fif;amotiv;easy;59;1.0;3.314;12.135;-3.273;8.821
sub-17_raw.fif;amotiv;easy;60;0.0;-12.834;4.559;-19.182;17.392
sub-17_raw.fif;amotiv;easy;61;1.0;0.635;3.152;-3.098;2.517
sub-17_raw.fif;amotiv;easy;62;0.0;0.387;-5.383;-9.392;-5.77
sub-17_raw.fif;amotiv;easy;63;0.0;-2.499;-6.362;-7.265;-3.862
sub-17_raw.fif;amotiv;easy;64;1.0;7.625;4.2;4.255;-3.425
sub-17_raw.fif;amotiv;easy;65;1.0;12.083;1.755;4.3;-10.328
sub-17_raw.fif;amotiv;easy;66;1.0;1.882;-9.317;-3.967;-11.2
sub-17_raw.fif;amotiv;easy;67;1.0;0.219;16.436;-4.328;16.217
sub-17_raw.fif;amotiv;easy;68;1.0;2.518;5.108;-0.97;2.59
sub-17_raw.fif;amotiv;easy;69;0.0;0.508;-5.894;-17.085;-6.402
sub-17_raw.fif;amotiv;easy;70;1.0;1.557;21.203;-3.573;19.646
sub-17_raw.fif;amotiv;easy;71;1.0;12.472;10.204;9.088;-2.269
sub-17_raw.fif;amotiv;easy;72;1.0;1.332;6.969;-8.674;5.637
sub-17_raw.fif;amotiv;easy;73;0.0;-23.372;-12.821;-27.734;10.551
sub-17_raw.fif;amotiv;easy;74;1.0;0.439;16.917;-4.308;16.478
sub-17_raw.fif;amotiv;easy;75;1.0;0.698;31.443;-9.657;30.745
sub-17_raw.fif;amotiv;easy;76;1.0;-8.959;17.095;-12.69;26.054
sub-17_raw.fif;amotiv;easy;77;1.0;-3.029;10.748;-10.034;13.776
sub-17_raw.fif;motiv;hard;78;0.0;9.861;19.061;3.331;9.2
sub-17_raw.fif;motiv;hard;79;1.0;-8.497;2.165;-11.808;10.662
sub-17_raw.fif;motiv;hard;80;1.0;4.136;6.416;2.369;2.28
sub-17_raw.fif;motiv;hard;81;1.0;-8.05;15.364;-13.36;23.415
sub-17_raw.fif;motiv;hard;82;1.0;4.668;1.41;-3.306;-3.258
sub-17_raw.fif;motiv;hard;83;0.0;-1.709;24.197;-4.502;25.906
sub-17_raw.fif;motiv;hard;84;1.0;-5.641;2.803;-10.606;8.444
sub-17_raw.fif;motiv;hard;85;1.0;-1.378;7.525;-6.124;8.903
sub-17_raw.fif;motiv;hard;86;1.0;9.134;5.162;2.571;-3.972
sub-17_raw.fif;motiv;hard;87;1.0;4.275;9.363;-4.929;5.088
sub-17_raw.fif;motiv;hard;88;1.0;-3.174;5.071;-6.328;8.245
sub-17_raw.fif;motiv;hard;89;1.0;-6.34;2.347;-9.693;8.687
sub-17_raw.fif;motiv;hard;90;0.0;-6.567;4.289;-9.162;10.856
sub-17_raw.fif;motiv;hard;91;0.0;-5.885;-8.353;-9.51;-2.468
sub-17_raw.fif;motiv;hard;92;1.0;-3.942;0.546;-7.67;4.488
sub-17_raw.fif;motiv;hard;93;1.0;-3.234;3.14;-9.137;6.375
sub-17_raw.fif;motiv;hard;94;1.0;8.236;11.307;3.177;3.071
sub-17_raw.fif;motiv;hard;95;1.0;-0.352;8.137;-6.566;8.488
sub-17_raw.fif;motiv;hard;96;1.0;3.308;13.734;-2.608;10.426
sub-17_raw.fif;motiv;hard;97;1.0;1.009;5.66;-3.864;4.652
sub-17_raw.fif;motiv;hard;98;1.0;-0.827;16.393;-3.886;17.22
sub-17_raw.fif;motiv;hard;99;1.0;0.478;5.138;-3.452;4.66
sub-17_raw.fif;motiv;hard;100;1.0;1.24;4.331;-7.904;3.092
sub-17_raw.fif;motiv;hard;101;1.0;-9.278;4.224;-12.262;13.503
sub-17_raw.fif;motiv;hard;102;0.0;-44.594;-65.677;-50.199;-21.082
sub-17_raw.fif;motiv;hard;103;1.0;11.65;-1.781;0.532;-13.432
sub-17_raw.fif;motiv;extr;104;0.0;-12.289;8.424;-27.949;20.713
sub-17_raw.fif;motiv;extr;105;1.0;4.795;2.687;-0.408;-2.109
sub-17_raw.fif;motiv;extr;106;0.0;10.621;21.043;7.76;10.421
sub-17_raw.fif;motiv;extr;107;1.0;2.088;0.398;-1.789;-1.69
sub-17_raw.fif;motiv;extr;108;1.0;13.379;12.675;6.666;-0.704
sub-17_raw.fif;motiv;extr;109;1.0;-0.524;8.375;-8.543;8.899
sub-17_raw.fif;motiv;extr;110;1.0;-1.393;-6.007;-8.921;-4.614
sub-17_raw.fif;motiv;extr;111;1.0;0.96;2.843;-4.467;1.883
sub-17_raw.fif;motiv;extr;112;1.0;2.183;3.374;-1.248;1.192
sub-17_raw.fif;motiv;extr;113;1.0;7.562;19.929;3.807;12.367
sub-17_raw.fif;motiv;extr;114;0.0;2.893;9.25;-1.325;6.357
sub-17_raw.fif;motiv;extr;115;1.0;-4.427;-10.593;-7.132;-6.166
sub-17_raw.fif;motiv;extr;116;1.0;-1.262;-2.59;-6.947;-1.327
sub-17_raw.fif;motiv;extr;117;1.0;12.48;7.205;10.71;-5.275
sub-17_raw.fif;motiv;extr;118;1.0;-15.102;2.517;-20.941;17.619
sub-17_raw.fif;motiv;extr;119;0.0;5.337;15.225;-2.767;9.888
sub-17_raw.fif;motiv;extr;120;1.0;-2.983;12.047;-7.693;15.03
sub-17_raw.fif;motiv;extr;121;1.0;-17.91;15.847;-23.346;33.757
sub-17_raw.fif;motiv;extr;122;1.0;-2.153;-1.654;-5.784;0.499
sub-17_raw.fif;motiv;extr;123;0.0;6.332;16.521;2.416;10.188
sub-17_raw.fif;motiv;extr;124;1.0;-1.752;7.129;-6.356;8.882
sub-17_raw.fif;motiv;extr;125;1.0;0.417;-6.486;-6.989;-6.902
sub-17_raw.fif;motiv;extr;126;1.0;-5.632;12.074;-10.429;17.706
sub-17_raw.fif;motiv;extr;127;1.0;-1.93;8.29;-9.931;10.22
sub-17_raw.fif;motiv;extr;128;1.0;15.421;7.078;6.482;-8.342
sub-17_raw.fif;motiv;extr;129;1.0;-2.806;9.229;-6.658;12.035
sub-17_raw.fif;amotiv;extr;130;1.0;7.349;2.975;0.621;-4.374
sub-17_raw.fif;amotiv;extr;131;1.0;5.359;-1.005;3.551;-6.364
sub-17_raw.fif;amotiv;extr;132;1.0;-0.31;-2.101;-7.219;-1.791
sub-17_raw.fif;amotiv;extr;133;0.0;-9.945;-5.816;-12.494;4.13
sub-17_raw.fif;amotiv;extr;134;1.0;-3.057;17.982;-8.891;21.039
sub-17_raw.fif;amotiv;extr;135;1.0;-7.646;1.968;-12.904;9.614
sub-17_raw.fif;amotiv;extr;136;1.0;-7.0;1.426;-11.764;8.426
sub-17_raw.fif;amotiv;extr;137;1.0;-4.146;7.382;-9.251;11.528
sub-17_raw.fif;amotiv;extr;138;1.0;14.277;6.808;9.483;-7.469
sub-17_raw.fif;amotiv;extr;139;1.0;-6.223;-0.298;-13.646;5.925
sub-17_raw.fif;amotiv;extr;140;1.0;2.399;1.937;-3.637;-0.462
sub-17_raw.fif;amotiv;extr;141;1.0;6.179;-2.046;1.958;-8.225
sub-17_raw.fif;amotiv;extr;142;1.0;-2.43;4.701;-8.945;7.131
sub-17_raw.fif;amotiv;extr;143;1.0;-8.554;-3.992;-14.625;4.561
sub-17_raw.fif;amotiv;extr;144;1.0;0.414;3.127;-5.731;2.713
sub-17_raw.fif;amotiv;extr;145;1.0;12.466;3.74;3.819;-8.727
sub-17_raw.fif;amotiv;extr;146;1.0;-0.225;6.845;-3.905;7.07
sub-17_raw.fif;amotiv;extr;147;1.0;-5.35;1.368;-8.75;6.719
sub-17_raw.fif;amotiv;extr;148;1.0;4.089;5.983;1.493;1.894
sub-17_raw.fif;amotiv;extr;149;1.0;10.278;4.089;6.949;-6.189
sub-17_raw.fif;amotiv;extr;150;1.0;1.312;8.014;-3.056;6.702
sub-17_raw.fif;amotiv;extr;151;1.0;3.9;6.298;-2.505;2.398
sub-17_raw.fif;amotiv;extr;152;1.0;6.948;1.771;-0.82;-5.178
sub-17_raw.fif;amotiv;extr;153;1.0;-7.878;5.635;-19.795;13.512
sub-17_raw.fif;amotiv;extr;154;1.0;-0.435;6.656;-6.366;7.092
sub-17_raw.fif;amotiv;extr;155;1.0;1.433;1.161;-3.857;-0.271
sub-17_raw.fif;motiv;easy;156;1.0;5.876;10.776;4.108;4.9
sub-17_raw.fif;motiv;easy;157;1.0;-6.333;12.683;-11.441;19.016
sub-17_raw.fif;motiv;easy;158;1.0;-2.323;4.291;-7.141;6.613
sub-17_raw.fif;motiv;easy;159;1.0;17.23;14.047;14.756;-3.183
sub-17_raw.fif;motiv;easy;160;1.0;-17.28;8.431;-19.302;25.711
sub-17_raw.fif;motiv;easy;161;1.0;-2.524;-4.798;-8.89;-2.274
sub-17_raw.fif;motiv;easy;162;1.0;1.185;6.4;-1.453;5.215
sub-17_raw.fif;motiv;easy;163;1.0;-8.677;5.427;-12.221;14.104
sub-17_raw.fif;motiv;easy;164;1.0;2.628;3.703;0.454;1.075
sub-17_raw.fif;motiv;easy;165;0.0;-12.054;4.473;-32.287;16.528
sub-17_raw.fif;motiv;easy;166;1.0;-8.466;13.218;-16.039;21.684
sub-17_raw.fif;motiv;easy;167;1.0;-1.094;-4.077;-5.391;-2.982
sub-17_raw.fif;motiv;easy;168;1.0;-4.075;2.766;-9.622;6.841
sub-17_raw.fif;motiv;easy;169;1.0;-5.333;7.788;-11.585;13.121
sub-17_raw.fif;motiv;easy;170;1.0;10.253;2.424;6.976;-7.829
sub-17_raw.fif;motiv;easy;171;1.0;-2.751;4.435;-5.647;7.186
sub-17_raw.fif;motiv;easy;172;1.0;11.109;6.687;3.415;-4.422
sub-17_raw.fif;motiv;easy;173;1.0;-0.655;1.78;-4.744;2.434
sub-17_raw.fif;motiv;easy;174;1.0;4.131;14.931;-0.831;10.8
sub-17_raw.fif;motiv;easy;175;0.0;5.635;11.246;-7.241;5.611
sub-17_raw.fif;motiv;easy;176;1.0;6.236;3.928;1.628;-2.308
sub-17_raw.fif;motiv;easy;177;1.0;-0.275;5.434;-8.47;5.71
sub-17_raw.fif;motiv;easy;178;0.0;-0.786;-14.738;-3.793;-13.952
sub-17_raw.fif;motiv;easy;179;1.0;-9.637;9.529;-14.963;19.166
sub-17_raw.fif;motiv;easy;180;0.0;-15.15;-3.09;-19.457;12.061
sub-17_raw.fif;motiv;easy;181;1.0;2.917;14.595;-3.477;11.677
sub-17_raw.fif;motiv;easy;182;1.0;-1.696;8.385;-5.826;10.081
sub-17_raw.fif;motiv;easy;183;1.0;7.226;5.24;3.827;-1.986
sub-17_raw.fif;motiv;easy;184;1.0;4.514;2.865;-0.048;-1.649
sub-17_raw.fif;motiv;easy;185;1.0;-2.155;4.321;-5.543;6.476
sub-17_raw.fif;amotiv;hard;186;1.0;2.142;13.522;-2.722;11.38
sub-17_raw.fif;amotiv;hard;187;0.0;8.492;16.59;6.307;8.098
sub-17_raw.fif;amotiv;hard;188;1.0;-0.405;6.106;-3.292;6.511
sub-17_raw.fif;amotiv;hard;189;1.0;5.161;4.465;-3.838;-0.696
sub-17_raw.fif;amotiv;hard;190;0.0;8.57;12.536;3.578;3.966
sub-17_raw.fif;amotiv;hard;191;0.0;1.184;-11.395;-5.696;-12.579
sub-17_raw.fif;amotiv;hard;192;1.0;9.645;-0.275;5.234;-9.92
sub-17_raw.fif;amotiv;hard;193;0.0;15.915;13.719;7.714;-2.196
sub-17_raw.fif;amotiv;hard;194;0.0;13.029;6.227;-0.199;-6.802
sub-17_raw.fif;amotiv;hard;195;1.0;2.962;4.338;-7.107;1.376
sub-17_raw.fif;amotiv;hard;196;1.0;-2.759;11.782;-7.17;14.542
sub-17_raw.fif;amotiv;hard;197;1.0;6.843;2.518;4.211;-4.325
sub-17_raw.fif;amotiv;hard;198;1.0;7.023;12.904;-1.098;5.881
sub-17_raw.fif;amotiv;hard;199;1.0;-8.095;5.779;-12.875;13.874
sub-17_raw.fif;amotiv;hard;200;1.0;-3.342;6.52;-6.227;9.863
sub-17_raw.fif;amotiv;hard;201;0.0;-7.921;-6.573;-21.917;1.348
sub-17_raw.fif;amotiv;hard;202;1.0;-3.752;9.389;-7.077;13.141
sub-17_raw.fif;amotiv;hard;203;1.0;9.048;3.94;4.784;-5.108
sub-17_raw.fif;amotiv;hard;204;1.0;-8.449;2.857;-11.326;11.306
sub-17_raw.fif;amotiv;hard;205;1.0;7.234;5.268;5.143;-1.966
sub-17_raw.fif;amotiv;hard;206;1.0;-9.64;8.343;-15.007;17.983
sub-17_raw.fif;amotiv;hard;207;1.0;-10.613;7.481;-16.03;18.094
sub-17_raw.fif;amotiv;hard;208;1.0;0.546;17.374;-3.132;16.828
sub-17_raw.fif;amotiv;hard;209;0.0;-14.159;0.843;-18.061;15.002
sub-17_raw.fif;amotiv;hard;210;1.0;5.306;19.033;0.588;13.727
sub-17_raw.fif;amotiv;hard;211;1.0;3.989;3.262;-4.685;-0.726
sub-17_raw.fif;amotiv;hard;212;1.0;2.078;8.945;-5.359;6.867
sub-17_raw.fif;amotiv;hard;213;1.0;6.985;7.674;2.362;0.689
sub-17_raw.fif;amotiv;hard;214;1.0;3.62;6.884;-3.671;3.263
sub-17_raw.fif;amotiv;easy;215;0.0;-13.543;-5.474;-19.53;8.069
sub-17_raw.fif;amotiv;easy;216;0.0;0.251;-5.168;-2.667;-5.419
sub-17_raw.fif;amotiv;easy;217;1.0;-5.889;3.386;-10.277;9.275
sub-17_raw.fif;amotiv;easy;218;1.0;4.348;10.763;0.469;6.415
sub-17_raw.fif;amotiv;easy;219;0.0;0.834;-10.545;-2.197;-11.379
sub-17_raw.fif;amotiv;easy;220;1.0;10.529;9.624;4.671;-0.905
sub-17_raw.fif;amotiv;easy;221;1.0;0.146;8.26;-3.736;8.114
sub-17_raw.fif;amotiv;easy;222;1.0;-4.679;5.511;-11.138;10.19
sub-17_raw.fif;amotiv;easy;223;1.0;-7.704;6.087;-16.397;13.792
sub-17_raw.fif;amotiv;easy;224;0.0;3.14;9.332;-0.787;6.192
sub-17_raw.fif;amotiv;easy;225;1.0;0.936;-1.108;-4.824;-2.044
sub-17_raw.fif;amotiv;easy;226;1.0;-0.891;1.873;-4.688;2.765
sub-17_raw.fif;amotiv;easy;227;1.0;-6.096;5.706;-11.038;11.801
sub-17_raw.fif;amotiv;easy;228;0.0;14.831;18.867;10.107;4.036
sub-17_raw.fif;amotiv;easy;229;1.0;-3.511;1.796;-7.71;5.307
sub-17_raw.fif;amotiv;easy;230;1.0;-12.479;5.686;-15.096;18.165
sub-17_raw.fif;amotiv;easy;231;1.0;-2.456;3.575;-6.935;6.031
sub-17_raw.fif;amotiv;easy;232;0.0;15.958;12.661;12.333;-3.298
sub-17_raw.fif;amotiv;easy;233;1.0;3.471;9.347;-1.302;5.876
sub-17_raw.fif;amotiv;easy;234;1.0;2.786;-1.355;-5.992;-4.141
sub-17_raw.fif;amotiv;easy;235;0.0;14.705;12.748;9.245;-1.956
sub-17_raw.fif;amotiv;easy;236;1.0;-6.227;10.473;-10.626;16.7
sub-17_raw.fif;amotiv;easy;237;1.0;1.752;2.301;-4.007;0.549
sub-17_raw.fif;amotiv;easy;238;1.0;-2.473;0.564;-6.866;3.038
sub-17_raw.fif;amotiv;easy;239;1.0;3.69;1.755;-0.459;-1.936
sub-17_raw.fif;amotiv;easy;240;1.0;5.247;19.526;2.073;14.279
sub-17_raw.fif;amotiv;easy;241;1.0;2.205;-3.351;-1.249;-5.557
sub-17_raw.fif;amotiv;easy;242;1.0;-5.891;-1.026;-8.022;4.865
sub-17_raw.fif;amotiv;easy;243;1.0;-3.794;5.817;-9.199;9.611
sub-17_raw.fif;amotiv;easy;244;1.0;2.054;6.664;-1.282;4.61
sub-17_raw.fif;motiv;hard;245;1.0;-1.008;5.813;-4.323;6.821
sub-17_raw.fif;motiv;hard;246;1.0;-1.351;11.005;-3.602;12.356
sub-17_raw.fif;motiv;hard;247;1.0;7.721;-9.35;2.593;-17.071
sub-17_raw.fif;motiv;hard;248;0.0;1.29;-10.666;-5.264;-11.957
sub-17_raw.fif;motiv;hard;249;1.0;4.974;2.846;0.448;-2.128
sub-17_raw.fif;motiv;hard;250;1.0;-1.599;1.578;-4.042;3.177
sub-17_raw.fif;motiv;hard;251;1.0;-4.503;5.88;-11.901;10.383
sub-17_raw.fif;motiv;hard;252;1.0;-5.528;-8.398;-10.691;-2.87
sub-17_raw.fif;motiv;hard;253;1.0;-8.731;4.3;-12.239;13.031
sub-17_raw.fif;motiv;hard;254;1.0;-7.069;4.171;-21.279;11.24
sub-17_raw.fif;motiv;hard;255;1.0;-0.959;-4.28;-6.275;-3.321
sub-17_raw.fif;motiv;hard;256;1.0;-3.379;3.557;-7.298;6.935
sub-17_raw.fif;motiv;hard;257;0.0;0.031;8.515;-3.675;8.484
sub-17_raw.fif;motiv;hard;258;0.0;11.018;22.98;3.876;11.963
sub-17_raw.fif;motiv;hard;259;1.0;5.745;7.103;1.629;1.358
sub-17_raw.fif;motiv;hard;260;1.0;-0.859;-6.734;-4.06;-5.875
sub-17_raw.fif;motiv;hard;261;1.0;5.587;-1.853;2.514;-7.44
sub-17_raw.fif;motiv;hard;262;1.0;11.345;4.368;6.922;-6.978
sub-17_raw.fif;motiv;hard;263;1.0;-8.443;0.194;-13.045;8.637
sub-17_raw.fif;motiv;hard;264;1.0;2.617;5.812;-2.232;3.194
sub-17_raw.fif;motiv;hard;265;1.0;-0.231;6.03;-7.928;6.261
sub-17_raw.fif;motiv;hard;266;1.0;-11.801;2.155;-15.232;13.956
sub-17_raw.fif;motiv;hard;267;0.0;29.07;8.044;24.994;-21.026
sub-17_raw.fif;motiv;hard;268;1.0;-2.435;3.674;-6.745;6.109
sub-17_raw.fif;motiv;hard;269;1.0;5.968;12.019;1.978;6.051
sub-17_raw.fif;motiv;hard;270;1.0;-1.349;12.54;-8.548;13.889
sub-17_raw.fif;motiv;hard;271;1.0;2.327;5.614;-5.064;3.287
sub-17_raw.fif;motiv;hard;272;1.0;6.015;-1.968;-1.003;-7.983
sub-17_raw.fif;motiv;hard;273;1.0;-11.006;8.739;-15.929;19.745
sub-17_raw.fif;motiv;hard;274;1.0;-13.242;7.759;-19.548;21.001
sub-17_raw.fif;motiv;extr;275;1.0;1.687;6.841;-5.048;5.154
sub-17_raw.fif;motiv;extr;276;1.0;-4.972;-3.588;-10.946;1.384
sub-17_raw.fif;motiv;extr;277;1.0;-9.52;-6.556;-12.472;2.964
sub-17_raw.fif;motiv;extr;278;0.0;5.084;2.39;1.885;-2.694
sub-17_raw.fif;motiv;extr;279;1.0;9.796;11.401;7.443;1.605
sub-17_raw.fif;motiv;extr;280;1.0;-11.691;6.0;-13.807;17.692
sub-17_raw.fif;motiv;extr;281;1.0;-1.586;15.369;-7.897;16.955
sub-17_raw.fif;motiv;extr;282;1.0;-8.131;8.073;-12.662;16.204
sub-17_raw.fif;motiv;extr;283;0.0;-11.343;2.325;-17.096;13.668
sub-17_raw.fif;motiv;extr;284;1.0;-2.745;7.817;-6.659;10.562
sub-17_raw.fif;motiv;extr;285;1.0;-6.086;-0.719;-10.64;5.367
sub-17_raw.fif;motiv;extr;286;0.0;1.29;20.999;-3.501;19.708
sub-17_raw.fif;motiv;extr;287;1.0;0.264;20.752;-2.37;20.488
sub-17_raw.fif;motiv;extr;288;1.0;-10.89;7.126;-13.419;18.016
sub-17_raw.fif;motiv;extr;289;1.0;3.385;10.831;-0.955;7.446
sub-17_raw.fif;motiv;extr;290;1.0;2.554;11.93;-4.539;9.376
sub-17_raw.fif;motiv;extr;291;1.0;4.18;5.878;-1.851;1.698
sub-17_raw.fif;motiv;extr;292;1.0;-4.661;3.597;-9.233;8.258
sub-17_raw.fif;motiv;extr;293;1.0;4.182;-0.195;-2.295;-4.377
sub-17_raw.fif;motiv;extr;294;0.0;-16.243;21.841;-18.756;38.084
sub-17_raw.fif;motiv;extr;295;1.0;8.125;18.729;5.861;10.604
sub-17_raw.fif;motiv;extr;296;1.0;2.323;6.573;-3.817;4.25
sub-17_raw.fif;motiv;extr;297;1.0;-3.949;14.426;-10.309;18.375
sub-17_raw.fif;motiv;extr;298;1.0;-1.973;-0.964;-5.892;1.01
sub-17_raw.fif;motiv;extr;299;1.0;10.735;3.096;4.573;-7.64
sub-17_raw.fif;motiv;extr;300;1.0;-9.703;16.385;-13.946;26.088
sub-17_raw.fif;motiv;extr;301;1.0;-5.848;-3.898;-10.914;1.95
sub-17_raw.fif;motiv;extr;302;1.0;11.275;4.279;8.291;-6.996
sub-17_raw.fif;motiv;extr;303;0.0;11.031;17.354;3.988;6.324
sub-17_raw.fif;motiv;extr;304;1.0;-2.153;2.871;-7.707;5.024
sub-17_raw.fif;amotiv;extr;305;1.0;-0.93;3.157;-6.24;4.087
sub-17_raw.fif;amotiv;extr;306;1.0;6.459;14.655;3.998;8.196
sub-17_raw.fif;amotiv;extr;307;1.0;-4.236;9.737;-7.023;13.973
sub-17_raw.fif;amotiv;extr;308;1.0;1.386;12.891;-5.842;11.506
sub-17_raw.fif;amotiv;extr;309;1.0;0.997;1.709;0.272;0.711
sub-17_raw.fif;amotiv;extr;310;1.0;-2.423;6.044;-6.616;8.467
sub-17_raw.fif;amotiv;extr;311;1.0;-19.46;0.02;-23.643;19.48
sub-17_raw.fif;amotiv;extr;312;1.0;3.692;7.474;-1.574;3.782
sub-17_raw.fif;amotiv;extr;313;0.0;-21.231;-8.042;-38.634;13.189
sub-17_raw.fif;amotiv;extr;314;1.0;-1.304;9.775;-6.381;11.08
sub-17_raw.fif;amotiv;extr;315;1.0;-13.413;-4.093;-17.05;9.32
sub-17_raw.fif;amotiv;extr;316;1.0;1.844;-1.409;-6.333;-3.253
sub-17_raw.fif;amotiv;extr;317;0.0;0.949;-17.715;-5.259;-18.664
sub-17_raw.fif;amotiv;extr;318;1.0;3.305;9.616;-4.524;6.31
sub-17_raw.fif;amotiv;extr;319;0.0;3.91;26.969;-5.712;23.059
sub-17_raw.fif;amotiv;extr;320;1.0;-1.91;-1.943;-10.892;-0.034
sub-17_raw.fif;amotiv;extr;321;1.0;-9.143;-0.026;-16.632;9.117
sub-17_raw.fif;amotiv;extr;322;1.0;-0.67;4.459;-3.436;5.129
sub-17_raw.fif;amotiv;extr;323;1.0;-0.256;7.024;-6.83;7.281
sub-17_raw.fif;amotiv;extr;324;1.0;2.358;-1.513;-4.839;-3.872
sub-17_raw.fif;amotiv;extr;325;1.0;-12.081;3.35;-17.197;15.432
sub-17_raw.fif;amotiv;extr;326;1.0;3.218;11.251;0.718;8.033
sub-17_raw.fif;amotiv;extr;327;1.0;12.633;0.487;10.07;-12.146
sub-17_raw.fif;amotiv;extr;328;0.0;-4.499;-7.077;-6.72;-2.578
sub-17_raw.fif;amotiv;extr;329;1.0;-8.235;2.577;-16.936;10.812
sub-17_raw.fif;amotiv;extr;330;1.0;-5.615;0.432;-9.766;6.047
sub-17_raw.fif;amotiv;extr;331;0.0;-15.109;-2.49;-18.866;12.619
sub-17_raw.fif;amotiv;extr;332;1.0;-4.867;2.396;-9.962;7.263
sub-17_raw.fif;amotiv;extr;333;1.0;3.564;4.654;0.41;1.09
sub-17_raw.fif;amotiv;extr;334;1.0;-9.133;12.635;-14.678;21.769
sub-18_raw.fif;amotiv;extr;0;1.0;-5.975;1.27;-10.931;7.245
sub-18_raw.fif;amotiv;extr;1;0.0;-12.802;-2.186;-16.632;10.616
sub-18_raw.fif;amotiv;extr;2;1.0;0.803;-4.206;-1.666;-5.009
sub-18_raw.fif;amotiv;extr;3;0.0;17.385;9.839;13.292;-7.545
sub-18_raw.fif;amotiv;extr;4;1.0;1.623;12.609;-0.946;10.987
sub-18_raw.fif;amotiv;extr;5;1.0;-12.216;0.321;-17.998;12.537
sub-18_raw.fif;amotiv;extr;6;0.0;9.02;10.673;6.519;1.653
sub-18_raw.fif;amotiv;extr;7;1.0;-5.13;4.144;-7.968;9.274
sub-18_raw.fif;amotiv;extr;8;1.0;-16.388;6.917;-20.787;23.305
sub-18_raw.fif;amotiv;extr;9;1.0;4.764;17.48;3.312;12.716
sub-18_raw.fif;amotiv;extr;10;1.0;-9.875;-3.505;-15.169;6.369
sub-18_raw.fif;amotiv;extr;11;1.0;13.298;4.652;6.69;-8.645
sub-18_raw.fif;amotiv;extr;12;1.0;1.965;5.783;-5.866;3.819
sub-18_raw.fif;amotiv;extr;13;1.0;-9.359;-2.103;-11.192;7.255
sub-18_raw.fif;amotiv;extr;14;0.0;2.012;10.744;-2.354;8.733
sub-18_raw.fif;amotiv;extr;15;1.0;7.005;6.11;0.785;-0.895
sub-18_raw.fif;amotiv;extr;16;1.0;-6.077;14.229;-9.153;20.306
sub-18_raw.fif;amotiv;extr;17;1.0;2.836;10.302;-1.216;7.466
sub-18_raw.fif;amotiv;extr;18;1.0;0.207;10.097;-3.319;9.891
sub-18_raw.fif;amotiv;extr;19;1.0;-4.824;10.513;-9.442;15.338
sub-18_raw.fif;amotiv;extr;20;1.0;-5.94;-0.83;-10.257;5.11
sub-18_raw.fif;amotiv;extr;21;1.0;2.408;3.543;-2.21;1.136
sub-18_raw.fif;amotiv;extr;22;1.0;-7.684;-0.443;-14.357;7.241
sub-18_raw.fif;amotiv;extr;23;1.0;9.993;4.214;6.789;-5.779
sub-18_raw.fif;amotiv;extr;24;1.0;7.516;12.951;4.578;5.435
sub-18_raw.fif;amotiv;extr;25;1.0;-6.348;-0.75;-9.901;5.598
sub-18_raw.fif;amotiv;extr;26;1.0;-7.041;7.26;-14.016;14.301
sub-18_raw.fif;amotiv;extr;27;1.0;4.25;0.314;-0.401;-3.936
sub-18_raw.fif;amotiv;extr;28;1.0;0.222;5.123;-3.807;4.901
sub-18_raw.fif;amotiv;extr;29;1.0;-9.917;5.716;-14.309;15.632
sub-18_raw.fif;motiv;hard;30;1.0;3.022;2.112;-3.123;-0.91
sub-18_raw.fif;motiv;hard;31;1.0;-2.288;6.875;-7.57;9.163
sub-18_raw.fif;motiv;hard;32;1.0;-5.458;-1.033;-7.768;4.425
sub-18_raw.fif;motiv;hard;33;1.0;-1.083;0.268;-5.21;1.351
sub-18_raw.fif;motiv;hard;34;0.0;28.594;20.807;24.715;-7.787
sub-18_raw.fif;motiv;hard;35;1.0;-0.216;5.809;-3.625;6.025
sub-18_raw.fif;motiv;hard;36;1.0;0.603;14.371;-4.425;13.768
sub-18_raw.fif;motiv;hard;37;1.0;-4.462;-2.196;-9.144;2.266
sub-18_raw.fif;motiv;hard;38;1.0;3.719;4.826;-1.106;1.108
sub-18_raw.fif;motiv;hard;39;0.0;-16.344;-10.454;-21.825;5.889
sub-18_raw.fif;motiv;hard;40;1.0;-2.187;4.82;-7.248;7.007
sub-18_raw.fif;motiv;hard;41;1.0;2.29;-0.869;-1.243;-3.159
sub-18_raw.fif;motiv;hard;42;1.0;-4.026;15.015;-9.877;19.041
sub-18_raw.fif;motiv;hard;43;1.0;-6.713;6.61;-10.377;13.322
sub-18_raw.fif;motiv;hard;44;1.0;-7.556;2.051;-8.678;9.607
sub-18_raw.fif;motiv;hard;45;1.0;0.173;8.97;-7.729;8.797
sub-18_raw.fif;motiv;hard;46;1.0;7.129;12.47;5.447;5.34
sub-18_raw.fif;motiv;hard;47;0.0;3.447;18.345;-0.227;14.898
sub-18_raw.fif;motiv;hard;48;1.0;9.389;-2.838;2.75;-12.227
sub-18_raw.fif;motiv;hard;49;1.0;-11.2;-5.735;-18.306;5.465
sub-18_raw.fif;motiv;hard;50;0.0;8.778;5.165;5.426;-3.613
sub-18_raw.fif;motiv;hard;51;1.0;-3.619;3.581;-10.444;7.2
sub-18_raw.fif;motiv;hard;52;1.0;0.164;-8.04;-4.175;-8.205
sub-18_raw.fif;motiv;hard;53;0.0;-13.826;-6.713;-17.557;7.113
sub-18_raw.fif;motiv;hard;54;0.0;-1.779;13.776;-10.309;15.555
sub-18_raw.fif;motiv;hard;55;1.0;11.282;7.312;6.849;-3.97
sub-18_raw.fif;motiv;hard;56;1.0;7.726;10.241;0.478;2.515
sub-18_raw.fif;motiv;hard;57;1.0;5.628;2.292;-1.502;-3.336
sub-18_raw.fif;motiv;hard;58;1.0;9.089;-9.111;6.338;-18.199
sub-18_raw.fif;motiv;hard;59;0.0;-3.973;8.48;-11.221;12.453
sub-18_raw.fif;motiv;easy;60;0.0;-7.653;-7.956;-9.071;-0.303
sub-18_raw.fif;motiv;easy;61;1.0;5.247;9.557;2.371;4.31
sub-18_raw.fif;motiv;easy;62;1.0;0.797;-12.78;-4.848;-13.576
sub-18_raw.fif;motiv;easy;63;1.0;-2.626;2.565;-8.695;5.192
sub-18_raw.fif;motiv;easy;64;1.0;-14.217;4.88;-20.884;19.098
sub-18_raw.fif;motiv;easy;65;0.0;-1.225;0.022;-9.543;1.247
sub-18_raw.fif;motiv;easy;66;1.0;-14.761;7.672;-19.751;22.433
sub-18_raw.fif;motiv;easy;67;1.0;-8.218;-0.2;-10.872;8.018
sub-18_raw.fif;motiv;easy;68;1.0;4.807;8.479;0.437;3.672
sub-18_raw.fif;motiv;easy;69;0.0;-7.533;-6.345;-10.842;1.188
sub-18_raw.fif;motiv;easy;70;1.0;-12.075;3.239;-12.851;15.314
sub-18_raw.fif;motiv;easy;71;1.0;5.226;5.955;3.564;0.729
sub-18_raw.fif;motiv;easy;72;0.0;-1.262;2.257;-4.871;3.519
sub-18_raw.fif;motiv;easy;73;1.0;-4.576;4.428;-7.674;9.004
sub-18_raw.fif;motiv;easy;74;0.0;-14.934;-4.848;-20.371;10.086
sub-18_raw.fif;motiv;easy;75;0.0;0.225;-4.179;-1.814;-4.404
sub-18_raw.fif;motiv;easy;76;0.0;-4.93;2.829;-12.471;7.759
sub-18_raw.fif;motiv;easy;77;1.0;10.378;-0.162;5.702;-10.539
sub-18_raw.fif;motiv;easy;78;1.0;-6.431;-2.145;-9.317;4.285
sub-18_raw.fif;motiv;easy;79;0.0;-1.384;26.694;-7.47;28.078
sub-18_raw.fif;motiv;easy;80;1.0;-4.236;-1.783;-8.392;2.453
sub-18_raw.fif;motiv;easy;81;1.0;10.479;5.617;7.018;-4.861
sub-18_raw.fif;motiv;easy;82;1.0;3.469;6.326;-0.969;2.857
sub-18_raw.fif;motiv;easy;83;1.0;8.666;5.276;4.354;-3.39
sub-18_raw.fif;motiv;easy;84;1.0;-5.641;-3.935;-9.773;1.706
sub-18_raw.fif;motiv;easy;85;1.0;4.595;11.008;1.913;6.413
sub-18_raw.fif;motiv;easy;86;1.0;-11.148;-5.674;-16.377;5.474
sub-18_raw.fif;motiv;easy;87;1.0;-11.743;-0.38;-13.886;11.363
sub-18_raw.fif;motiv;easy;88;0.0;-8.928;-7.55;-14.442;1.378
sub-18_raw.fif;motiv;easy;89;1.0;2.685;3.105;-9.876;0.42
sub-18_raw.fif;amotiv;easy;90;1.0;-16.261;5.293;-20.263;21.554
sub-18_raw.fif;amotiv;easy;91;0.0;5.734;5.666;1.375;-0.068
sub-18_raw.fif;amotiv;easy;92;1.0;1.384;-2.694;-4.691;-4.078
sub-18_raw.fif;amotiv;easy;93;1.0;3.9;1.594;-0.405;-2.306
sub-18_raw.fif;amotiv;easy;94;1.0;-5.034;-0.093;-8.786;4.941
sub-18_raw.fif;amotiv;easy;95;1.0;-9.616;6.489;-12.641;16.105
sub-18_raw.fif;amotiv;easy;96;0.0;4.339;20.733;1.401;16.394
sub-18_raw.fif;amotiv;easy;97;0.0;5.521;8.819;3.683;3.297
sub-18_raw.fif;amotiv;easy;98;1.0;-1.268;6.655;-9.266;7.923
sub-18_raw.fif;amotiv;easy;99;1.0;3.419;8.667;-3.109;5.248
sub-18_raw.fif;amotiv;easy;100;1.0;-4.677;4.385;-10.227;9.062
sub-18_raw.fif;amotiv;easy;101;1.0;0.34;6.786;-1.997;6.446
sub-18_raw.fif;amotiv;easy;102;1.0;-3.589;12.154;-6.622;15.743
sub-18_raw.fif;amotiv;easy;103;1.0;-3.7;-0.014;-5.14;3.686
sub-18_raw.fif;amotiv;easy;104;1.0;1.382;3.99;-1.184;2.608
sub-18_raw.fif;amotiv;easy;105;1.0;-1.228;-2.883;-5.799;-1.654
sub-18_raw.fif;amotiv;easy;106;1.0;-1.106;-3.415;-8.431;-2.309
sub-18_raw.fif;amotiv;easy;107;1.0;5.026;3.09;-4.136;-1.936
sub-18_raw.fif;amotiv;easy;108;1.0;-3.79;5.293;-9.4;9.083
sub-18_raw.fif;amotiv;easy;109;1.0;0.786;5.29;-1.776;4.504
sub-18_raw.fif;amotiv;easy;110;1.0;-5.66;-7.88;-9.4;-2.22
sub-18_raw.fif;amotiv;easy;111;1.0;3.741;2.407;0.481;-1.334
sub-18_raw.fif;amotiv;easy;112;0.0;-11.432;-7.504;-16.273;3.928
sub-18_raw.fif;amotiv;easy;113;0.0;13.17;25.062;10.009;11.892
sub-18_raw.fif;amotiv;easy;114;1.0;3.557;6.697;-0.616;3.14
sub-18_raw.fif;amotiv;easy;115;1.0;-11.07;-3.126;-13.158;7.945
sub-18_raw.fif;amotiv;easy;116;1.0;-5.2;6.912;-11.596;12.112
sub-18_raw.fif;amotiv;easy;117;1.0;-2.333;-6.184;-5.126;-3.852
sub-18_raw.fif;amotiv;easy;118;1.0;-3.503;2.66;-14.97;6.163
sub-18_raw.fif;amotiv;easy;119;1.0;1.039;13.529;-2.867;12.49
sub-18_raw.fif;motiv;extr;120;1.0;-2.087;8.302;-4.598;10.389
sub-18_raw.fif;motiv;extr;121;1.0;-2.052;6.641;-9.693;8.693
sub-18_raw.fif;motiv;extr;122;1.0;0.969;6.07;-4.272;5.102
sub-18_raw.fif;motiv;extr;123;1.0;-6.97;1.779;-12.24;8.748
sub-18_raw.fif;motiv;extr;124;1.0;-6.697;10.636;-12.454;17.333
sub-18_raw.fif;motiv;extr;125;1.0;-3.65;-2.091;-7.174;1.559
sub-18_raw.fif;motiv;extr;126;0.0;10.804;13.856;6.35;3.052
sub-18_raw.fif;motiv;extr;127;1.0;-8.537;3.696;-12.234;12.232
sub-18_raw.fif;motiv;extr;128;1.0;-1.342;4.113;-6.584;5.455
sub-18_raw.fif;motiv;extr;129;1.0;-7.987;1.307;-10.315;9.294
sub-18_raw.fif;motiv;extr;130;0.0;-15.858;-4.844;-21.575;11.015
sub-18_raw.fif;motiv;extr;131;1.0;-1.971;5.2;-6.466;7.17
sub-18_raw.fif;motiv;extr;132;1.0;0.073;3.81;-2.448;3.736
sub-18_raw.fif;motiv;extr;133;1.0;-3.755;-11.78;-7.238;-8.024
sub-18_raw.fif;motiv;extr;134;1.0;-6.12;1.908;-10.216;8.029
sub-18_raw.fif;motiv;extr;135;0.0;17.434;10.04;12.418;-7.394
sub-18_raw.fif;motiv;extr;136;1.0;1.438;-12.896;-8.182;-14.334
sub-18_raw.fif;motiv;extr;137;1.0;3.851;8.405;-6.382;4.554
sub-18_raw.fif;motiv;extr;138;1.0;-6.214;-3.646;-10.074;2.568
sub-18_raw.fif;motiv;extr;139;1.0;4.351;8.524;-1.404;4.173
sub-18_raw.fif;motiv;extr;140;1.0;6.586;-0.864;1.115;-7.45
sub-18_raw.fif;motiv;extr;141;1.0;2.017;7.526;-4.821;5.509
sub-18_raw.fif;motiv;extr;142;1.0;-8.965;15.382;-11.913;24.347
sub-18_raw.fif;motiv;extr;143;1.0;-3.957;-3.805;-6.395;0.152
sub-18_raw.fif;motiv;extr;144;1.0;-4.731;-1.045;-8.065;3.686
sub-18_raw.fif;motiv;extr;145;0.0;-9.846;-12.865;-12.363;-3.018
sub-18_raw.fif;motiv;extr;146;1.0;-6.008;-4.935;-15.319;1.073
sub-18_raw.fif;motiv;extr;147;1.0;-5.804;-2.687;-7.326;3.117
sub-18_raw.fif;motiv;extr;148;0.0;-0.612;-5.932;-9.604;-5.32
sub-18_raw.fif;motiv;extr;149;1.0;-2.188;18.837;-6.968;21.025
sub-18_raw.fif;amotiv;hard;150;0.0;5.908;16.258;-2.493;10.35
sub-18_raw.fif;amotiv;hard;151;0.0;20.536;0.49;16.735;-20.046
sub-18_raw.fif;amotiv;hard;152;0.0;0.344;7.82;-2.523;7.475
sub-18_raw.fif;amotiv;hard;153;0.0;1.971;18.884;-5.713;16.913
sub-18_raw.fif;amotiv;hard;154;1.0;-7.871;-7.153;-15.651;0.718
sub-18_raw.fif;amotiv;hard;155;1.0;-8.386;-2.513;-11.009;5.873
sub-18_raw.fif;amotiv;hard;156;1.0;-12.605;10.041;-17.466;22.645
sub-18_raw.fif;amotiv;hard;157;1.0;13.256;0.307;10.253;-12.949
sub-18_raw.fif;amotiv;hard;158;1.0;-10.264;9.591;-13.976;19.855
sub-18_raw.fif;amotiv;hard;159;1.0;4.543;5.908;-2.464;1.365
sub-18_raw.fif;amotiv;hard;160;1.0;-2.931;3.989;-9.221;6.92
sub-18_raw.fif;amotiv;hard;161;1.0;6.342;0.568;2.891;-5.774
sub-18_raw.fif;amotiv;hard;162;1.0;5.271;12.576;2.565;7.306
sub-18_raw.fif;amotiv;hard;163;1.0;8.182;13.468;2.575;5.286
sub-18_raw.fif;amotiv;hard;164;1.0;3.645;5.555;-3.223;1.91
sub-18_raw.fif;amotiv;hard;165;1.0;-6.525;3.834;-10.448;10.36
sub-18_raw.fif;amotiv;hard;166;1.0;-10.553;3.312;-15.076;13.865
sub-18_raw.fif;amotiv;hard;167;1.0;-6.693;4.997;-14.479;11.689
sub-18_raw.fif;amotiv;hard;168;1.0;-5.232;3.329;-7.811;8.56
sub-18_raw.fif;amotiv;hard;169;1.0;0.706;2.872;-6.763;2.166
sub-18_raw.fif;amotiv;hard;170;1.0;1.317;2.242;-5.295;0.926
sub-18_raw.fif;amotiv;hard;171;1.0;9.694;9.665;5.304;-0.029
sub-18_raw.fif;amotiv;hard;172;1.0;-7.096;6.523;-11.131;13.619
sub-18_raw.fif;amotiv;hard;173;1.0;-5.999;-4.534;-8.368;1.465
sub-18_raw.fif;amotiv;hard;174;1.0;-1.019;5.309;-6.538;6.328
sub-18_raw.fif;amotiv;hard;175;1.0;3.757;-4.602;1.158;-8.359
sub-18_raw.fif;amotiv;hard;176;1.0;-10.477;1.698;-13.694;12.174
sub-18_raw.fif;amotiv;hard;177;1.0;1.209;17.438;-1.471;16.229
sub-18_raw.fif;amotiv;hard;178;0.0;-14.11;3.322;-21.165;17.432
sub-18_raw.fif;amotiv;hard;179;0.0;-19.215;-8.781;-21.386;10.434
sub-18_raw.fif;amotiv;extr;180;0.0;2.202;-7.633;-6.957;-9.835
sub-18_raw.fif;amotiv;extr;181;0.0;-4.34;-14.232;-8.389;-9.892
sub-18_raw.fif;amotiv;extr;182;1.0;6.632;-9.391;1.836;-16.023
sub-18_raw.fif;amotiv;extr;183;1.0;-7.254;-8.258;-13.173;-1.003
sub-18_raw.fif;amotiv;extr;184;1.0;-4.92;2.241;-7.967;7.161
sub-18_raw.fif;amotiv;extr;185;0.0;2.615;15.517;-1.637;12.902
sub-18_raw.fif;amotiv;extr;186;1.0;7.023;1.295;2.167;-5.728
sub-18_raw.fif;amotiv;extr;187;1.0;-14.101;7.032;-21.842;21.133
sub-18_raw.fif;amotiv;extr;188;1.0;-2.247;11.155;-6.674;13.402
sub-18_raw.fif;amotiv;extr;189;1.0;1.467;9.836;-3.212;8.37
sub-18_raw.fif;amotiv;extr;190;0.0;2.649;12.254;0.738;9.606
sub-18_raw.fif;amotiv;extr;191;1.0;2.05;-3.262;-2.694;-5.312
sub-18_raw.fif;amotiv;extr;192;1.0;-5.139;14.012;-12.453;19.151
sub-18_raw.fif;amotiv;extr;193;1.0;-1.359;1.085;-3.212;2.444
sub-18_raw.fif;amotiv;extr;194;1.0;-10.887;5.116;-15.271;16.002
sub-18_raw.fif;amotiv;extr;195;0.0;4.046;21.004;-3.735;16.958
sub-18_raw.fif;amotiv;extr;196;1.0;-4.146;13.525;-7.576;17.671
sub-18_raw.fif;amotiv;extr;197;1.0;2.124;11.204;-2.063;9.08
sub-18_raw.fif;amotiv;extr;198;0.0;11.668;17.73;8.82;6.061
sub-18_raw.fif;amotiv;extr;199;1.0;-5.726;-3.07;-9.292;2.656
sub-18_raw.fif;amotiv;extr;200;0.0;-0.814;12.46;-8.712;13.275
sub-18_raw.fif;amotiv;extr;201;1.0;-1.02;8.152;-4.833;9.172
sub-18_raw.fif;amotiv;extr;202;1.0;-11.331;14.564;-16.125;25.896
sub-18_raw.fif;amotiv;extr;203;1.0;0.102;-8.3;-4.693;-8.402
sub-18_raw.fif;amotiv;extr;204;1.0;-7.867;4.965;-12.74;12.833
sub-18_raw.fif;amotiv;extr;205;1.0;-3.884;7.495;-6.684;11.38
sub-18_raw.fif;motiv;hard;206;0.0;-10.913;-14.114;-15.904;-3.2
sub-18_raw.fif;motiv;hard;207;1.0;-0.747;-1.0;-6.561;-0.253
sub-18_raw.fif;motiv;hard;208;0.0;15.31;17.122;11.635;1.812
sub-18_raw.fif;motiv;hard;209;1.0;-11.571;11.107;-17.374;22.678
sub-18_raw.fif;motiv;hard;210;1.0;2.349;-3.778;-0.824;-6.127
sub-18_raw.fif;motiv;hard;211;1.0;7.393;-10.939;0.856;-18.331
sub-18_raw.fif;motiv;hard;212;1.0;-7.927;1.719;-12.017;9.646
sub-18_raw.fif;motiv;hard;213;1.0;2.554;1.565;-0.056;-0.989
sub-18_raw.fif;motiv;hard;214;1.0;19.767;1.275;14.259;-18.493
sub-18_raw.fif;motiv;hard;215;1.0;-4.274;-0.547;-12.188;3.727
sub-18_raw.fif;motiv;hard;216;0.0;4.126;-2.206;-2.193;-6.332
sub-18_raw.fif;motiv;hard;217;1.0;-4.551;-3.82;-7.22;0.731
sub-18_raw.fif;motiv;hard;218;1.0;-4.148;-0.158;-6.443;3.99
sub-18_raw.fif;motiv;hard;219;0.0;-11.364;25.394;-20.508;36.757
sub-18_raw.fif;motiv;hard;220;1.0;-14.112;9.546;-18.519;23.658
sub-18_raw.fif;motiv;hard;221;1.0;-0.608;9.347;-3.224;9.955
sub-18_raw.fif;motiv;hard;222;0.0;-0.543;26.302;-6.855;26.845
sub-18_raw.fif;motiv;hard;223;1.0;-4.805;-1.245;-11.179;3.56
sub-18_raw.fif;motiv;hard;224;0.0;-2.518;10.4;-6.385;12.917
sub-18_raw.fif;motiv;hard;225;1.0;-13.612;6.754;-25.043;20.366
sub-18_raw.fif;motiv;hard;226;1.0;4.949;5.013;2.039;0.064
sub-18_raw.fif;motiv;hard;227;1.0;-2.098;-2.903;-6.596;-0.805
sub-18_raw.fif;motiv;hard;228;1.0;0.572;3.353;-0.745;2.781
sub-18_raw.fif;motiv;hard;229;0.0;-5.164;-2.164;-10.02;2.999
sub-18_raw.fif;motiv;hard;230;1.0;-7.478;-8.354;-11.469;-0.875
sub-18_raw.fif;motiv;hard;231;0.0;8.987;12.788;7.646;3.801
sub-18_raw.fif;motiv;easy;232;0.0;-2.888;-16.102;-13.595;-13.214
sub-18_raw.fif;motiv;easy;233;1.0;0.774;18.326;-2.104;17.552
sub-18_raw.fif;motiv;easy;234;0.0;-14.314;-10.147;-20.411;4.167
sub-18_raw.fif;motiv;easy;235;1.0;-2.659;1.049;-5.986;3.708
sub-18_raw.fif;motiv;easy;236;1.0;12.273;-7.295;10.304;-19.568
sub-18_raw.fif;motiv;easy;237;1.0;-9.732;12.377;-12.37;22.109
sub-18_raw.fif;motiv;easy;238;1.0;-11.227;-0.772;-14.54;10.454
sub-18_raw.fif;motiv;easy;239;1.0;1.951;13.96;-2.778;12.01
sub-18_raw.fif;motiv;easy;240;1.0;-11.897;4.311;-15.733;16.208
sub-18_raw.fif;motiv;easy;241;1.0;-6.135;4.226;-9.617;10.361
sub-18_raw.fif;motiv;easy;242;1.0;-15.344;1.592;-22.786;16.936
sub-18_raw.fif;motiv;easy;243;1.0;3.596;4.196;0.641;0.599
sub-18_raw.fif;motiv;easy;244;1.0;-1.568;3.899;-6.351;5.467
sub-18_raw.fif;motiv;easy;245;1.0;5.799;4.927;3.379;-0.871
sub-18_raw.fif;motiv;easy;246;1.0;4.028;-3.282;-0.452;-7.31
sub-18_raw.fif;motiv;easy;247;0.0;-15.758;-10.157;-20.638;5.601
sub-18_raw.fif;motiv;easy;248;1.0;2.32;-1.031;-4.458;-3.35
sub-18_raw.fif;motiv;easy;249;1.0;-1.736;7.02;-9.056;8.756
sub-18_raw.fif;motiv;easy;250;1.0;8.393;-6.924;5.575;-15.318
sub-18_raw.fif;motiv;easy;251;1.0;-0.639;3.418;-3.981;4.057
sub-18_raw.fif;motiv;easy;252;1.0;-1.616;0.734;-7.603;2.35
sub-18_raw.fif;motiv;easy;253;1.0;2.069;5.489;-2.252;3.42
sub-18_raw.fif;motiv;easy;254;1.0;-13.625;1.917;-16.124;15.542
sub-18_raw.fif;motiv;easy;255;0.0;-4.608;0.625;-6.126;5.233
sub-18_raw.fif;motiv;easy;256;1.0;2.982;10.27;-4.398;7.288
sub-18_raw.fif;motiv;easy;257;1.0;5.733;-1.025;1.341;-6.758
sub-18_raw.fif;amotiv;easy;258;1.0;5.597;-5.008;2.671;-10.604
sub-18_raw.fif;amotiv;easy;259;0.0;5.668;18.487;3.843;12.819
sub-18_raw.fif;amotiv;easy;260;1.0;4.664;3.648;-0.973;-1.016
sub-18_raw.fif;amotiv;easy;261;1.0;-5.718;6.843;-7.776;12.562
sub-18_raw.fif;amotiv;easy;262;1.0;-8.674;2.36;-11.778;11.034
sub-18_raw.fif;amotiv;easy;263;0.0;12.919;6.851;10.424;-6.068
sub-18_raw.fif;amotiv;easy;264;0.0;21.898;7.568;19.159;-14.33
sub-18_raw.fif;amotiv;easy;265;0.0;0.945;-2.185;-4.68;-3.13
sub-18_raw.fif;amotiv;easy;266;1.0;-9.091;1.196;-14.69;10.287
sub-18_raw.fif;amotiv;easy;267;1.0;4.001;11.881;-3.313;7.881
sub-18_raw.fif;amotiv;easy;268;1.0;-10.707;13.677;-17.646;24.385
sub-18_raw.fif;amotiv;easy;269;0.0;-1.668;16.225;-5.049;17.894
sub-18_raw.fif;amotiv;easy;270;1.0;-2.155;-1.363;-6.732;0.793
sub-18_raw.fif;amotiv;easy;271;1.0;3.075;5.261;1.358;2.186
sub-18_raw.fif;amotiv;easy;272;1.0;-1.802;-0.398;-3.59;1.405
sub-18_raw.fif;amotiv;easy;273;1.0;2.721;5.39;-3.128;2.668
sub-18_raw.fif;amotiv;easy;274;1.0;3.347;1.404;-1.101;-1.943
sub-18_raw.fif;amotiv;easy;275;1.0;-6.298;14.984;-8.155;21.282
sub-18_raw.fif;amotiv;easy;276;1.0;9.513;7.879;5.523;-1.634
sub-18_raw.fif;amotiv;easy;277;1.0;5.51;-2.58;3.406;-8.09
sub-18_raw.fif;amotiv;easy;278;1.0;-1.978;4.545;-4.261;6.523
sub-18_raw.fif;amotiv;easy;279;1.0;-11.699;-2.118;-22.43;9.581
sub-18_raw.fif;amotiv;easy;280;1.0;-6.536;3.745;-10.676;10.281
sub-18_raw.fif;amotiv;easy;281;1.0;8.964;-10.275;2.596;-19.24
sub-18_raw.fif;amotiv;easy;282;1.0;-0.167;-5.911;-3.383;-5.744
sub-18_raw.fif;amotiv;easy;283;1.0;-2.556;13.332;-6.038;15.889
sub-18_raw.fif;motiv;extr;284;1.0;-1.844;2.26;-5.637;4.104
sub-18_raw.fif;motiv;extr;285;0.0;4.343;-8.264;-1.048;-12.606
sub-18_raw.fif;motiv;extr;286;0.0;-1.042;22.086;-3.942;23.128
sub-18_raw.fif;motiv;extr;287;1.0;-1.416;17.215;-4.809;18.631
sub-18_raw.fif;motiv;extr;288;0.0;-0.919;5.925;-5.003;6.844
sub-18_raw.fif;motiv;extr;289;0.0;8.093;16.934;1.462;8.841
sub-18_raw.fif;motiv;extr;290;1.0;-9.794;8.113;-13.923;17.907
sub-18_raw.fif;motiv;extr;291;0.0;3.131;4.097;0.747;0.966
sub-18_raw.fif;motiv;extr;292;0.0;-3.982;-18.604;-9.721;-14.622
sub-18_raw.fif;motiv;extr;293;1.0;13.37;-7.709;8.476;-21.079
sub-18_raw.fif;motiv;extr;294;1.0;-18.415;17.004;-21.345;35.42
sub-18_raw.fif;motiv;extr;295;1.0;-1.511;-7.536;-6.891;-6.025
sub-18_raw.fif;motiv;extr;296;0.0;17.383;24.042;11.732;6.659
sub-18_raw.fif;motiv;extr;297;1.0;1.237;4.635;-3.84;3.398
sub-18_raw.fif;motiv;extr;298;1.0;-5.66;-3.088;-9.398;2.572
sub-18_raw.fif;motiv;extr;299;1.0;-8.859;4.054;-12.083;12.913
sub-18_raw.fif;motiv;extr;300;1.0;2.572;4.11;-1.895;1.538
sub-18_raw.fif;motiv;extr;301;0.0;-5.272;14.912;-12.003;20.184
sub-18_raw.fif;motiv;extr;302;1.0;-2.074;9.705;-5.187;11.779
sub-18_raw.fif;motiv;extr;303;1.0;-1.367;2.725;-4.401;4.092
sub-18_raw.fif;motiv;extr;304;0.0;-4.205;19.011;-7.95;23.216
sub-18_raw.fif;motiv;extr;305;1.0;-8.286;0.729;-11.589;9.015
sub-18_raw.fif;motiv;extr;306;1.0;-12.561;-1.417;-15.627;11.144
sub-18_raw.fif;motiv;extr;307;0.0;15.632;3.26;13.023;-12.372
sub-18_raw.fif;motiv;extr;308;1.0;6.643;11.036;3.706;4.393
sub-18_raw.fif;motiv;extr;309;1.0;-9.47;0.177;-13.179;9.647
sub-18_raw.fif;amotiv;hard;310;0.0;11.743;13.738;6.035;1.994
sub-18_raw.fif;amotiv;hard;311;1.0;2.996;-7.311;-2.474;-10.306
sub-18_raw.fif;amotiv;hard;312;1.0;-1.56;-8.311;-6.729;-6.751
sub-18_raw.fif;amotiv;hard;313;1.0;-5.847;-9.924;-9.704;-4.076
sub-18_raw.fif;amotiv;hard;314;1.0;0.395;-3.908;-7.948;-4.303
sub-18_raw.fif;amotiv;hard;315;1.0;6.891;4.751;3.286;-2.14
sub-18_raw.fif;amotiv;hard;316;1.0;0.056;2.068;-2.182;2.012
sub-18_raw.fif;amotiv;hard;317;1.0;5.599;14.359;1.866;8.76
sub-18_raw.fif;amotiv;hard;318;1.0;-5.817;6.197;-10.001;12.013
sub-18_raw.fif;amotiv;hard;319;1.0;8.94;8.042;5.136;-0.898
sub-18_raw.fif;amotiv;hard;320;1.0;-7.675;-8.42;-14.872;-0.745
sub-18_raw.fif;amotiv;hard;321;1.0;1.712;1.524;-4.268;-0.188
sub-18_raw.fif;amotiv;hard;322;1.0;6.521;15.09;1.659;8.568
sub-18_raw.fif;amotiv;hard;323;1.0;-5.358;-3.321;-7.225;2.038
sub-18_raw.fif;amotiv;hard;324;1.0;-4.662;6.03;-8.04;10.692
sub-18_raw.fif;amotiv;hard;325;0.0;14.427;12.758;11.061;-1.669
sub-18_raw.fif;amotiv;hard;326;1.0;5.38;-3.118;3.984;-8.497
sub-18_raw.fif;amotiv;hard;327;1.0;-6.546;2.472;-15.295;9.018
sub-18_raw.fif;amotiv;hard;328;1.0;7.997;1.444;3.479;-6.553
sub-18_raw.fif;amotiv;hard;329;1.0;6.344;4.171;4.63;-2.173
sub-18_raw.fif;amotiv;hard;330;0.0;-6.804;7.667;-10.331;14.471
sub-18_raw.fif;amotiv;hard;331;1.0;-6.38;9.637;-11.301;16.017
sub-18_raw.fif;amotiv;hard;332;1.0;-20.811;-9.621;-23.485;11.19
sub-18_raw.fif;amotiv;hard;333;1.0;8.046;7.211;3.673;-0.836
sub-18_raw.fif;amotiv;hard;334;0.0;9.121;-3.304;6.205;-12.426
sub-18_raw.fif;amotiv;hard;335;1.0;-11.435;17.195;-14.987;28.63
sub-19_raw.fif;amotiv;hard;0;1.0;9.763;6.517;4.801;-3.246
sub-19_raw.fif;amotiv;hard;1;1.0;3.373;13.219;-0.786;9.846
sub-19_raw.fif;amotiv;hard;2;1.0;2.051;6.729;-2.773;4.678
sub-19_raw.fif;amotiv;hard;3;1.0;-2.031;9.747;-8.346;11.778
sub-19_raw.fif;amotiv;hard;4;1.0;-0.039;6.075;-6.588;6.115
sub-19_raw.fif;amotiv;hard;5;1.0;5.234;13.253;0.89;8.019
sub-19_raw.fif;amotiv;hard;6;1.0;-6.249;6.37;-8.5;12.619
sub-19_raw.fif;amotiv;hard;7;1.0;7.049;-2.292;4.229;-9.342
sub-19_raw.fif;amotiv;hard;8;1.0;17.253;12.377;6.787;-4.876
sub-19_raw.fif;amotiv;hard;9;1.0;5.73;14.531;0.917;8.8
sub-19_raw.fif;amotiv;hard;10;1.0;12.711;13.364;6.982;0.653
sub-19_raw.fif;amotiv;hard;11;1.0;9.416;2.369;4.856;-7.046
sub-19_raw.fif;amotiv;hard;12;1.0;16.713;9.773;13.15;-6.94
sub-19_raw.fif;amotiv;hard;13;1.0;0.817;-4.146;-11.652;-4.963
sub-19_raw.fif;amotiv;hard;14;1.0;3.091;3.069;-1.143;-0.021
sub-19_raw.fif;amotiv;hard;15;1.0;8.253;-2.682;-3.405;-10.935
sub-19_raw.fif;amotiv;hard;16;1.0;6.732;18.466;-0.798;11.734
sub-19_raw.fif;amotiv;hard;17;1.0;9.356;12.216;2.616;2.86
sub-19_raw.fif;amotiv;hard;18;1.0;9.7;-1.978;-5.456;-11.679
sub-19_raw.fif;amotiv;hard;19;1.0;-5.742;8.674;-12.597;14.416
sub-19_raw.fif;amotiv;hard;20;1.0;7.23;1.348;-0.826;-5.882
sub-19_raw.fif;amotiv;hard;21;1.0;-0.705;16.503;-6.761;17.208
sub-19_raw.fif;amotiv;hard;22;0.0;11.857;30.517;6.4;18.661
sub-19_raw.fif;amotiv;hard;23;1.0;4.172;17.291;-6.388;13.119
sub-19_raw.fif;amotiv;hard;24;1.0;-3.167;-0.436;-14.924;2.731
sub-19_raw.fif;amotiv;hard;25;1.0;2.138;6.048;-0.686;3.91
sub-19_raw.fif;amotiv;easy;26;1.0;2.282;12.327;-2.084;10.046
sub-19_raw.fif;amotiv;easy;27;1.0;14.392;15.751;12.824;1.358
sub-19_raw.fif;amotiv;easy;28;0.0;1.937;-7.297;-11.513;-9.234
sub-19_raw.fif;amotiv;easy;29;1.0;8.144;4.003;0.387;-4.141
sub-19_raw.fif;amotiv;easy;30;1.0;10.311;7.342;5.359;-2.969
sub-19_raw.fif;amotiv;easy;31;0.0;12.925;9.668;11.313;-3.257
sub-19_raw.fif;amotiv;easy;32;0.0;21.492;14.255;16.864;-7.237
sub-19_raw.fif;amotiv;easy;33;1.0;6.897;8.658;-2.878;1.762
sub-19_raw.fif;amotiv;easy;34;1.0;9.311;0.182;1.43;-9.129
sub-19_raw.fif;amotiv;easy;35;0.0;11.02;24.174;4.465;13.155
sub-19_raw.fif;amotiv;easy;36;1.0;11.473;7.214;1.698;-4.259
sub-19_raw.fif;amotiv;easy;37;1.0;0.248;10.921;-4.387;10.673
sub-19_raw.fif;amotiv;easy;38;1.0;10.896;11.435;6.081;0.54
sub-19_raw.fif;amotiv;easy;39;1.0;0.824;-3.707;-3.529;-4.531
sub-19_raw.fif;amotiv;easy;40;1.0;2.2;5.098;-1.815;2.897
sub-19_raw.fif;amotiv;easy;41;1.0;10.336;25.751;6.396;15.415
sub-19_raw.fif;amotiv;easy;42;1.0;2.431;12.443;-1.284;10.012
sub-19_raw.fif;amotiv;easy;43;1.0;5.974;6.54;-5.083;0.566
sub-19_raw.fif;amotiv;easy;44;0.0;-12.034;2.786;-18.223;14.82
sub-19_raw.fif;amotiv;easy;45;0.0;-0.19;19.408;-6.014;19.598
sub-19_raw.fif;amotiv;easy;46;1.0;-1.608;12.655;-5.111;14.264
sub-19_raw.fif;amotiv;easy;47;1.0;5.266;8.555;-2.458;3.289
sub-19_raw.fif;amotiv;easy;48;1.0;2.911;4.48;-2.412;1.569
sub-19_raw.fif;amotiv;easy;49;1.0;3.326;5.797;-1.741;2.471
sub-19_raw.fif;amotiv;easy;50;1.0;-0.145;7.483;-9.281;7.628
sub-19_raw.fif;amotiv;easy;51;1.0;-0.929;0.969;-5.851;1.898
sub-19_raw.fif;motiv;extr;52;1.0;3.636;-4.136;-3.031;-7.772
sub-19_raw.fif;motiv;extr;53;0.0;84.304;66.687;81.248;-17.617
sub-19_raw.fif;motiv;extr;54;1.0;-11.406;11.039;-26.823;22.445
sub-19_raw.fif;motiv;extr;55;1.0;10.614;18.701;7.371;8.088
sub-19_raw.fif;motiv;extr;56;1.0;10.118;12.896;3.777;2.778
sub-19_raw.fif;motiv;extr;57;1.0;-14.47;-7.421;-22.978;7.049
sub-19_raw.fif;motiv;extr;58;1.0;2.372;9.219;-5.754;6.847
sub-19_raw.fif;motiv;extr;59;1.0;9.299;6.736;3.589;-2.563
sub-19_raw.fif;motiv;extr;60;1.0;6.958;14.01;-3.69;7.053
sub-19_raw.fif;motiv;extr;61;1.0;19.21;15.627;15.039;-3.584
sub-19_raw.fif;motiv;extr;62;1.0;10.247;20.68;0.316;10.433
sub-19_raw.fif;motiv;extr;63;0.0;1.79;-9.985;-1.834;-11.775
sub-19_raw.fif;motiv;extr;64;1.0;2.232;7.428;-7.418;5.196
sub-19_raw.fif;motiv;extr;65;0.0;4.523;23.96;1.937;19.437
sub-19_raw.fif;motiv;extr;66;1.0;-8.341;3.053;-16.209;11.394
sub-19_raw.fif;motiv;extr;67;1.0;11.073;3.293;6.513;-7.78
sub-19_raw.fif;motiv;extr;68;1.0;-1.461;-0.412;-10.729;1.049
sub-19_raw.fif;motiv;extr;69;1.0;5.987;16.463;1.063;10.476
sub-19_raw.fif;motiv;extr;70;1.0;14.84;-3.38;5.612;-18.22
sub-19_raw.fif;motiv;extr;71;0.0;10.305;14.134;4.748;3.829
sub-19_raw.fif;motiv;extr;72;1.0;1.708;-0.347;-13.477;-2.055
sub-19_raw.fif;motiv;extr;73;0.0;8.314;13.975;1.026;5.66
sub-19_raw.fif;motiv;extr;74;1.0;-2.822;1.888;-8.965;4.71
sub-19_raw.fif;motiv;extr;75;1.0;0.034;5.831;-3.144;5.797
sub-19_raw.fif;motiv;extr;76;1.0;4.687;9.139;0.871;4.453
sub-19_raw.fif;motiv;extr;77;1.0;-0.28;1.002;-9.447;1.282
sub-19_raw.fif;motiv;easy;78;1.0;10.873;8.092;1.291;-2.781
sub-19_raw.fif;motiv;easy;79;1.0;2.308;17.468;-4.27;15.159
sub-19_raw.fif;motiv;easy;80;1.0;-0.625;6.283;-10.044;6.909
sub-19_raw.fif;motiv;easy;81;1.0;-7.56;-0.555;-17.538;7.005
sub-19_raw.fif;motiv;easy;82;1.0;7.877;13.665;5.121;5.788
sub-19_raw.fif;motiv;easy;83;1.0;-4.152;-0.238;-13.84;3.914
sub-19_raw.fif;motiv;easy;84;1.0;14.183;4.977;2.61;-9.207
sub-19_raw.fif;motiv;easy;85;1.0;-7.985;8.683;-16.521;16.668
sub-19_raw.fif;motiv;easy;86;1.0;-5.219;4.719;-15.745;9.938
sub-19_raw.fif;motiv;easy;87;1.0;-5.77;6.074;-13.346;11.844
sub-19_raw.fif;motiv;easy;88;1.0;-3.856;13.105;-9.404;16.961
sub-19_raw.fif;motiv;easy;89;0.0;3.209;-4.296;-5.762;-7.505
sub-19_raw.fif;motiv;easy;90;1.0;7.303;-3.397;2.235;-10.701
sub-19_raw.fif;motiv;easy;91;0.0;-12.267;-9.837;-19.892;2.43
sub-19_raw.fif;motiv;easy;92;1.0;-1.184;13.305;-6.779;14.489
sub-19_raw.fif;motiv;easy;93;1.0;3.571;-0.409;-4.186;-3.98
sub-19_raw.fif;motiv;easy;94;1.0;10.274;24.763;1.673;14.489
sub-19_raw.fif;motiv;easy;95;1.0;8.207;12.872;-2.507;4.665
sub-19_raw.fif;motiv;easy;96;1.0;10.48;20.967;5.137;10.487
sub-19_raw.fif;motiv;easy;97;1.0;-5.147;1.721;-14.079;6.869
sub-19_raw.fif;motiv;easy;98;1.0;6.589;1.584;-1.331;-5.005
sub-19_raw.fif;motiv;easy;99;1.0;13.364;2.933;10.506;-10.432
sub-19_raw.fif;motiv;easy;100;0.0;25.661;18.09;21.563;-7.571
sub-19_raw.fif;motiv;easy;101;0.0;-9.404;-5.305;-14.521;4.099
sub-19_raw.fif;motiv;easy;102;1.0;-3.901;-2.618;-9.571;1.283
sub-19_raw.fif;motiv;easy;103;1.0;5.054;3.566;-0.45;-1.488
sub-19_raw.fif;amotiv;extr;104;1.0;-4.089;5.571;-9.35;9.66
sub-19_raw.fif;amotiv;extr;105;1.0;4.033;-0.462;-2.486;-4.496
sub-19_raw.fif;amotiv;extr;106;0.0;13.687;23.992;-0.593;10.304
sub-19_raw.fif;amotiv;extr;107;1.0;5.573;2.144;1.486;-3.429
sub-19_raw.fif;amotiv;extr;108;1.0;13.766;8.051;6.347;-5.715
sub-19_raw.fif;amotiv;extr;109;1.0;16.539;9.053;3.903;-7.486
sub-19_raw.fif;amotiv;extr;110;1.0;0.24;-3.145;-6.912;-3.385
sub-19_raw.fif;amotiv;extr;111;1.0;2.78;10.087;-7.068;7.307
sub-19_raw.fif;amotiv;extr;112;1.0;12.703;12.548;3.7;-0.155
sub-19_raw.fif;amotiv;extr;113;1.0;1.024;1.55;-6.599;0.525
sub-19_raw.fif;amotiv;extr;114;1.0;-12.715;-2.997;-26.028;9.718
sub-19_raw.fif;amotiv;extr;115;1.0;1.589;13.753;-4.123;12.164
sub-19_raw.fif;amotiv;extr;116;1.0;1.798;-0.503;-4.599;-2.3
sub-19_raw.fif;amotiv;extr;117;1.0;4.515;2.895;-2.059;-1.62
sub-19_raw.fif;amotiv;extr;118;1.0;12.057;13.415;6.689;1.358
sub-19_raw.fif;amotiv;extr;119;1.0;8.815;6.492;0.885;-2.324
sub-19_raw.fif;amotiv;extr;120;1.0;4.306;10.992;-2.857;6.686
sub-19_raw.fif;amotiv;extr;121;1.0;3.121;10.734;-5.741;7.613
sub-19_raw.fif;amotiv;extr;122;1.0;20.573;-10.197;9.047;-30.77
sub-19_raw.fif;amotiv;extr;123;1.0;-2.064;16.767;-6.741;18.831
sub-19_raw.fif;amotiv;extr;124;1.0;11.495;1.807;1.797;-9.687
sub-19_raw.fif;amotiv;extr;125;1.0;23.349;10.119;15.655;-13.23
sub-19_raw.fif;amotiv;extr;126;1.0;9.149;-4.323;-1.087;-13.472
sub-19_raw.fif;amotiv;extr;127;1.0;13.939;8.035;7.219;-5.904
sub-19_raw.fif;amotiv;extr;128;1.0;-6.865;-1.943;-12.355;4.922
sub-19_raw.fif;amotiv;extr;129;1.0;-1.865;-9.21;-6.884;-7.345
sub-19_raw.fif;motiv;hard;130;0.0;-10.207;-12.701;-14.641;-2.494
sub-19_raw.fif;motiv;hard;131;1.0;3.156;8.51;-4.225;5.354
sub-19_raw.fif;motiv;hard;132;1.0;12.001;9.699;3.01;-2.301
sub-19_raw.fif;motiv;hard;133;1.0;3.772;7.071;-2.299;3.298
sub-19_raw.fif;motiv;hard;134;1.0;0.566;-1.989;-2.795;-2.555
sub-19_raw.fif;motiv;hard;135;1.0;2.75;26.404;-3.478;23.654
sub-19_raw.fif;motiv;hard;136;1.0;-0.441;14.209;-5.301;14.651
sub-19_raw.fif;motiv;hard;137;1.0;-7.419;10.883;-12.062;18.303
sub-19_raw.fif;motiv;hard;138;1.0;1.054;-6.98;-2.753;-8.034
sub-19_raw.fif;motiv;hard;139;1.0;-1.764;-8.858;-3.899;-7.094
sub-19_raw.fif;motiv;hard;140;1.0;10.551;12.813;0.742;2.262
sub-19_raw.fif;motiv;hard;141;1.0;13.735;12.067;5.778;-1.669
sub-19_raw.fif;motiv;hard;142;1.0;-5.046;-5.652;-9.555;-0.606
sub-19_raw.fif;motiv;hard;143;0.0;19.448;17.257;12.832;-2.191
sub-19_raw.fif;motiv;hard;144;1.0;-3.597;-1.093;-7.375;2.505
sub-19_raw.fif;motiv;hard;145;1.0;2.188;1.506;-5.328;-0.683
sub-19_raw.fif;motiv;hard;146;0.0;9.633;12.453;0.138;2.819
sub-19_raw.fif;motiv;hard;147;1.0;-5.936;10.508;-10.969;16.444
sub-19_raw.fif;motiv;hard;148;0.0;13.638;18.956;5.229;5.318
sub-19_raw.fif;motiv;hard;149;1.0;0.573;19.211;-4.332;18.637
sub-19_raw.fif;motiv;hard;150;1.0;-4.979;1.996;-10.671;6.976
sub-19_raw.fif;motiv;hard;151;1.0;7.676;21.097;-2.299;13.42
sub-19_raw.fif;motiv;hard;152;1.0;5.05;-2.342;-0.567;-7.392
sub-19_raw.fif;motiv;hard;153;1.0;0.496;6.64;-3.653;6.143
sub-19_raw.fif;motiv;hard;154;1.0;-3.482;4.949;-12.483;8.432
sub-19_raw.fif;motiv;hard;155;1.0;2.828;-4.052;-3.165;-6.88
sub-19_raw.fif;amotiv;hard;156;1.0;-1.947;-5.716;-5.46;-3.768
sub-19_raw.fif;amotiv;hard;157;1.0;-5.746;11.497;-12.447;17.243
sub-19_raw.fif;amotiv;hard;158;1.0;18.336;-1.448;6.531;-19.784
sub-19_raw.fif;amotiv;hard;159;1.0;10.092;3.796;2.82;-6.296
sub-19_raw.fif;amotiv;hard;160;0.0;13.392;25.976;9.028;12.584
sub-19_raw.fif;amotiv;hard;161;1.0;10.07;12.032;5.891;1.962
sub-19_raw.fif;amotiv;hard;162;1.0;-7.03;12.485;-14.75;19.515
sub-19_raw.fif;amotiv;hard;163;1.0;-13.43;3.829;-19.138;17.258
sub-19_raw.fif;amotiv;hard;164;1.0;5.122;9.115;-0.342;3.993
sub-19_raw.fif;amotiv;hard;165;1.0;1.772;15.766;-1.462;13.994
sub-19_raw.fif;amotiv;hard;166;1.0;-3.71;2.192;-11.497;5.902
sub-19_raw.fif;amotiv;hard;167;1.0;7.356;1.215;3.152;-6.141
sub-19_raw.fif;amotiv;hard;168;1.0;12.904;11.43;8.319;-1.473
sub-19_raw.fif;amotiv;hard;169;1.0;12.495;5.986;4.396;-6.509
sub-19_raw.fif;amotiv;hard;170;1.0;16.23;13.05;12.188;-3.179
sub-19_raw.fif;amotiv;hard;171;1.0;0.8;2.814;-3.848;2.015
sub-19_raw.fif;amotiv;hard;172;1.0;5.412;2.589;-1.85;-2.823
sub-19_raw.fif;amotiv;hard;173;1.0;4.567;-1.445;1.989;-6.011
sub-19_raw.fif;amotiv;hard;174;1.0;1.795;14.193;-5.586;12.398
sub-19_raw.fif;amotiv;hard;175;0.0;1.773;11.25;-3.825;9.477
sub-19_raw.fif;amotiv;hard;176;1.0;10.244;4.407;2.663;-5.837
sub-19_raw.fif;amotiv;hard;177;1.0;-8.392;15.832;-15.549;24.225
sub-19_raw.fif;amotiv;hard;178;1.0;11.667;14.996;5.305;3.329
sub-19_raw.fif;amotiv;hard;179;1.0;-1.31;7.667;-7.595;8.977
sub-19_raw.fif;amotiv;hard;180;0.0;28.095;24.445;25.121;-3.65
sub-19_raw.fif;amotiv;hard;181;1.0;-3.655;-1.149;-8.253;2.507
sub-19_raw.fif;amotiv;hard;182;1.0;-1.751;21.635;-15.934;23.386
sub-19_raw.fif;amotiv;hard;183;1.0;-8.615;2.568;-14.638;11.183
sub-19_raw.fif;amotiv;hard;184;1.0;8.549;-0.548;2.104;-9.097
sub-19_raw.fif;amotiv;hard;185;1.0;2.874;18.337;0.207;15.463
sub-19_raw.fif;amotiv;easy;186;1.0;3.454;10.683;-6.605;7.229
sub-19_raw.fif;amotiv;easy;187;1.0;13.095;9.749;10.286;-3.345
sub-19_raw.fif;amotiv;easy;188;0.0;-17.106;-6.58;-21.212;10.526
sub-19_raw.fif;amotiv;easy;189;1.0;-14.11;0.326;-21.734;14.436
sub-19_raw.fif;amotiv;easy;190;1.0;11.974;-0.927;9.607;-12.901
sub-19_raw.fif;amotiv;easy;191;1.0;0.605;12.764;-4.961;12.159
sub-19_raw.fif;amotiv;easy;192;1.0;2.368;21.121;-4.219;18.754
sub-19_raw.fif;amotiv;easy;193;1.0;29.059;0.607;24.748;-28.452
sub-19_raw.fif;amotiv;easy;194;1.0;-1.776;20.046;-6.697;21.822
sub-19_raw.fif;amotiv;easy;195;1.0;-14.425;9.499;-18.397;23.924
sub-19_raw.fif;amotiv;easy;196;1.0;1.312;1.862;-6.667;0.55
sub-19_raw.fif;amotiv;easy;197;0.0;13.806;22.733;9.789;8.927
sub-19_raw.fif;amotiv;easy;198;0.0;-14.543;-6.137;-19.762;8.406
sub-19_raw.fif;amotiv;easy;199;1.0;8.197;9.796;3.239;1.599
sub-19_raw.fif;amotiv;easy;200;0.0;3.323;19.157;-4.528;15.833
sub-19_raw.fif;amotiv;easy;201;1.0;-8.831;6.234;-17.951;15.065
sub-19_raw.fif;amotiv;easy;202;1.0;2.496;12.864;0.131;10.368
sub-19_raw.fif;amotiv;easy;203;1.0;8.261;9.497;4.984;1.236
sub-19_raw.fif;amotiv;easy;204;1.0;14.93;15.391;10.468;0.461
sub-19_raw.fif;amotiv;easy;205;1.0;3.906;7.434;-3.244;3.528
sub-19_raw.fif;amotiv;easy;206;1.0;13.509;3.112;8.794;-10.397
sub-19_raw.fif;amotiv;easy;207;0.0;7.669;23.091;-0.183;15.422
sub-19_raw.fif;amotiv;easy;208;1.0;19.208;-1.713;12.656;-20.921
sub-19_raw.fif;amotiv;easy;209;1.0;-5.245;9.53;-8.165;14.775
sub-19_raw.fif;amotiv;easy;210;0.0;0.531;1.183;-0.711;0.652
sub-19_raw.fif;amotiv;easy;211;1.0;-6.843;7.307;-12.056;14.15
sub-19_raw.fif;amotiv;easy;212;1.0;-0.554;3.045;-5.187;3.6
sub-19_raw.fif;amotiv;easy;213;1.0;0.724;0.203;-10.335;-0.521
sub-19_raw.fif;amotiv;easy;214;1.0;4.731;10.758;-1.073;6.027
sub-19_raw.fif;amotiv;easy;215;1.0;2.227;-0.653;-4.797;-2.88
sub-19_raw.fif;motiv;extr;216;1.0;-5.471;16.682;-9.777;22.153
sub-19_raw.fif;motiv;extr;217;1.0;-5.586;-1.864;-8.817;3.722
sub-19_raw.fif;motiv;extr;218;1.0;-4.249;12.271;-14.923;16.52
sub-19_raw.fif;motiv;extr;219;1.0;-5.738;6.571;-12.602;12.31
sub-19_raw.fif;motiv;extr;220;1.0;8.051;14.655;5.451;6.604
sub-19_raw.fif;motiv;extr;221;1.0;11.265;5.535;8.202;-5.73
sub-19_raw.fif;motiv;extr;222;1.0;-4.707;5.682;-11.877;10.389
sub-19_raw.fif;motiv;extr;223;1.0;28.429;7.951;22.672;-20.478
sub-19_raw.fif;motiv;extr;224;1.0;-5.665;8.471;-13.416;14.136
sub-19_raw.fif;motiv;extr;225;1.0;-0.834;9.487;-7.952;10.321
sub-19_raw.fif;motiv;extr;226;0.0;5.561;-8.041;-6.455;-13.602
sub-19_raw.fif;motiv;extr;227;0.0;6.708;20.039;2.919;13.331
sub-19_raw.fif;motiv;extr;228;1.0;1.102;13.521;-1.642;12.419
sub-19_raw.fif;motiv;extr;229;1.0;4.216;-0.584;-5.938;-4.801
sub-19_raw.fif;motiv;extr;230;1.0;8.95;6.397;-6.285;-2.553
sub-19_raw.fif;motiv;extr;231;0.0;16.085;-9.593;11.726;-25.678
sub-19_raw.fif;motiv;extr;232;1.0;-3.024;5.466;-4.701;8.49
sub-19_raw.fif;motiv;extr;233;0.0;-11.216;-5.254;-15.742;5.962
sub-19_raw.fif;motiv;extr;234;1.0;26.885;9.914;23.125;-16.972
sub-19_raw.fif;motiv;extr;235;1.0;10.11;9.721;5.656;-0.389
sub-19_raw.fif;motiv;extr;236;1.0;20.886;0.888;14.403;-19.998
sub-19_raw.fif;motiv;extr;237;0.0;1.751;-6.385;-6.754;-8.136
sub-19_raw.fif;motiv;extr;238;1.0;-2.227;11.334;-14.143;13.561
sub-19_raw.fif;motiv;extr;239;1.0;7.832;9.481;4.0;1.649
sub-19_raw.fif;motiv;extr;240;1.0;5.625;10.483;0.677;4.858
sub-19_raw.fif;motiv;extr;241;0.0;-13.141;-5.815;-18.016;7.326
sub-19_raw.fif;motiv;extr;242;0.0;-13.609;-6.456;-27.767;7.153
sub-19_raw.fif;motiv;extr;243;1.0;-1.475;3.811;-5.698;5.286
sub-19_raw.fif;motiv;extr;244;1.0;15.015;4.726;9.464;-10.289
sub-19_raw.fif;motiv;easy;245;1.0;-2.496;10.202;-7.627;12.698
sub-19_raw.fif;motiv;easy;246;1.0;-1.996;20.367;-10.018;22.363
sub-19_raw.fif;motiv;easy;247;1.0;-2.452;3.162;-11.258;5.614
sub-19_raw.fif;motiv;easy;248;1.0;-6.502;-8.802;-8.585;-2.3
sub-19_raw.fif;motiv;easy;249;0.0;20.107;20.835;17.173;0.728
sub-19_raw.fif;motiv;easy;250;1.0;-8.131;3.765;-15.59;11.896
sub-19_raw.fif;motiv;easy;251;1.0;16.535;6.074;11.721;-10.461
sub-19_raw.fif;motiv;easy;252;1.0;8.064;7.852;-3.378;-0.211
sub-19_raw.fif;motiv;easy;253;1.0;8.497;5.813;2.207;-2.684
sub-19_raw.fif;motiv;easy;254;1.0;-9.131;8.795;-13.374;17.926
sub-19_raw.fif;motiv;easy;255;0.0;19.57;20.141;16.305;0.57
sub-19_raw.fif;motiv;easy;256;1.0;-0.995;5.375;-4.46;6.369
sub-19_raw.fif;motiv;easy;257;1.0;3.296;13.243;-12.499;9.948
sub-19_raw.fif;motiv;easy;258;1.0;7.369;-4.913;0.642;-12.282
sub-19_raw.fif;motiv;easy;259;0.0;22.136;16.143;13.837;-5.992
sub-19_raw.fif;motiv;easy;260;1.0;5.238;-5.839;-13.23;-11.076
sub-19_raw.fif;motiv;easy;261;0.0;7.876;-3.884;3.062;-11.76
sub-19_raw.fif;motiv;easy;262;1.0;4.101;-4.499;0.143;-8.6
sub-19_raw.fif;motiv;easy;263;1.0;-7.543;9.481;-18.149;17.025
sub-19_raw.fif;motiv;easy;264;1.0;2.254;7.555;-2.946;5.301
sub-19_raw.fif;motiv;easy;265;1.0;9.834;-1.968;7.119;-11.802
sub-19_raw.fif;motiv;easy;266;1.0;4.233;12.861;-5.357;8.628
sub-19_raw.fif;motiv;easy;267;1.0;14.332;15.24;6.616;0.908
sub-19_raw.fif;motiv;easy;268;0.0;27.602;37.358;20.409;9.756
sub-19_raw.fif;motiv;easy;269;1.0;3.134;12.525;-0.392;9.39
sub-19_raw.fif;motiv;easy;270;1.0;2.889;1.002;-5.402;-1.887
sub-19_raw.fif;motiv;easy;271;0.0;-5.121;-21.451;-18.454;-16.33
sub-19_raw.fif;motiv;easy;272;1.0;-0.593;10.874;-5.672;11.467
sub-19_raw.fif;motiv;easy;273;1.0;3.786;17.909;-8.929;14.123
sub-19_raw.fif;motiv;easy;274;0.0;-21.829;-18.658;-23.929;3.171
sub-19_raw.fif;amotiv;extr;275;1.0;21.301;13.404;16.477;-7.897
sub-19_raw.fif;amotiv;extr;276;0.0;-14.071;-22.257;-29.181;-8.186
sub-19_raw.fif;amotiv;extr;277;1.0;0.519;-1.213;-4.117;-1.732
sub-19_raw.fif;amotiv;extr;278;0.0;-6.298;-5.016;-10.114;1.282
sub-19_raw.fif;amotiv;extr;279;1.0;-3.92;-2.203;-11.314;1.717
sub-19_raw.fif;amotiv;extr;280;1.0;18.705;1.209;15.918;-17.497
sub-19_raw.fif;amotiv;extr;281;0.0;-8.065;-2.045;-14.132;6.02
sub-19_raw.fif;amotiv;extr;282;0.0;18.447;21.206;12.9;2.759
sub-19_raw.fif;amotiv;extr;283;0.0;-1.83;-9.956;-9.168;-8.127
sub-19_raw.fif;amotiv;extr;284;1.0;15.828;10.619;10.839;-5.209
sub-19_raw.fif;amotiv;extr;285;0.0;-3.361;-13.68;-6.324;-10.319
sub-19_raw.fif;amotiv;extr;286;1.0;2.955;16.701;-4.423;13.746
sub-19_raw.fif;amotiv;extr;287;1.0;9.386;-1.485;2.04;-10.871
sub-19_raw.fif;amotiv;extr;288;1.0;7.629;11.837;2.728;4.208
sub-19_raw.fif;amotiv;extr;289;1.0;-9.494;8.969;-16.441;18.463
sub-19_raw.fif;amotiv;extr;290;0.0;2.893;-3.301;-7.745;-6.194
sub-19_raw.fif;amotiv;extr;291;1.0;-3.719;-3.505;-12.705;0.213
sub-19_raw.fif;amotiv;extr;292;1.0;12.907;-4.099;5.176;-17.006
sub-19_raw.fif;amotiv;extr;293;1.0;8.293;8.744;1.004;0.451
sub-19_raw.fif;amotiv;extr;294;0.0;-10.35;-6.29;-16.122;4.061
sub-19_raw.fif;amotiv;extr;295;1.0;9.327;5.45;3.785;-3.877
sub-19_raw.fif;amotiv;extr;296;1.0;8.069;0.887;3.685;-7.182
sub-19_raw.fif;amotiv;extr;297;0.0;-95.171;-93.884;-101.884;1.287
sub-19_raw.fif;amotiv;extr;298;1.0;11.081;3.215;7.785;-7.866
sub-19_raw.fif;amotiv;extr;299;1.0;-3.007;2.332;-12.19;5.339
sub-19_raw.fif;amotiv;extr;300;1.0;6.4;23.876;0.569;17.476
sub-19_raw.fif;amotiv;extr;301;1.0;4.505;4.921;-1.501;0.415
sub-19_raw.fif;amotiv;extr;302;1.0;3.126;-9.144;-3.33;-12.27
sub-19_raw.fif;amotiv;extr;303;0.0;6.217;14.505;-1.794;8.288
sub-19_raw.fif;amotiv;extr;304;1.0;12.601;3.294;5.198;-9.307
sub-19_raw.fif;motiv;hard;305;1.0;12.175;15.228;1.898;3.053
sub-19_raw.fif;motiv;hard;306;1.0;12.123;19.285;0.548;7.163
sub-19_raw.fif;motiv;hard;307;1.0;-0.909;16.259;-8.217;17.168
sub-19_raw.fif;motiv;hard;308;1.0;1.912;-0.659;-6.087;-2.571
sub-19_raw.fif;motiv;hard;309;0.0;-6.543;-4.745;-14.095;1.798
sub-19_raw.fif;motiv;hard;310;1.0;15.615;12.313;2.59;-3.302
sub-19_raw.fif;motiv;hard;311;1.0;17.178;16.412;12.543;-0.766
sub-19_raw.fif;motiv;hard;312;0.0;17.181;12.305;10.465;-4.876
sub-19_raw.fif;motiv;hard;313;1.0;15.954;9.337;7.854;-6.617
sub-19_raw.fif;motiv;hard;314;0.0;10.002;23.704;7.856;13.703
sub-19_raw.fif;motiv;hard;315;0.0;14.594;21.104;8.62;6.51
sub-19_raw.fif;motiv;hard;316;0.0;23.986;27.635;21.307;3.649
sub-19_raw.fif;motiv;hard;317;1.0;3.75;12.641;-1.86;8.891
sub-19_raw.fif;motiv;hard;318;1.0;10.989;20.878;6.601;9.889
sub-19_raw.fif;motiv;hard;319;1.0;13.709;14.547;7.069;0.838
sub-19_raw.fif;motiv;hard;320;0.0;-1.338;-11.318;-9.402;-9.981
sub-19_raw.fif;motiv;hard;321;0.0;7.066;23.739;2.572;16.673
sub-19_raw.fif;motiv;hard;322;1.0;7.169;20.82;2.36;13.652
sub-19_raw.fif;motiv;hard;323;0.0;15.793;25.788;10.326;9.995
sub-19_raw.fif;motiv;hard;324;0.0;-2.59;-10.686;-8.316;-8.096
sub-19_raw.fif;motiv;hard;325;1.0;13.795;6.879;7.085;-6.916
sub-19_raw.fif;motiv;hard;326;1.0;7.574;9.522;2.869;1.948
sub-19_raw.fif;motiv;hard;327;1.0;9.788;13.274;7.779;3.486
sub-19_raw.fif;motiv;hard;328;1.0;5.291;18.68;0.66;13.389
sub-19_raw.fif;motiv;hard;329;0.0;24.737;16.942;16.139;-7.795
sub-19_raw.fif;motiv;hard;330;1.0;12.618;4.318;8.128;-8.299
sub-19_raw.fif;motiv;hard;331;1.0;-0.697;-4.621;-12.858;-3.925
sub-19_raw.fif;motiv;hard;332;1.0;5.329;11.728;3.512;6.399
sub-19_raw.fif;motiv;hard;333;1.0;4.14;16.929;-0.816;12.789
sub-19_raw.fif;motiv;hard;334;1.0;5.993;9.724;1.137;3.73
sub-20_raw.fif;amotiv;hard;0;0.0;8.854;24.293;5.779;15.439
sub-20_raw.fif;amotiv;hard;1;1.0;5.912;18.171;0.381;12.259
sub-20_raw.fif;amotiv;hard;2;1.0;-5.317;9.146;-9.39;14.463
sub-20_raw.fif;amotiv;hard;3;1.0;1.309;12.909;0.342;11.6
sub-20_raw.fif;amotiv;hard;4;1.0;13.681;14.303;8.619;0.622
sub-20_raw.fif;amotiv;hard;5;1.0;-2.473;8.027;-5.904;10.5
sub-20_raw.fif;amotiv;hard;6;0.0;11.71;11.023;7.182;-0.687
sub-20_raw.fif;amotiv;hard;7;1.0;0.883;-2.391;-6.218;-3.275
sub-20_raw.fif;amotiv;hard;8;1.0;1.862;3.121;-4.524;1.258
sub-20_raw.fif;amotiv;hard;9;1.0;5.15;8.706;2.638;3.556
sub-20_raw.fif;amotiv;hard;10;1.0;12.444;6.166;10.363;-6.278
sub-20_raw.fif;amotiv;hard;11;1.0;-0.969;0.84;-4.287;1.808
sub-20_raw.fif;amotiv;hard;12;1.0;12.669;9.337;6.42;-3.332
sub-20_raw.fif;amotiv;hard;13;1.0;-0.394;1.797;-5.803;2.192
sub-20_raw.fif;amotiv;hard;14;1.0;4.678;6.278;-1.931;1.6
sub-20_raw.fif;amotiv;hard;15;1.0;3.967;8.825;1.486;4.858
sub-20_raw.fif;amotiv;hard;16;0.0;-36.685;-30.206;-40.919;6.479
sub-20_raw.fif;amotiv;hard;17;1.0;6.66;17.626;3.846;10.966
sub-20_raw.fif;amotiv;hard;18;1.0;9.059;16.497;1.086;7.438
sub-20_raw.fif;amotiv;hard;19;1.0;5.206;6.932;3.708;1.726
sub-20_raw.fif;amotiv;hard;20;1.0;-1.349;11.469;-6.369;12.819
sub-20_raw.fif;amotiv;hard;21;1.0;9.57;15.316;6.537;5.746
sub-20_raw.fif;amotiv;hard;22;1.0;10.121;1.065;8.504;-9.056
sub-20_raw.fif;amotiv;hard;23;0.0;-18.766;-0.841;-22.396;17.925
sub-20_raw.fif;amotiv;hard;24;1.0;-6.662;4.584;-10.933;11.245
sub-20_raw.fif;amotiv;hard;25;1.0;4.323;14.581;-1.117;10.258
sub-20_raw.fif;amotiv;hard;26;0.0;7.832;17.769;5.728;9.937
sub-20_raw.fif;amotiv;hard;27;1.0;-10.171;0.562;-16.661;10.733
sub-20_raw.fif;amotiv;hard;28;1.0;-2.578;13.549;-4.886;16.128
sub-20_raw.fif;amotiv;hard;29;1.0;15.705;5.469;10.347;-10.236
sub-20_raw.fif;amotiv;easy;30;1.0;-10.472;2.932;-13.71;13.405
sub-20_raw.fif;amotiv;easy;31;1.0;-7.741;9.708;-9.985;17.449
sub-20_raw.fif;amotiv;easy;32;1.0;5.884;14.498;1.84;8.614
sub-20_raw.fif;amotiv;easy;33;1.0;5.069;8.074;2.674;3.005
sub-20_raw.fif;amotiv;easy;34;1.0;3.258;5.407;-4.514;2.149
sub-20_raw.fif;amotiv;easy;35;1.0;6.05;-2.097;3.891;-8.148
sub-20_raw.fif;amotiv;easy;36;1.0;3.204;-0.609;-2.577;-3.813
sub-20_raw.fif;amotiv;easy;37;1.0;-12.046;15.336;-15.356;27.382
sub-20_raw.fif;amotiv;easy;38;1.0;3.05;15.441;0.415;12.391
sub-20_raw.fif;amotiv;easy;39;1.0;-3.251;9.707;-5.491;12.958
sub-20_raw.fif;amotiv;easy;40;1.0;8.457;15.452;4.406;6.995
sub-20_raw.fif;amotiv;easy;41;1.0;11.419;3.883;7.441;-7.537
sub-20_raw.fif;amotiv;easy;42;1.0;-0.791;7.785;-5.03;8.576
sub-20_raw.fif;amotiv;easy;43;1.0;-4.18;5.612;-8.225;9.792
sub-20_raw.fif;amotiv;easy;44;1.0;7.445;10.434;5.107;2.989
sub-20_raw.fif;amotiv;easy;45;1.0;3.775;10.499;0.579;6.723
sub-20_raw.fif;amotiv;easy;46;1.0;14.645;10.048;8.735;-4.597
sub-20_raw.fif;amotiv;easy;47;1.0;6.476;13.288;3.247;6.813
sub-20_raw.fif;amotiv;easy;48;1.0;7.833;6.465;6.15;-1.368
sub-20_raw.fif;amotiv;easy;49;1.0;0.971;0.006;-2.412;-0.965
sub-20_raw.fif;amotiv;easy;50;0.0;14.612;21.016;12.792;6.404
sub-20_raw.fif;amotiv;easy;51;1.0;4.548;3.146;-0.501;-1.403
sub-20_raw.fif;amotiv;easy;52;1.0;0.105;15.098;-2.966;14.993
sub-20_raw.fif;amotiv;easy;53;1.0;1.303;-0.408;-2.835;-1.711
sub-20_raw.fif;amotiv;easy;54;1.0;2.263;-0.312;-3.928;-2.575
sub-20_raw.fif;amotiv;easy;55;1.0;-0.143;3.739;-6.618;3.882
sub-20_raw.fif;amotiv;easy;56;1.0;4.13;16.943;-0.588;12.813
sub-20_raw.fif;amotiv;easy;57;1.0;0.313;4.134;-5.228;3.821
sub-20_raw.fif;amotiv;easy;58;1.0;-1.525;9.17;-5.504;10.694
sub-20_raw.fif;amotiv;easy;59;1.0;6.862;2.3;4.643;-4.562
sub-20_raw.fif;motiv;hard;60;1.0;10.164;4.545;5.607;-5.618
sub-20_raw.fif;motiv;hard;61;0.0;-6.231;5.531;-9.661;11.762
sub-20_raw.fif;motiv;hard;62;1.0;-0.945;9.972;-7.173;10.917
sub-20_raw.fif;motiv;hard;63;1.0;8.761;2.432;3.67;-6.329
sub-20_raw.fif;motiv;hard;64;1.0;0.139;2.121;-3.275;1.982
sub-20_raw.fif;motiv;hard;65;0.0;-11.202;-6.469;-13.332;4.732
sub-20_raw.fif;motiv;hard;66;1.0;10.46;-2.707;1.885;-13.167
sub-20_raw.fif;motiv;hard;67;1.0;-0.943;14.714;-8.937;15.657
sub-20_raw.fif;motiv;hard;68;0.0;1.047;15.469;-2.066;14.423
sub-20_raw.fif;motiv;hard;69;0.0;-5.441;-1.795;-9.898;3.646
sub-20_raw.fif;motiv;hard;70;0.0;-15.432;6.403;-18.911;21.835
sub-20_raw.fif;motiv;hard;71;1.0;-0.447;-1.838;-3.993;-1.391
sub-20_raw.fif;motiv;hard;72;1.0;-10.657;4.918;-14.476;15.575
sub-20_raw.fif;motiv;hard;73;1.0;9.488;-1.656;6.868;-11.144
sub-20_raw.fif;motiv;hard;74;1.0;2.518;-2.137;-0.278;-4.655
sub-20_raw.fif;motiv;hard;75;0.0;-0.401;-0.829;-9.09;-0.427
sub-20_raw.fif;motiv;hard;76;0.0;-12.406;10.805;-16.372;23.211
sub-20_raw.fif;motiv;hard;77;1.0;1.796;9.744;-1.043;7.949
sub-20_raw.fif;motiv;hard;78;1.0;1.885;6.928;-3.118;5.044
sub-20_raw.fif;motiv;hard;79;1.0;1.212;0.441;-4.72;-0.771
sub-20_raw.fif;motiv;hard;80;1.0;9.355;7.502;5.112;-1.853
sub-20_raw.fif;motiv;hard;81;1.0;-8.077;6.104;-13.661;14.181
sub-20_raw.fif;motiv;hard;82;1.0;-8.686;7.013;-13.969;15.699
sub-20_raw.fif;motiv;hard;83;1.0;13.766;11.234;8.445;-2.532
sub-20_raw.fif;motiv;hard;84;0.0;-11.549;-0.839;-14.817;10.71
sub-20_raw.fif;motiv;hard;85;0.0;3.966;16.008;-0.234;12.042
sub-20_raw.fif;motiv;hard;86;1.0;-7.052;14.327;-10.732;21.379
sub-20_raw.fif;motiv;hard;87;1.0;-1.362;15.408;-7.131;16.77
sub-20_raw.fif;motiv;hard;88;0.0;1.438;-1.839;-5.564;-3.277
sub-20_raw.fif;motiv;hard;89;1.0;4.299;3.745;2.397;-0.554
sub-20_raw.fif;motiv;extr;90;0.0;14.668;19.043;9.305;4.376
sub-20_raw.fif;motiv;extr;91;0.0;-25.286;2.423;-29.495;27.709
sub-20_raw.fif;motiv;extr;92;0.0;26.745;15.008;24.536;-11.737
sub-20_raw.fif;motiv;extr;93;1.0;0.038;9.728;-7.28;9.69
sub-20_raw.fif;motiv;extr;94;1.0;-5.098;8.899;-8.792;13.997
sub-20_raw.fif;motiv;extr;95;0.0;-2.777;-1.631;-7.62;1.145
sub-20_raw.fif;motiv;extr;96;0.0;-8.063;3.927;-11.727;11.99
sub-20_raw.fif;motiv;extr;97;0.0;-3.911;0.392;-6.568;4.303
sub-20_raw.fif;motiv;extr;98;1.0;-3.461;8.926;-7.946;12.386
sub-20_raw.fif;motiv;extr;99;1.0;-6.793;-2.118;-11.283;4.675
sub-20_raw.fif;motiv;extr;100;1.0;-6.516;2.638;-10.71;9.154
sub-20_raw.fif;motiv;extr;101;1.0;0.352;4.05;-5.915;3.697
sub-20_raw.fif;motiv;extr;102;1.0;4.915;15.958;2.613;11.043
sub-20_raw.fif;motiv;extr;103;1.0;-0.605;0.298;-4.646;0.903
sub-20_raw.fif;motiv;extr;104;0.0;6.721;24.135;3.034;17.414
sub-20_raw.fif;motiv;extr;105;0.0;14.597;16.724;8.005;2.127
sub-20_raw.fif;motiv;extr;106;0.0;16.951;15.492;14.836;-1.459
sub-20_raw.fif;motiv;extr;107;1.0;-5.726;-0.652;-7.828;5.074
sub-20_raw.fif;motiv;extr;108;1.0;-0.163;3.651;-2.727;3.814
sub-20_raw.fif;motiv;extr;109;1.0;-1.58;6.956;-7.893;8.536
sub-20_raw.fif;motiv;extr;110;1.0;0.354;-7.015;-2.777;-7.369
sub-20_raw.fif;motiv;extr;111;1.0;4.766;7.268;-0.169;2.501
sub-20_raw.fif;motiv;extr;112;1.0;-11.279;9.933;-15.071;21.212
sub-20_raw.fif;motiv;extr;113;1.0;6.996;11.821;2.42;4.825
sub-20_raw.fif;motiv;extr;114;1.0;-9.562;8.294;-11.829;17.856
sub-20_raw.fif;motiv;extr;115;1.0;9.998;-3.946;8.202;-13.944
sub-20_raw.fif;motiv;extr;116;1.0;-0.473;15.344;-6.761;15.816
sub-20_raw.fif;motiv;extr;117;0.0;5.769;2.082;4.734;-3.687
sub-20_raw.fif;motiv;extr;118;0.0;14.568;14.704;9.236;0.136
sub-20_raw.fif;motiv;extr;119;1.0;2.843;-7.982;0.834;-10.826
sub-20_raw.fif;motiv;easy;120;0.0;7.753;20.73;4.484;12.977
sub-20_raw.fif;motiv;easy;121;1.0;-3.836;7.524;-8.67;11.36
sub-20_raw.fif;motiv;easy;122;1.0;-10.896;11.609;-14.776;22.504
sub-20_raw.fif;motiv;easy;123;1.0;10.685;13.167;2.853;2.482
sub-20_raw.fif;motiv;easy;124;1.0;8.259;10.346;3.356;2.087
sub-20_raw.fif;motiv;easy;125;1.0;2.629;18.016;-3.075;15.387
sub-20_raw.fif;motiv;easy;126;1.0;12.426;6.672;6.232;-5.754
sub-20_raw.fif;motiv;easy;127;1.0;-3.732;10.364;-7.097;14.096
sub-20_raw.fif;motiv;easy;128;1.0;-5.965;11.004;-11.921;16.969
sub-20_raw.fif;motiv;easy;129;0.0;7.939;12.479;5.927;4.54
sub-20_raw.fif;motiv;easy;130;0.0;12.203;17.443;7.639;5.24
sub-20_raw.fif;motiv;easy;131;1.0;-3.487;7.06;-7.475;10.548
sub-20_raw.fif;motiv;easy;132;1.0;7.544;14.511;3.2;6.967
sub-20_raw.fif;motiv;easy;133;1.0;-2.103;-0.687;-3.985;1.416
sub-20_raw.fif;motiv;easy;134;1.0;-0.732;16.001;-3.847;16.734
sub-20_raw.fif;motiv;easy;135;1.0;1.181;13.76;-3.157;12.579
sub-20_raw.fif;motiv;easy;136;1.0;1.705;-2.409;-2.089;-4.114
sub-20_raw.fif;motiv;easy;137;0.0;-4.355;21.447;-9.281;25.801
sub-20_raw.fif;motiv;easy;138;0.0;19.36;12.104;11.755;-7.257
sub-20_raw.fif;motiv;easy;139;0.0;-10.896;7.47;-13.784;18.367
sub-20_raw.fif;motiv;easy;140;1.0;-3.602;4.488;-5.087;8.09
sub-20_raw.fif;motiv;easy;141;1.0;-1.288;10.559;-4.091;11.847
sub-20_raw.fif;motiv;easy;142;1.0;-0.316;16.312;-2.835;16.628
sub-20_raw.fif;motiv;easy;143;1.0;8.682;5.665;2.147;-3.017
sub-20_raw.fif;motiv;easy;144;1.0;-0.718;10.782;-3.892;11.5
sub-20_raw.fif;motiv;easy;145;0.0;2.151;21.76;-0.352;19.609
sub-20_raw.fif;motiv;easy;146;1.0;2.855;-4.502;-4.793;-7.357
sub-20_raw.fif;motiv;easy;147;1.0;0.904;4.203;-2.111;3.299
sub-20_raw.fif;motiv;easy;148;1.0;7.523;12.271;5.171;4.748
sub-20_raw.fif;motiv;easy;149;1.0;8.01;4.602;4.186;-3.408
sub-20_raw.fif;amotiv;extr;150;1.0;2.674;9.141;-0.884;6.467
sub-20_raw.fif;amotiv;extr;151;1.0;-4.54;1.884;-8.856;6.424
sub-20_raw.fif;amotiv;extr;152;1.0;-2.783;13.445;-5.814;16.227
sub-20_raw.fif;amotiv;extr;153;1.0;8.678;2.404;-0.072;-6.274
sub-20_raw.fif;amotiv;extr;154;1.0;8.566;9.01;3.805;0.444
sub-20_raw.fif;amotiv;extr;155;0.0;16.013;16.082;8.708;0.069
sub-20_raw.fif;amotiv;extr;156;1.0;2.521;5.535;-2.7;3.014
sub-20_raw.fif;amotiv;extr;157;0.0;27.255;14.059;18.086;-13.196
sub-20_raw.fif;amotiv;extr;158;1.0;-1.747;9.543;-7.876;11.29
sub-20_raw.fif;amotiv;extr;159;1.0;-7.815;0.173;-10.166;7.988
sub-20_raw.fif;amotiv;extr;160;0.0;1.371;30.565;-2.09;29.194
sub-20_raw.fif;amotiv;extr;161;0.0;0.355;8.217;-2.275;7.862
sub-20_raw.fif;amotiv;extr;162;1.0;6.152;10.619;0.922;4.468
sub-20_raw.fif;amotiv;extr;163;1.0;2.053;13.158;-0.416;11.105
sub-20_raw.fif;amotiv;extr;164;0.0;1.581;4.816;-1.539;3.235
sub-20_raw.fif;amotiv;extr;165;1.0;2.173;6.516;0.93;4.343
sub-20_raw.fif;amotiv;extr;166;1.0;11.11;9.776;8.951;-1.335
sub-20_raw.fif;amotiv;extr;167;1.0;2.288;4.842;-1.301;2.554
sub-20_raw.fif;amotiv;extr;168;0.0;20.613;6.3;18.395;-14.313
sub-20_raw.fif;amotiv;extr;169;0.0;-11.805;-6.042;-15.555;5.763
sub-20_raw.fif;amotiv;extr;170;1.0;-6.016;-2.424;-9.73;3.591
sub-20_raw.fif;amotiv;extr;171;0.0;-6.448;-7.333;-10.781;-0.885
sub-20_raw.fif;amotiv;extr;172;0.0;-4.106;2.777;-10.16;6.884
sub-20_raw.fif;amotiv;extr;173;1.0;-9.423;7.945;-13.575;17.368
sub-20_raw.fif;amotiv;extr;174;1.0;-9.687;-1.517;-11.678;8.17
sub-20_raw.fif;amotiv;extr;175;1.0;3.114;10.704;-1.919;7.59
sub-20_raw.fif;amotiv;extr;176;1.0;5.837;-1.527;1.522;-7.364
sub-20_raw.fif;amotiv;extr;177;1.0;3.171;2.585;-3.824;-0.586
sub-20_raw.fif;amotiv;extr;178;1.0;-3.314;11.246;-7.021;14.561
sub-20_raw.fif;amotiv;extr;179;1.0;3.07;5.325;-5.714;2.255
sub-20_raw.fif;amotiv;hard;180;0.0;30.554;21.071;23.636;-9.483
sub-20_raw.fif;amotiv;hard;181;1.0;-0.317;13.392;-4.173;13.708
sub-20_raw.fif;amotiv;hard;182;1.0;-8.531;-0.084;-12.292;8.446
sub-20_raw.fif;amotiv;hard;183;0.0;-4.466;-6.307;-6.416;-1.841
sub-20_raw.fif;amotiv;hard;184;0.0;1.333;3.198;-1.277;1.865
sub-20_raw.fif;amotiv;hard;185;1.0;-0.984;16.839;-4.805;17.823
sub-20_raw.fif;amotiv;hard;186;1.0;-10.617;5.091;-17.739;15.707
sub-20_raw.fif;amotiv;hard;187;1.0;-11.231;6.037;-15.137;17.268
sub-20_raw.fif;amotiv;hard;188;0.0;-1.9;21.05;-6.692;22.95
sub-20_raw.fif;amotiv;hard;189;0.0;7.36;19.313;0.3;11.953
sub-20_raw.fif;amotiv;hard;190;1.0;-12.97;5.852;-17.201;18.822
sub-20_raw.fif;amotiv;hard;191;0.0;-11.173;5.95;-15.776;17.123
sub-20_raw.fif;amotiv;hard;192;1.0;-3.528;6.291;-8.746;9.819
sub-20_raw.fif;amotiv;hard;193;0.0;-6.724;-8.524;-9.728;-1.8
sub-20_raw.fif;amotiv;hard;194;1.0;-7.629;8.438;-10.213;16.067
sub-20_raw.fif;amotiv;hard;195;1.0;7.423;4.463;4.63;-2.96
sub-20_raw.fif;amotiv;hard;196;1.0;-4.836;5.526;-10.219;10.362
sub-20_raw.fif;amotiv;hard;197;0.0;-16.044;0.399;-18.073;16.443
sub-20_raw.fif;amotiv;hard;198;1.0;-1.517;-3.714;-3.825;-2.196
sub-20_raw.fif;amotiv;hard;199;0.0;7.833;19.149;5.372;11.316
sub-20_raw.fif;amotiv;hard;200;1.0;4.028;13.908;-1.308;9.88
sub-20_raw.fif;amotiv;hard;201;1.0;3.082;-4.124;0.896;-7.207
sub-20_raw.fif;amotiv;hard;202;0.0;-11.917;-3.229;-14.084;8.688
sub-20_raw.fif;amotiv;hard;203;1.0;3.06;9.865;2.064;6.805
sub-20_raw.fif;amotiv;hard;204;1.0;-4.647;-0.9;-7.547;3.747
sub-20_raw.fif;amotiv;hard;205;1.0;-3.461;-3.883;-8.275;-0.422
sub-20_raw.fif;amotiv;easy;206;0.0;-4.32;-4.973;-11.433;-0.653
sub-20_raw.fif;amotiv;easy;207;0.0;13.263;16.592;10.532;3.329
sub-20_raw.fif;amotiv;easy;208;1.0;13.521;10.212;11.049;-3.309
sub-20_raw.fif;amotiv;easy;209;1.0;6.863;8.933;3.948;2.071
sub-20_raw.fif;amotiv;easy;210;1.0;-5.515;7.696;-9.777;13.211
sub-20_raw.fif;amotiv;easy;211;1.0;3.838;11.182;2.303;7.344
sub-20_raw.fif;amotiv;easy;212;1.0;10.865;-1.66;7.844;-12.525
sub-20_raw.fif;amotiv;easy;213;1.0;4.79;2.66;0.074;-2.131
sub-20_raw.fif;amotiv;easy;214;1.0;-18.186;1.737;-23.943;19.923
sub-20_raw.fif;amotiv;easy;215;1.0;9.862;10.837;7.424;0.975
sub-20_raw.fif;amotiv;easy;216;0.0;-2.185;-0.395;-3.545;1.79
sub-20_raw.fif;amotiv;easy;217;1.0;1.826;9.832;-0.116;8.005
sub-20_raw.fif;amotiv;easy;218;1.0;-3.846;12.632;-6.635;16.477
sub-20_raw.fif;amotiv;easy;219;0.0;0.583;-0.181;-4.891;-0.763
sub-20_raw.fif;amotiv;easy;220;1.0;5.058;-2.297;3.225;-7.355
sub-20_raw.fif;amotiv;easy;221;1.0;-1.586;2.996;-8.454;4.582
sub-20_raw.fif;amotiv;easy;222;1.0;-3.625;7.952;-10.21;11.577
sub-20_raw.fif;amotiv;easy;223;1.0;2.212;10.618;-2.574;8.406
sub-20_raw.fif;amotiv;easy;224;1.0;0.31;3.69;-6.331;3.38
sub-20_raw.fif;amotiv;easy;225;1.0;-2.444;4.413;-8.696;6.857
sub-20_raw.fif;amotiv;easy;226;0.0;10.43;14.612;8.46;4.181
sub-20_raw.fif;amotiv;easy;227;0.0;-2.067;3.844;-5.066;5.911
sub-20_raw.fif;amotiv;easy;228;1.0;3.472;4.305;-0.847;0.834
sub-20_raw.fif;amotiv;easy;229;1.0;-8.786;1.777;-13.267;10.563
sub-20_raw.fif;amotiv;easy;230;1.0;-1.347;1.774;-8.571;3.121
sub-20_raw.fif;amotiv;easy;231;1.0;-8.978;-2.045;-18.737;6.933
sub-20_raw.fif;motiv;hard;232;1.0;9.732;0.201;3.333;-9.531
sub-20_raw.fif;motiv;hard;233;1.0;6.547;4.965;5.161;-1.582
sub-20_raw.fif;motiv;hard;234;1.0;-3.374;-6.965;-6.242;-3.591
sub-20_raw.fif;motiv;hard;235;1.0;-12.721;14.182;-17.352;26.903
sub-20_raw.fif;motiv;hard;236;0.0;-13.912;-3.279;-17.124;10.633
sub-20_raw.fif;motiv;hard;237;0.0;-22.049;-0.089;-28.755;21.96
sub-20_raw.fif;motiv;hard;238;0.0;-13.896;-3.603;-17.623;10.293
sub-20_raw.fif;motiv;hard;239;1.0;7.676;7.676;0.908;-0.001
sub-20_raw.fif;motiv;hard;240;0.0;-11.842;4.976;-15.167;16.818
sub-20_raw.fif;motiv;hard;241;1.0;0.792;3.979;-0.855;3.187
sub-20_raw.fif;motiv;hard;242;1.0;1.488;13.964;-0.824;12.476
sub-20_raw.fif;motiv;hard;243;1.0;-4.888;10.783;-7.112;15.671
sub-20_raw.fif;motiv;hard;244;0.0;-13.898;-3.998;-16.417;9.9
sub-20_raw.fif;motiv;hard;245;1.0;4.125;10.781;1.629;6.656
sub-20_raw.fif;motiv;hard;246;1.0;8.475;0.919;4.02;-7.556
sub-20_raw.fif;motiv;hard;247;1.0;9.512;14.926;6.241;5.414
sub-20_raw.fif;motiv;hard;248;1.0;-0.666;11.379;-2.543;12.045
sub-20_raw.fif;motiv;hard;249;1.0;4.644;3.79;-4.823;-0.854
sub-20_raw.fif;motiv;hard;250;1.0;-4.497;17.12;-9.674;21.617
sub-20_raw.fif;motiv;hard;251;1.0;-4.036;11.408;-10.07;15.443
sub-20_raw.fif;motiv;hard;252;1.0;7.904;10.248;-0.205;2.344
sub-20_raw.fif;motiv;hard;253;0.0;7.966;9.358;1.121;1.392
sub-20_raw.fif;motiv;hard;254;1.0;-6.611;-8.504;-10.3;-1.893
sub-20_raw.fif;motiv;hard;255;1.0;5.17;7.391;2.014;2.221
sub-20_raw.fif;motiv;hard;256;1.0;-3.753;1.441;-6.958;5.194
sub-20_raw.fif;motiv;hard;257;1.0;7.805;7.827;4.906;0.022
sub-20_raw.fif;motiv;extr;258;0.0;22.859;33.143;18.333;10.284
sub-20_raw.fif;motiv;extr;259;1.0;0.889;10.59;-0.245;9.701
sub-20_raw.fif;motiv;extr;260;0.0;3.934;2.072;-0.027;-1.863
sub-20_raw.fif;motiv;extr;261;1.0;-0.191;11.722;-2.39;11.913
sub-20_raw.fif;motiv;extr;262;1.0;13.011;7.47;3.995;-5.541
sub-20_raw.fif;motiv;extr;263;1.0;-12.1;4.104;-13.946;16.204
sub-20_raw.fif;motiv;extr;264;0.0;-2.192;-9.557;-7.705;-7.365
sub-20_raw.fif;motiv;extr;265;1.0;5.873;4.319;-2.361;-1.554
sub-20_raw.fif;motiv;extr;266;0.0;-4.566;-12.755;-7.646;-8.19
sub-20_raw.fif;motiv;extr;267;1.0;-1.093;8.397;-4.453;9.49
sub-20_raw.fif;motiv;extr;268;1.0;-16.856;-1.812;-19.78;15.044
sub-20_raw.fif;motiv;extr;269;1.0;0.191;5.379;-3.676;5.188
sub-20_raw.fif;motiv;extr;270;1.0;-8.488;1.439;-10.061;9.927
sub-20_raw.fif;motiv;extr;271;1.0;3.988;16.487;-2.353;12.5
sub-20_raw.fif;motiv;extr;272;1.0;2.791;5.285;1.04;2.493
sub-20_raw.fif;motiv;extr;273;1.0;14.788;6.162;10.723;-8.627
sub-20_raw.fif;motiv;extr;274;1.0;1.796;17.016;-0.909;15.22
sub-20_raw.fif;motiv;extr;275;1.0;-5.046;7.013;-10.731;12.059
sub-20_raw.fif;motiv;extr;276;0.0;-13.28;9.41;-17.892;22.69
sub-20_raw.fif;motiv;extr;277;1.0;-10.189;-2.586;-15.577;7.603
sub-20_raw.fif;motiv;extr;278;1.0;-1.01;3.534;-4.277;4.544
sub-20_raw.fif;motiv;extr;279;1.0;-1.24;13.52;-7.027;14.761
sub-20_raw.fif;motiv;extr;280;1.0;-2.059;-0.623;-4.672;1.436
sub-20_raw.fif;motiv;extr;281;1.0;0.762;8.047;-2.068;7.284
sub-20_raw.fif;motiv;extr;282;0.0;-0.505;-4.35;-3.476;-3.845
sub-20_raw.fif;motiv;extr;283;1.0;2.33;15.123;-0.395;12.793
sub-20_raw.fif;motiv;easy;284;0.0;8.883;5.42;3.429;-3.463
sub-20_raw.fif;motiv;easy;285;1.0;0.677;7.288;-6.093;6.611
sub-20_raw.fif;motiv;easy;286;1.0;-7.629;4.544;-10.703;12.173
sub-20_raw.fif;motiv;easy;287;1.0;1.343;3.578;-5.802;2.235
sub-20_raw.fif;motiv;easy;288;1.0;3.734;7.422;0.163;3.688
sub-20_raw.fif;motiv;easy;289;1.0;-5.684;2.507;-7.779;8.192
sub-20_raw.fif;motiv;easy;290;1.0;9.54;8.314;4.369;-1.226
sub-20_raw.fif;motiv;easy;291;1.0;-8.097;11.162;-10.273;19.259
sub-20_raw.fif;motiv;easy;292;1.0;-10.455;-0.191;-13.157;10.264
sub-20_raw.fif;motiv;easy;293;1.0;13.002;10.471;6.505;-2.531
sub-20_raw.fif;motiv;easy;294;0.0;6.529;18.942;2.33;12.412
sub-20_raw.fif;motiv;easy;295;1.0;-0.218;7.093;-3.63;7.311
sub-20_raw.fif;motiv;easy;296;1.0;6.373;11.189;1.529;4.816
sub-20_raw.fif;motiv;easy;297;1.0;11.241;14.878;3.796;3.636
sub-20_raw.fif;motiv;easy;298;1.0;-2.542;19.846;-7.335;22.389
sub-20_raw.fif;motiv;easy;299;1.0;1.185;3.199;-3.915;2.014
sub-20_raw.fif;motiv;easy;300;1.0;-0.752;23.006;-4.73;23.758
sub-20_raw.fif;motiv;easy;301;1.0;-6.458;4.323;-12.479;10.781
sub-20_raw.fif;motiv;easy;302;1.0;-5.743;-3.914;-7.868;1.828
sub-20_raw.fif;motiv;easy;303;0.0;-1.608;1.81;-8.384;3.419
sub-20_raw.fif;motiv;easy;304;1.0;3.101;5.529;-5.269;2.428
sub-20_raw.fif;motiv;easy;305;1.0;11.185;-0.526;5.868;-11.711
sub-20_raw.fif;motiv;easy;306;1.0;10.297;14.027;5.812;3.73
sub-20_raw.fif;motiv;easy;307;1.0;17.334;10.339;14.56;-6.996
sub-20_raw.fif;motiv;easy;308;0.0;8.446;-9.233;5.115;-17.679
sub-20_raw.fif;motiv;easy;309;1.0;8.855;15.827;5.56;6.972
sub-20_raw.fif;amotiv;extr;310;0.0;12.603;12.807;8.328;0.204
sub-20_raw.fif;amotiv;extr;311;0.0;11.588;22.812;7.497;11.224
sub-20_raw.fif;amotiv;extr;312;1.0;18.367;2.406;15.193;-15.96
sub-20_raw.fif;amotiv;extr;313;1.0;-4.408;8.534;-8.542;12.943
sub-20_raw.fif;amotiv;extr;314;0.0;-13.229;3.36;-15.084;16.588
sub-20_raw.fif;amotiv;extr;315;1.0;3.509;10.988;-2.172;7.48
sub-20_raw.fif;amotiv;extr;316;0.0;-15.25;0.486;-21.517;15.736
sub-20_raw.fif;amotiv;extr;317;0.0;6.303;12.252;1.08;5.95
sub-20_raw.fif;amotiv;extr;318;0.0;-5.653;8.291;-7.186;13.943
sub-20_raw.fif;amotiv;extr;319;1.0;10.343;8.505;2.496;-1.837
sub-20_raw.fif;amotiv;extr;320;1.0;1.959;13.636;0.045;11.676
sub-20_raw.fif;amotiv;extr;321;1.0;-2.337;7.919;-5.053;10.256
sub-20_raw.fif;amotiv;extr;322;1.0;-0.681;4.814;-1.343;5.496
sub-20_raw.fif;amotiv;extr;323;1.0;0.056;-0.525;-7.759;-0.581
sub-20_raw.fif;amotiv;extr;324;0.0;9.743;22.355;6.475;12.611
sub-20_raw.fif;amotiv;extr;325;1.0;3.438;1.267;-1.337;-2.171
sub-20_raw.fif;amotiv;extr;326;1.0;-5.242;4.001;-7.873;9.243
sub-20_raw.fif;amotiv;extr;327;0.0;6.004;18.597;1.332;12.594
sub-20_raw.fif;amotiv;extr;328;1.0;16.679;13.093;14.79;-3.585
sub-20_raw.fif;amotiv;extr;329;0.0;1.429;-0.868;-6.032;-2.296
sub-20_raw.fif;amotiv;extr;330;1.0;9.171;12.079;6.943;2.908
sub-20_raw.fif;amotiv;extr;331;1.0;11.585;4.331;4.961;-7.254
sub-20_raw.fif;amotiv;extr;332;0.0;-0.845;14.139;-3.341;14.984
sub-20_raw.fif;amotiv;extr;333;0.0;6.9;24.792;1.742;17.892
sub-20_raw.fif;amotiv;extr;334;1.0;-2.585;2.414;-6.265;4.999
sub-20_raw.fif;amotiv;extr;335;1.0;7.169;-0.841;5.017;-8.011
sub-21_raw.fif;amotiv;extr;0;0.0;7.607;2.849;-3.348;-4.757
sub-21_raw.fif;amotiv;extr;1;0.0;-9.971;-9.382;-13.872;0.589
sub-21_raw.fif;amotiv;extr;2;0.0;-54.63;-35.848;-58.443;18.782
sub-21_raw.fif;amotiv;extr;3;1.0;-3.623;-0.271;-10.531;3.352
sub-21_raw.fif;amotiv;extr;4;1.0;-0.307;5.088;-5.937;5.394
sub-21_raw.fif;amotiv;extr;5;1.0;-7.121;-8.525;-9.951;-1.404
sub-21_raw.fif;amotiv;extr;6;1.0;-2.051;0.872;-7.762;2.923
sub-21_raw.fif;amotiv;extr;7;1.0;9.641;3.951;1.557;-5.69
sub-21_raw.fif;amotiv;extr;8;1.0;1.471;-10.521;-1.608;-11.993
sub-21_raw.fif;amotiv;extr;9;1.0;5.261;3.81;3.439;-1.451
sub-21_raw.fif;amotiv;extr;10;1.0;6.406;-2.956;3.234;-9.362
sub-21_raw.fif;amotiv;extr;11;1.0;3.7;10.352;-1.148;6.652
sub-21_raw.fif;amotiv;extr;12;1.0;-12.449;3.604;-15.467;16.053
sub-21_raw.fif;amotiv;extr;13;0.0;-0.398;12.464;-4.702;12.862
sub-21_raw.fif;amotiv;extr;14;1.0;3.12;8.99;0.687;5.869
sub-21_raw.fif;amotiv;extr;15;1.0;4.74;-3.388;2.763;-8.128
sub-21_raw.fif;amotiv;extr;16;1.0;4.061;6.508;0.263;2.446
sub-21_raw.fif;amotiv;extr;17;1.0;6.696;-9.082;3.724;-15.778
sub-21_raw.fif;amotiv;extr;18;1.0;-4.17;-6.805;-7.64;-2.635
sub-21_raw.fif;amotiv;extr;19;1.0;-12.251;3.466;-13.848;15.717
sub-21_raw.fif;amotiv;extr;20;1.0;-0.54;-4.129;-6.016;-3.589
sub-21_raw.fif;amotiv;extr;21;1.0;1.429;6.272;-2.4;4.844
sub-21_raw.fif;amotiv;extr;22;1.0;4.445;-2.339;1.321;-6.784
sub-21_raw.fif;amotiv;extr;23;1.0;8.334;-1.614;5.027;-9.948
sub-21_raw.fif;amotiv;extr;24;1.0;-8.918;-12.236;-13.341;-3.317
sub-21_raw.fif;amotiv;extr;25;1.0;-14.298;-2.05;-20.914;12.248
sub-21_raw.fif;motiv;extr;26;0.0;-6.345;-17.262;-9.09;-10.917
sub-21_raw.fif;motiv;extr;27;1.0;11.57;0.846;7.767;-10.725
sub-21_raw.fif;motiv;extr;28;1.0;9.756;-2.133;5.955;-11.889
sub-21_raw.fif;motiv;extr;29;1.0;6.748;-2.694;5.364;-9.442
sub-21_raw.fif;motiv;extr;30;1.0;-7.86;16.63;-14.836;24.49
sub-21_raw.fif;motiv;extr;31;1.0;-11.65;9.567;-15.769;21.217
sub-21_raw.fif;motiv;extr;32;0.0;-27.076;-42.539;-30.082;-15.462
sub-21_raw.fif;motiv;extr;33;1.0;7.089;-0.431;5.55;-7.52
sub-21_raw.fif;motiv;extr;34;1.0;-2.575;-4.577;-11.794;-2.001
sub-21_raw.fif;motiv;extr;35;1.0;4.048;-2.111;0.661;-6.159
sub-21_raw.fif;motiv;extr;36;1.0;8.413;7.307;7.038;-1.107
sub-21_raw.fif;motiv;extr;37;1.0;-4.432;-5.948;-12.261;-1.516
sub-21_raw.fif;motiv;extr;38;1.0;9.682;4.04;1.682;-5.642
sub-21_raw.fif;motiv;extr;39;1.0;-2.064;3.24;-5.906;5.303
sub-21_raw.fif;motiv;extr;40;0.0;-4.966;-11.113;-9.154;-6.147
sub-21_raw.fif;motiv;extr;41;0.0;-10.059;-9.728;-14.319;0.331
sub-21_raw.fif;motiv;extr;42;0.0;-12.223;-1.469;-14.854;10.753
sub-21_raw.fif;motiv;extr;43;1.0;-0.467;1.321;-3.109;1.788
sub-21_raw.fif;motiv;extr;44;1.0;-15.011;1.639;-19.2;16.65
sub-21_raw.fif;motiv;extr;45;1.0;-3.831;-3.19;-5.455;0.641
sub-21_raw.fif;motiv;extr;46;1.0;4.97;-2.459;2.308;-7.429
sub-21_raw.fif;motiv;extr;47;0.0;-7.269;-3.719;-11.327;3.549
sub-21_raw.fif;motiv;extr;48;1.0;-3.904;4.165;-7.928;8.069
sub-21_raw.fif;motiv;extr;49;1.0;-12.215;-4.736;-16.562;7.479
sub-21_raw.fif;motiv;extr;50;1.0;2.69;-3.639;-3.713;-6.329
sub-21_raw.fif;motiv;extr;51;1.0;5.018;-0.438;1.564;-5.456
sub-21_raw.fif;amotiv;easy;52;1.0;-13.435;3.487;-17.5;16.922
sub-21_raw.fif;amotiv;easy;53;1.0;1.615;8.001;0.858;6.386
sub-21_raw.fif;amotiv;easy;54;1.0;0.688;-7.269;-5.302;-7.956
sub-21_raw.fif;amotiv;easy;55;1.0;4.656;1.949;3.221;-2.706
sub-21_raw.fif;amotiv;easy;56;0.0;-9.278;-8.861;-15.701;0.417
sub-21_raw.fif;amotiv;easy;57;0.0;13.803;8.317;7.527;-5.486
sub-21_raw.fif;amotiv;easy;58;1.0;2.791;-3.476;0.202;-6.267
sub-21_raw.fif;amotiv;easy;59;1.0;-11.6;3.28;-14.481;14.879
sub-21_raw.fif;amotiv;easy;60;1.0;11.094;-4.628;7.737;-15.722
sub-21_raw.fif;amotiv;easy;61;1.0;-6.747;-6.464;-11.112;0.283
sub-21_raw.fif;amotiv;easy;62;1.0;8.859;5.081;6.237;-3.779
sub-21_raw.fif;amotiv;easy;63;1.0;10.697;-1.647;8.316;-12.344
sub-21_raw.fif;amotiv;easy;64;1.0;1.898;7.419;-5.334;5.521
sub-21_raw.fif;amotiv;easy;65;1.0;7.011;6.282;5.244;-0.728
sub-21_raw.fif;amotiv;easy;66;1.0;-2.048;5.334;-6.583;7.382
sub-21_raw.fif;amotiv;easy;67;1.0;1.186;11.235;-3.541;10.049
sub-21_raw.fif;amotiv;easy;68;1.0;-7.44;-3.357;-14.92;4.083
sub-21_raw.fif;amotiv;easy;69;1.0;0.333;-3.02;-3.519;-3.353
sub-21_raw.fif;amotiv;easy;70;1.0;8.224;0.248;3.76;-7.976
sub-21_raw.fif;amotiv;easy;71;1.0;8.092;-1.047;3.791;-9.139
sub-21_raw.fif;amotiv;easy;72;1.0;4.487;8.192;1.371;3.705
sub-21_raw.fif;amotiv;easy;73;1.0;-13.428;1.507;-15.952;14.935
sub-21_raw.fif;amotiv;easy;74;1.0;-7.398;-6.567;-14.926;0.831
sub-21_raw.fif;amotiv;easy;75;0.0;5.703;10.614;1.498;4.91
sub-21_raw.fif;amotiv;easy;76;1.0;7.44;8.608;5.793;1.168
sub-21_raw.fif;amotiv;easy;77;1.0;-0.36;-8.36;-6.325;-8.0
sub-21_raw.fif;amotiv;hard;78;1.0;-0.068;9.487;-1.757;9.555
sub-21_raw.fif;amotiv;hard;79;1.0;9.28;7.829;2.842;-1.451
sub-21_raw.fif;amotiv;hard;80;1.0;-10.48;5.123;-19.378;15.604
sub-21_raw.fif;amotiv;hard;81;1.0;1.6;-1.643;-1.602;-3.242
sub-21_raw.fif;amotiv;hard;82;0.0;11.94;26.878;6.515;14.937
sub-21_raw.fif;amotiv;hard;83;1.0;-5.261;0.76;-8.739;6.022
sub-21_raw.fif;amotiv;hard;84;1.0;1.108;4.37;-3.859;3.262
sub-21_raw.fif;amotiv;hard;85;1.0;1.414;-13.192;-5.602;-14.606
sub-21_raw.fif;amotiv;hard;86;1.0;3.531;-4.496;1.593;-8.027
sub-21_raw.fif;amotiv;hard;87;0.0;5.462;3.436;1.305;-2.026
sub-21_raw.fif;amotiv;hard;88;1.0;-0.48;6.443;-5.61;6.923
sub-21_raw.fif;amotiv;hard;89;0.0;-7.07;-2.636;-8.22;4.434
sub-21_raw.fif;amotiv;hard;90;1.0;7.723;-1.732;5.572;-9.456
sub-21_raw.fif;amotiv;hard;91;1.0;3.465;0.731;2.117;-2.735
sub-21_raw.fif;amotiv;hard;92;0.0;12.355;6.654;8.688;-5.702
sub-21_raw.fif;amotiv;hard;93;1.0;5.872;-3.145;0.812;-9.018
sub-21_raw.fif;amotiv;hard;94;1.0;-3.802;5.693;-5.676;9.495
sub-21_raw.fif;amotiv;hard;95;1.0;11.231;-1.59;4.89;-12.821
sub-21_raw.fif;amotiv;hard;96;1.0;4.342;3.615;0.579;-0.727
sub-21_raw.fif;amotiv;hard;97;1.0;-8.002;-8.41;-15.937;-0.409
sub-21_raw.fif;amotiv;hard;98;0.0;-19.555;-6.838;-21.859;12.717
sub-21_raw.fif;amotiv;hard;99;0.0;11.194;11.108;5.574;-0.086
sub-21_raw.fif;amotiv;hard;100;1.0;-3.956;2.605;-5.309;6.562
sub-21_raw.fif;amotiv;hard;101;0.0;-14.144;-0.446;-17.772;13.698
sub-21_raw.fif;amotiv;hard;102;1.0;-3.933;3.326;-7.054;7.259
sub-21_raw.fif;amotiv;hard;103;1.0;-8.356;4.929;-14.939;13.285
sub-21_raw.fif;motiv;easy;104;1.0;-2.932;-3.553;-4.726;-0.621
sub-21_raw.fif;motiv;easy;105;0.0;3.452;7.428;-0.532;3.977
sub-21_raw.fif;motiv;easy;106;0.0;17.2;16.754;13.177;-0.446
sub-21_raw.fif;motiv;easy;107;1.0;14.125;3.719;8.42;-10.405
sub-21_raw.fif;motiv;easy;108;1.0;6.687;2.259;1.746;-4.428
sub-21_raw.fif;motiv;easy;109;0.0;-8.573;-6.299;-10.135;2.274
sub-21_raw.fif;motiv;easy;110;1.0;-0.258;0.797;-1.974;1.056
sub-21_raw.fif;motiv;easy;111;1.0;-7.555;-1.517;-15.92;6.038
sub-21_raw.fif;motiv;easy;112;1.0;0.25;9.695;-2.465;9.445
sub-21_raw.fif;motiv;easy;113;1.0;-1.709;2.557;-4.884;4.267
sub-21_raw.fif;motiv;easy;114;1.0;1.375;6.438;-1.72;5.063
sub-21_raw.fif;motiv;easy;115;0.0;17.262;4.155;14.981;-13.107
sub-21_raw.fif;motiv;easy;116;1.0;-2.837;-0.937;-6.596;1.9
sub-21_raw.fif;motiv;easy;117;1.0;0.655;-4.785;-6.966;-5.44
sub-21_raw.fif;motiv;easy;118;0.0;-16.651;-5.692;-22.674;10.959
sub-21_raw.fif;motiv;easy;119;1.0;-0.395;-8.345;-5.265;-7.95
sub-21_raw.fif;motiv;easy;120;1.0;12.261;0.983;6.461;-11.278
sub-21_raw.fif;motiv;easy;121;1.0;7.927;0.724;1.906;-7.202
sub-21_raw.fif;motiv;easy;122;1.0;-6.996;-0.341;-9.705;6.655
sub-21_raw.fif;motiv;easy;123;1.0;8.263;8.502;4.913;0.239
sub-21_raw.fif;motiv;easy;124;1.0;1.9;-0.823;-1.13;-2.723
sub-21_raw.fif;motiv;easy;125;0.0;-21.181;-17.584;-25.158;3.597
sub-21_raw.fif;motiv;easy;126;1.0;-2.776;-0.729;-10.268;2.047
sub-21_raw.fif;motiv;easy;127;0.0;20.271;10.282;13.469;-9.989
sub-21_raw.fif;motiv;easy;128;1.0;-1.707;-3.428;-3.597;-1.721
sub-21_raw.fif;motiv;easy;129;1.0;3.566;3.177;-3.202;-0.39
sub-21_raw.fif;motiv;hard;130;1.0;8.291;-3.247;4.023;-11.538
sub-21_raw.fif;motiv;hard;131;1.0;3.619;1.185;1.718;-2.434
sub-21_raw.fif;motiv;hard;132;0.0;0.907;17.044;-2.89;16.137
sub-21_raw.fif;motiv;hard;133;1.0;-3.057;-0.778;-6.931;2.279
sub-21_raw.fif;motiv;hard;134;1.0;-2.318;6.123;-7.285;8.441
sub-21_raw.fif;motiv;hard;135;0.0;11.403;14.815;6.295;3.412
sub-21_raw.fif;motiv;hard;136;1.0;-1.491;-0.721;-5.834;0.769
sub-21_raw.fif;motiv;hard;137;0.0;-7.811;-12.585;-14.301;-4.774
sub-21_raw.fif;motiv;hard;138;1.0;0.404;-6.412;-5.385;-6.816
sub-21_raw.fif;motiv;hard;139;1.0;-8.09;2.519;-9.114;10.609
sub-21_raw.fif;motiv;hard;140;0.0;-2.837;13.945;-8.854;16.782
sub-21_raw.fif;motiv;hard;141;1.0;-0.147;5.971;-2.849;6.119
sub-21_raw.fif;motiv;hard;142;1.0;-11.237;-3.372;-14.703;7.865
sub-21_raw.fif;motiv;hard;143;1.0;-1.913;-1.877;-5.527;0.036
sub-21_raw.fif;motiv;hard;144;1.0;-9.199;0.383;-13.381;9.582
sub-21_raw.fif;motiv;hard;145;0.0;-15.675;-15.981;-21.453;-0.306
sub-21_raw.fif;motiv;hard;146;1.0;-14.056;-0.499;-15.58;13.557
sub-21_raw.fif;motiv;hard;147;0.0;-10.3;-5.73;-17.905;4.57
sub-21_raw.fif;motiv;hard;148;1.0;2.017;-4.507;-0.585;-6.524
sub-21_raw.fif;motiv;hard;149;1.0;-6.939;-3.914;-9.494;3.025
sub-21_raw.fif;motiv;hard;150;1.0;-4.439;10.83;-5.854;15.269
sub-21_raw.fif;motiv;hard;151;0.0;-2.341;-9.9;-6.762;-7.559
sub-21_raw.fif;motiv;hard;152;1.0;9.643;-0.758;3.555;-10.401
sub-21_raw.fif;motiv;hard;153;1.0;-5.59;-2.064;-7.469;3.526
sub-21_raw.fif;motiv;hard;154;0.0;-4.511;-9.329;-8.617;-4.818
sub-21_raw.fif;motiv;hard;155;1.0;0.083;9.853;-5.683;9.77
sub-21_raw.fif;amotiv;extr;156;1.0;-10.407;-2.698;-15.147;7.709
sub-21_raw.fif;amotiv;extr;157;1.0;1.285;-5.859;-6.922;-7.144
sub-21_raw.fif;amotiv;extr;158;1.0;1.53;1.242;-1.231;-0.288
sub-21_raw.fif;amotiv;extr;159;1.0;-5.86;-4.352;-9.773;1.509
sub-21_raw.fif;amotiv;extr;160;1.0;-3.549;-0.182;-7.075;3.366
sub-21_raw.fif;amotiv;extr;161;0.0;-10.038;-12.422;-13.726;-2.384
sub-21_raw.fif;amotiv;extr;162;0.0;1.752;-14.705;-1.762;-16.457
sub-21_raw.fif;amotiv;extr;163;1.0;4.413;2.084;0.071;-2.328
sub-21_raw.fif;amotiv;extr;164;1.0;-3.356;10.007;-6.093;13.363
sub-21_raw.fif;amotiv;extr;165;1.0;-0.627;4.201;-4.729;4.828
sub-21_raw.fif;amotiv;extr;166;0.0;-0.351;-1.056;-4.509;-0.705
sub-21_raw.fif;amotiv;extr;167;0.0;-46.911;-11.814;-50.413;35.097
sub-21_raw.fif;amotiv;extr;168;1.0;4.841;-2.699;-2.269;-7.54
sub-21_raw.fif;amotiv;extr;169;1.0;2.902;2.543;1.116;-0.359
sub-21_raw.fif;amotiv;extr;170;1.0;-1.56;-0.431;-8.482;1.129
sub-21_raw.fif;amotiv;extr;171;1.0;1.584;-5.0;-2.79;-6.584
sub-21_raw.fif;amotiv;extr;172;1.0;-9.304;6.112;-12.807;15.416
sub-21_raw.fif;amotiv;extr;173;1.0;2.063;-4.58;-6.61;-6.642
sub-21_raw.fif;amotiv;extr;174;1.0;-0.28;-2.365;-0.922;-2.085
sub-21_raw.fif;amotiv;extr;175;1.0;-10.135;2.409;-12.494;12.544
sub-21_raw.fif;amotiv;extr;176;1.0;-11.313;-5.241;-19.155;6.071
sub-21_raw.fif;amotiv;extr;177;1.0;8.881;1.806;5.791;-7.075
sub-21_raw.fif;amotiv;extr;178;1.0;13.106;6.427;10.009;-6.679
sub-21_raw.fif;amotiv;extr;179;0.0;11.458;7.43;7.165;-4.028
sub-21_raw.fif;amotiv;extr;180;1.0;5.356;3.756;0.088;-1.6
sub-21_raw.fif;amotiv;extr;181;1.0;3.068;-3.697;-9.712;-6.765
sub-21_raw.fif;amotiv;extr;182;1.0;-2.795;8.768;-5.394;11.563
sub-21_raw.fif;amotiv;extr;183;1.0;1.558;-2.121;-4.573;-3.679
sub-21_raw.fif;amotiv;extr;184;1.0;6.362;-10.783;-2.774;-17.145
sub-21_raw.fif;amotiv;extr;185;1.0;-1.32;1.634;-6.858;2.954
sub-21_raw.fif;motiv;extr;186;1.0;-0.553;-9.196;-3.593;-8.642
sub-21_raw.fif;motiv;extr;187;0.0;12.616;5.671;10.426;-6.945
sub-21_raw.fif;motiv;extr;188;1.0;-0.339;11.286;-8.369;11.624
sub-21_raw.fif;motiv;extr;189;1.0;0.33;-1.5;-3.335;-1.831
sub-21_raw.fif;motiv;extr;190;1.0;-4.038;-7.147;-7.008;-3.109
sub-21_raw.fif;motiv;extr;191;1.0;9.551;1.402;5.636;-8.149
sub-21_raw.fif;motiv;extr;192;1.0;5.864;8.644;2.703;2.78
sub-21_raw.fif;motiv;extr;193;1.0;1.354;9.538;-7.024;8.184
sub-21_raw.fif;motiv;extr;194;1.0;4.704;-4.548;1.608;-9.253
sub-21_raw.fif;motiv;extr;195;1.0;7.496;-3.229;2.648;-10.725
sub-21_raw.fif;motiv;extr;196;1.0;5.912;-3.395;3.3;-9.307
sub-21_raw.fif;motiv;extr;197;1.0;-6.669;2.254;-11.796;8.923
sub-21_raw.fif;motiv;extr;198;0.0;0.446;5.87;-1.368;5.424
sub-21_raw.fif;motiv;extr;199;1.0;3.103;-2.404;-0.654;-5.507
sub-21_raw.fif;motiv;extr;200;1.0;7.989;10.067;1.047;2.079
sub-21_raw.fif;motiv;extr;201;1.0;5.583;1.932;-0.392;-3.65
sub-21_raw.fif;motiv;extr;202;1.0;-6.151;3.951;-9.828;10.102
sub-21_raw.fif;motiv;extr;203;1.0;-0.567;1.631;-4.682;2.198
sub-21_raw.fif;motiv;extr;204;1.0;1.545;4.411;-0.023;2.866
sub-21_raw.fif;motiv;extr;205;1.0;3.453;3.165;-0.422;-0.288
sub-21_raw.fif;motiv;extr;206;1.0;1.878;-5.426;-3.958;-7.305
sub-21_raw.fif;motiv;extr;207;1.0;0.31;10.006;-2.709;9.696
sub-21_raw.fif;motiv;extr;208;0.0;0.16;-10.237;-2.152;-10.397
sub-21_raw.fif;motiv;extr;209;1.0;12.149;4.544;2.737;-7.604
sub-21_raw.fif;motiv;extr;210;1.0;-7.95;-3.421;-13.585;4.529
sub-21_raw.fif;motiv;extr;211;1.0;2.53;4.402;-0.526;1.872
sub-21_raw.fif;motiv;extr;212;1.0;4.174;0.337;-0.701;-3.837
sub-21_raw.fif;motiv;extr;213;1.0;-4.786;6.585;-9.225;11.371
sub-21_raw.fif;motiv;extr;214;1.0;12.677;-0.502;9.043;-13.18
sub-21_raw.fif;motiv;extr;215;1.0;-13.03;1.874;-17.386;14.904
sub-21_raw.fif;amotiv;easy;216;1.0;-5.936;-13.237;-11.83;-7.3
sub-21_raw.fif;amotiv;easy;217;1.0;6.078;-4.014;-0.855;-10.093
sub-21_raw.fif;amotiv;easy;218;1.0;1.971;1.669;-3.265;-0.302
sub-21_raw.fif;amotiv;easy;219;1.0;12.684;3.491;7.672;-9.193
sub-21_raw.fif;amotiv;easy;220;0.0;15.647;9.047;13.826;-6.601
sub-21_raw.fif;amotiv;easy;221;1.0;1.328;-0.156;-1.579;-1.484
sub-21_raw.fif;amotiv;easy;222;1.0;-3.752;5.514;-4.559;9.266
sub-21_raw.fif;amotiv;easy;223;1.0;9.081;5.26;4.329;-3.821
sub-21_raw.fif;amotiv;easy;224;1.0;5.373;-0.022;4.338;-5.395
sub-21_raw.fif;amotiv;easy;225;0.0;-9.65;-10.033;-15.42;-0.383
sub-21_raw.fif;amotiv;easy;226;1.0;2.016;7.336;-2.478;5.321
sub-21_raw.fif;amotiv;easy;227;0.0;-10.762;-9.311;-12.61;1.451
sub-21_raw.fif;amotiv;easy;228;1.0;-7.008;5.104;-10.258;12.112
sub-21_raw.fif;amotiv;easy;229;1.0;-7.045;-2.16;-11.556;4.885
sub-21_raw.fif;amotiv;easy;230;1.0;6.881;-7.21;3.608;-14.092
sub-21_raw.fif;amotiv;easy;231;1.0;6.329;2.0;0.492;-4.329
sub-21_raw.fif;amotiv;easy;232;1.0;-0.4;11.267;-6.799;11.667
sub-21_raw.fif;amotiv;easy;233;1.0;-5.322;-7.082;-7.962;-1.76
sub-21_raw.fif;amotiv;easy;234;0.0;13.625;5.56;11.354;-8.065
sub-21_raw.fif;amotiv;easy;235;0.0;-7.57;-6.559;-10.682;1.011
sub-21_raw.fif;amotiv;easy;236;1.0;13.76;6.266;7.987;-7.494
sub-21_raw.fif;amotiv;easy;237;1.0;-2.22;4.963;-9.334;7.183
sub-21_raw.fif;amotiv;easy;238;1.0;-1.714;-3.149;-5.09;-1.435
sub-21_raw.fif;amotiv;easy;239;0.0;3.913;18.087;-1.904;14.173
sub-21_raw.fif;amotiv;easy;240;1.0;-7.387;1.457;-12.888;8.844
sub-21_raw.fif;amotiv;easy;241;1.0;-1.517;6.13;-4.138;7.647
sub-21_raw.fif;amotiv;easy;242;1.0;1.007;9.687;-1.125;8.68
sub-21_raw.fif;amotiv;easy;243;1.0;1.164;-0.239;-2.811;-1.403
sub-21_raw.fif;amotiv;easy;244;1.0;6.785;1.188;1.799;-5.596
sub-21_raw.fif;amotiv;easy;245;1.0;5.672;5.214;3.457;-0.458
sub-21_raw.fif;amotiv;hard;246;0.0;18.545;33.99;14.4;15.445
sub-21_raw.fif;amotiv;hard;247;1.0;0.286;-0.191;-6.284;-0.478
sub-21_raw.fif;amotiv;hard;248;1.0;8.722;6.879;-0.675;-1.843
sub-21_raw.fif;amotiv;hard;249;1.0;9.311;7.46;6.995;-1.85
sub-21_raw.fif;amotiv;hard;250;1.0;3.755;2.572;-0.007;-1.183
sub-21_raw.fif;amotiv;hard;251;1.0;2.244;3.628;-1.43;1.384
sub-21_raw.fif;amotiv;hard;252;1.0;-1.344;-1.168;-4.706;0.176
sub-21_raw.fif;amotiv;hard;253;1.0;-0.187;16.258;-5.754;16.445
sub-21_raw.fif;amotiv;hard;254;1.0;-5.616;4.977;-7.404;10.593
sub-21_raw.fif;amotiv;hard;255;1.0;8.485;-1.252;2.36;-9.737
sub-21_raw.fif;amotiv;hard;256;1.0;10.865;8.378;8.761;-2.487
sub-21_raw.fif;amotiv;hard;257;1.0;-0.214;1.482;-4.445;1.697
sub-21_raw.fif;amotiv;hard;258;1.0;8.903;0.618;6.915;-8.286
sub-21_raw.fif;amotiv;hard;259;1.0;-7.201;-4.82;-9.735;2.381
sub-21_raw.fif;amotiv;hard;260;1.0;4.091;1.39;0.732;-2.701
sub-21_raw.fif;amotiv;hard;261;1.0;10.382;7.131;7.506;-3.25
sub-21_raw.fif;amotiv;hard;262;0.0;18.847;4.309;12.666;-14.537
sub-21_raw.fif;amotiv;hard;263;0.0;11.133;12.953;7.799;1.821
sub-21_raw.fif;amotiv;hard;264;1.0;3.155;-3.685;-0.543;-6.84
sub-21_raw.fif;amotiv;hard;265;1.0;8.273;-5.492;2.07;-13.765
sub-21_raw.fif;amotiv;hard;266;1.0;0.498;-3.302;-1.709;-3.8
sub-21_raw.fif;amotiv;hard;267;1.0;7.712;-0.606;4.728;-8.318
sub-21_raw.fif;amotiv;hard;268;1.0;-0.56;8.94;-5.225;9.501
sub-21_raw.fif;amotiv;hard;269;0.0;18.972;9.44;13.091;-9.532
sub-21_raw.fif;amotiv;hard;270;1.0;-0.501;-4.193;-9.768;-3.692
sub-21_raw.fif;amotiv;hard;271;1.0;-9.225;-3.702;-12.295;5.524
sub-21_raw.fif;amotiv;hard;272;1.0;-6.033;4.848;-11.107;10.881
sub-21_raw.fif;amotiv;hard;273;0.0;-50.018;-27.329;-66.899;22.689
sub-21_raw.fif;amotiv;hard;274;1.0;2.688;-0.674;0.807;-3.362
sub-21_raw.fif;amotiv;hard;275;0.0;-6.719;-7.496;-13.047;-0.777
sub-21_raw.fif;motiv;easy;276;1.0;-1.469;1.034;-6.697;2.503
sub-21_raw.fif;motiv;easy;277;0.0;-13.355;-9.503;-16.266;3.852
sub-21_raw.fif;motiv;easy;278;0.0;-13.537;-8.506;-20.756;5.031
sub-21_raw.fif;motiv;easy;279;0.0;6.155;7.254;-2.726;1.098
sub-21_raw.fif;motiv;easy;280;1.0;-13.973;7.14;-23.116;21.113
sub-21_raw.fif;motiv;easy;281;1.0;9.013;3.054;3.001;-5.958
sub-21_raw.fif;motiv;easy;282;1.0;-0.679;4.07;-2.28;4.749
sub-21_raw.fif;motiv;easy;283;1.0;0.109;-3.594;-4.284;-3.703
sub-21_raw.fif;motiv;easy;284;0.0;10.762;5.224;6.679;-5.538
sub-21_raw.fif;motiv;easy;285;1.0;-0.352;0.561;-1.956;0.914
sub-21_raw.fif;motiv;easy;286;1.0;-0.853;7.424;-3.574;8.277
sub-21_raw.fif;motiv;easy;287;1.0;-15.364;0.7;-18.364;16.064
sub-21_raw.fif;motiv;easy;288;1.0;1.246;-6.053;-1.228;-7.3
sub-21_raw.fif;motiv;easy;289;1.0;7.688;-1.769;2.237;-9.457
sub-21_raw.fif;motiv;easy;290;1.0;-1.458;-8.916;-7.966;-7.458
sub-21_raw.fif;motiv;easy;291;0.0;-15.344;-9.437;-21.07;5.906
sub-21_raw.fif;motiv;easy;292;1.0;11.074;4.795;2.462;-6.279
sub-21_raw.fif;motiv;easy;293;1.0;3.01;3.361;0.861;0.351
sub-21_raw.fif;motiv;easy;294;0.0;11.358;8.934;6.015;-2.424
sub-21_raw.fif;motiv;easy;295;1.0;3.707;0.104;-1.992;-3.603
sub-21_raw.fif;motiv;easy;296;0.0;-10.959;2.707;-13.126;13.666
sub-21_raw.fif;motiv;easy;297;1.0;1.219;3.132;-0.897;1.913
sub-21_raw.fif;motiv;easy;298;0.0;14.532;17.606;12.221;3.074
sub-21_raw.fif;motiv;easy;299;1.0;9.231;0.253;4.954;-8.978
sub-21_raw.fif;motiv;easy;300;1.0;8.81;1.049;5.064;-7.761
sub-21_raw.fif;motiv;easy;301;1.0;5.783;-2.811;1.856;-8.593
sub-21_raw.fif;motiv;easy;302;1.0;6.184;3.01;3.053;-3.174
sub-21_raw.fif;motiv;easy;303;0.0;-8.084;-10.76;-10.579;-2.676
sub-21_raw.fif;motiv;easy;304;1.0;9.667;-5.234;5.511;-14.901
sub-21_raw.fif;motiv;easy;305;1.0;-3.604;5.823;-10.036;9.427
sub-21_raw.fif;motiv;hard;306;0.0;5.451;8.355;1.846;2.904
sub-21_raw.fif;motiv;hard;307;1.0;-1.363;-4.811;-4.471;-3.449
sub-21_raw.fif;motiv;hard;308;1.0;-0.999;5.447;-2.988;6.446
sub-21_raw.fif;motiv;hard;309;0.0;-0.27;-6.499;-3.526;-6.229
sub-21_raw.fif;motiv;hard;310;0.0;7.541;10.155;3.894;2.614
sub-21_raw.fif;motiv;hard;311;1.0;-1.916;-6.306;-6.333;-4.39
sub-21_raw.fif;motiv;hard;312;1.0;-5.806;2.386;-8.853;8.192
sub-21_raw.fif;motiv;hard;313;1.0;-7.106;0.509;-11.711;7.615
sub-21_raw.fif;motiv;hard;314;1.0;5.59;-4.42;-0.888;-10.009
sub-21_raw.fif;motiv;hard;315;0.0;0.839;-14.185;-3.84;-15.024
sub-21_raw.fif;motiv;hard;316;1.0;-7.178;7.752;-19.116;14.93
sub-21_raw.fif;motiv;hard;317;1.0;3.479;-6.926;-0.419;-10.405
sub-21_raw.fif;motiv;hard;318;1.0;4.903;0.853;1.793;-4.05
sub-21_raw.fif;motiv;hard;319;1.0;5.061;5.379;-5.208;0.319
sub-21_raw.fif;motiv;hard;320;0.0;10.134;22.161;6.976;12.028
sub-21_raw.fif;motiv;hard;321;1.0;-10.999;0.45;-12.682;11.449
sub-21_raw.fif;motiv;hard;322;1.0;-7.085;4.633;-9.033;11.718
sub-21_raw.fif;motiv;hard;323;1.0;-4.784;2.798;-6.805;7.582
sub-21_raw.fif;motiv;hard;324;1.0;-1.026;-5.695;-10.75;-4.669
sub-21_raw.fif;motiv;hard;325;1.0;10.994;-9.446;4.791;-20.44
sub-21_raw.fif;motiv;hard;326;1.0;-0.206;11.266;-5.363;11.471
sub-21_raw.fif;motiv;hard;327;1.0;7.363;5.307;3.214;-2.057
sub-21_raw.fif;motiv;hard;328;1.0;2.356;7.706;0.01;5.35
sub-21_raw.fif;motiv;hard;329;1.0;4.797;-6.37;-1.623;-11.167
sub-21_raw.fif;motiv;hard;330;1.0;9.791;-6.874;6.983;-16.665
sub-21_raw.fif;motiv;hard;331;1.0;0.497;9.495;-7.7;8.998
sub-21_raw.fif;motiv;hard;332;1.0;4.069;6.896;1.807;2.827
sub-21_raw.fif;motiv;hard;333;1.0;2.902;-0.248;-0.482;-3.149
sub-21_raw.fif;motiv;hard;334;1.0;9.449;-7.704;4.712;-17.153
sub-21_raw.fif;motiv;hard;335;1.0;5.048;3.716;2.815;-1.332
